physician_id,npi,first_name,last_name,specialty,territory_id,city,state,years_in_practice,medical_school,total_trx_2024,total_trx_2023,yoy_growth_pct,brand_trx,brand_share_pct,volume_decile,growth_decile,brand_decile,composite_score,tier,opportunity_score,priority_bucket,rank_in_terr
PH-0001,1838425135,Justin,Kim,Pulmonology,T-028,Cherylhaven,AL,7,"Montoya, Evans and Alvarado Medical School",17.0,13.0,30.76923076923077,11.0,64.70588235294117,5,8,10,7.4,Gold,9.0,B (Grow - Bi-weekly),11.0
PH-0002,2411824493,Jennifer,Harris,Geriatrics,T-012,Williamview,MH,34,Davis Group Medical School,1.0,8.0,-87.5,0.0,0.0,1,1,1,1.0,Bronze,1.0,D (Monitor - Quarterly),48.0
PH-0003,4005242786,Ann,Rodriguez,Cardiology,T-023,New Barry,MN,24,"Tran, Jordan and Williams Medical School",1475.0,1472.0,0.2038043478260869,657.0,44.54237288135594,10,6,9,8.5,Platinum,7.5,A (Protect - Weekly),2.0
PH-0004,5053315869,Kara,Frost,Pulmonology,T-040,Port Francisco,AS,22,Keith Inc Medical School,87.0,76.0,14.473684210526317,17.0,19.54022988505747,9,7,4,6.9,Silver,5.5,C (Retain - Monthly),18.0
PH-0005,2563421607,Jeffrey,Velasquez,Emergency Medicine,T-001,Baileybury,IN,35,Keller Group Medical School,4.0,11.0,-63.63636363636363,4.0,100.0,2,1,10,4.1,Bronze,5.5,D (Monitor - Quarterly),47.0
PH-0006,5414586850,Darrell,Waller,Cardiology,T-014,New Sydney,KS,3,Rodriguez Group Medical School,1.0,2.0,-50.0,1.0,100.0,1,1,10,3.7,Bronze,5.5,D (Monitor - Quarterly),29.0
PH-0007,5569816934,Bradley,Graham,Hematology,T-026,West Ryan,TN,14,Hanson-Alvarado Medical School,0.0,0.0,0.0,0.0,0.0,1,5,1,2.2,Bronze,3.0,D (Monitor - Quarterly),54.0
PH-0008,1484656482,James,Ortega,Family Practice,T-009,Byrdburgh,RI,15,"Turner, Kelley and Smith Medical School",1.0,3.0,-66.66666666666666,0.0,0.0,1,1,1,1.0,Bronze,1.0,D (Monitor - Quarterly),54.0
PH-0009,4369957773,William,Leon,Family Practice,T-013,Lake Christopher,NY,32,"Schultz, Rogers and Cardenas Medical School",30.0,37.0,-18.91891891891892,11.0,36.66666666666666,6,3,7,5.4,Bronze,5.0,D (Monitor - Quarterly),34.0
PH-0010,3433200379,Melissa,Jones,Neurology,T-032,Mercadoshire,ID,4,"Horton, Snyder and Sanchez Medical School",187.0,249.0,-24.89959839357429,53.0,28.34224598930481,10,3,6,6.7,Silver,4.5,C (Retain - Monthly),24.0
PH-0011,163287083,Samantha,Martinez,Emergency Medicine,T-023,Port Steven,NC,39,"Larson, Dodson and Vance Medical School",18.0,21.0,-14.285714285714285,4.0,22.22222222222222,5,3,4,4.1,Bronze,3.5,D (Monitor - Quarterly),58.0
PH-0012,9868727743,Mary,Ramirez,Family Practice,T-029,Simsview,NV,36,Reeves and Sons Medical School,134.0,110.0,21.818181818181817,43.0,32.08955223880597,9,8,6,7.8,Gold,7.0,A (Protect - Weekly),8.0
PH-0013,4558122362,Jasmine,Brown,Hospitalist,T-007,Riveramouth,MT,22,Clark Group Medical School,19.0,10.0,90.0,6.0,31.57894736842105,5,10,6,6.8,Silver,8.0,B (Grow - Bi-weekly),13.0
PH-0014,6909670546,Melissa,Ashley,Emergency Medicine,T-006,Medinaside,AS,28,"Hurst, Freeman and Nelson Medical School",47.0,59.0,-20.33898305084746,8.0,17.02127659574468,7,3,3,4.6,Bronze,3.0,C (Retain - Monthly),39.0
PH-0015,7065627298,Anthony,Long,Oncology,T-020,North Dawnberg,VI,30,White-Green Medical School,46.0,57.0,-19.29824561403509,12.0,26.08695652173913,7,3,5,5.2,Bronze,4.0,C (Retain - Monthly),33.0
PH-0016,5375564641,Thomas,Curry,Emergency Medicine,T-028,West Jeffreyland,WI,25,"Williams, Johnson and Wright Medical School",2.0,4.0,-50.0,0.0,0.0,2,1,1,1.4,Bronze,1.0,D (Monitor - Quarterly),56.0
PH-0017,923271937,Holly,Wang,Internal Medicine,T-033,New Catherine,WA,1,"Wilson, Weiss and Oconnell Medical School",14.0,10.0,40.0,4.0,28.57142857142857,4,9,6,6.1,Silver,7.5,B (Grow - Bi-weekly),24.0
PH-0018,1904966319,Hannah,Burton,Internal Medicine,T-013,Lake Kendraville,WY,3,"Patton, Reed and Patterson Medical School",51.0,45.0,13.333333333333334,14.0,27.450980392156865,8,7,5,6.800000000000001,Silver,6.0,A (Protect - Weekly),18.0
PH-0019,5185067165,Cynthia,Poole,Cardiology,T-008,South Gregory,NC,27,"Nelson, Morton and Medina Medical School",4.0,0.0,0.0,0.0,0.0,2,5,1,2.6,Bronze,3.0,D (Monitor - Quarterly),52.0
PH-0020,7769453147,John,Marshall,Family Practice,T-037,Rogersfort,PR,33,White-Lewis Medical School,11.0,15.0,-26.666666666666668,4.0,36.36363636363637,4,2,7,4.300000000000001,Bronze,4.5,D (Monitor - Quarterly),39.0
PH-0021,4549480831,John,Russell,Cardiology,T-024,Lake Thomas,VT,15,West-Smith Medical School,20.0,50.0,-60.0,4.0,20.0,5,1,4,3.5,Bronze,2.5,D (Monitor - Quarterly),46.0
PH-0022,4363495788,Maurice,Barajas,Internal Medicine,T-032,Michaelmouth,KY,32,King-Martinez Medical School,3772.0,3816.0,-1.1530398322851152,1390.0,36.85047720042417,10,5,7,7.6,Gold,6.0,A (Protect - Weekly),7.0
PH-0023,3518233749,Tiffany,Warren,Nephrology,T-012,Tinaborough,LA,39,Ward LLC Medical School,15.0,13.0,15.384615384615383,2.0,13.333333333333334,5,8,3,5.300000000000001,Bronze,5.5,D (Monitor - Quarterly),27.0
PH-0024,824008427,Curtis,Smith,Family Practice,T-037,Taylormouth,MA,17,Sheppard LLC Medical School,100.0,92.0,8.695652173913043,41.0,41.0,9,7,8,8.1,Platinum,7.5,A (Protect - Weekly),4.0
PH-0025,7116719022,Lisa,Avery,Internal Medicine,T-002,East Davidchester,PA,2,"Gibbs, Perez and Mills Medical School",23.0,14.0,64.28571428571429,12.0,52.17391304347826,6,9,9,7.799999999999999,Gold,9.0,B (Grow - Bi-weekly),11.0
PH-0026,7749649909,Susan,Garcia,Family Practice,T-023,Lake Jason,TN,37,Moore and Sons Medical School,115.0,71.0,61.97183098591549,44.0,38.26086956521739,9,9,8,8.7,Platinum,8.5,A (Protect - Weekly),1.0
PH-0027,8120679740,Jesse,Mann,Family Practice,T-001,Jonesbury,KS,19,"Lawrence, Lara and Gonzalez Medical School",47.0,34.0,38.23529411764706,18.0,38.297872340425535,7,9,8,7.9,Platinum,8.5,A (Protect - Weekly),6.0
PH-0028,1832421024,Brooke,Holloway,Pulmonology,T-026,Scottmouth,UT,32,Lyons-Bender Medical School,123.0,159.0,-22.641509433962263,23.0,18.69918699186992,9,3,4,5.7,Bronze,3.5,C (Retain - Monthly),36.0
PH-0029,8877190659,John,Davis,Nephrology,T-004,Port Emilyview,OK,11,Hines and Sons Medical School,21.0,7.0,200.0,10.0,47.61904761904761,5,10,9,7.699999999999999,Gold,9.5,B (Grow - Bi-weekly),10.0
PH-0030,7874296717,Michael,Cook,Family Practice,T-017,Port Eugenechester,UT,38,Roberts-Landry Medical School,30.0,45.0,-33.33333333333333,9.0,30.0,6,2,6,4.800000000000001,Bronze,4.0,D (Monitor - Quarterly),48.0
PH-0031,8071545168,Mallory,Smith,Family Practice,T-034,Gutierrezborough,NC,6,Dean-Jimenez Medical School,43.0,47.0,-8.51063829787234,16.0,37.2093023255814,7,4,7,6.1,Silver,5.5,C (Retain - Monthly),30.0
PH-0032,7034824771,Anthony,Mccoy,Family Practice,T-016,Lake Eric,OH,33,Tran Inc Medical School,17.0,21.0,-19.047619047619047,7.0,41.17647058823529,5,3,8,5.3,Bronze,5.5,D (Monitor - Quarterly),20.0
PH-0033,3171274846,Mary,Baird,Internal Medicine,T-006,South Andrea,MS,16,Weeks PLC Medical School,1.0,5.0,-80.0,0.0,0.0,1,1,1,1.0,Bronze,1.0,D (Monitor - Quarterly),52.0
PH-0034,2146584044,Mary,Carpenter,Cardiology,T-020,Grimesmouth,ND,36,Reed-Arnold Medical School,0.0,0.0,0.0,0.0,0.0,1,5,1,2.2,Bronze,3.0,D (Monitor - Quarterly),53.0
PH-0035,8675339636,Bradley,Garner,Cardiology,T-003,Hughesberg,NM,19,Martinez PLC Medical School,0.0,0.0,0.0,0.0,0.0,1,5,1,2.2,Bronze,3.0,D (Monitor - Quarterly),45.0
PH-0036,5171870262,Charles,Harrington,Family Practice,T-007,Matthewfurt,SD,33,Christian Ltd Medical School,149.0,163.0,-8.588957055214724,60.0,40.26845637583892,9,4,8,7.199999999999999,Gold,6.0,A (Protect - Weekly),9.0
PH-0037,8657809134,Wendy,Francis,Family Practice,T-039,Goodville,NV,18,Benson Inc Medical School,8.0,9.0,-11.11111111111111,0.0,0.0,3,4,1,2.7,Bronze,2.5,D (Monitor - Quarterly),41.0
PH-0038,504556238,Robert,Maldonado,Oncology,T-011,East Gregory,RI,28,Harvey-Allen Medical School,5.0,5.0,0.0,2.0,40.0,2,5,8,4.699999999999999,Bronze,6.5,B (Grow - Bi-weekly),35.0
PH-0039,9237474074,Erica,Moore,Rheumatology,T-023,Landryshire,ME,31,"Hayden, Vaughn and Bryant Medical School",57.0,53.0,7.547169811320755,17.0,29.82456140350877,8,7,6,7.1000000000000005,Gold,6.5,A (Protect - Weekly),18.0
PH-0040,4367136959,Kenneth,Lyons,Geriatrics,T-035,Port Dominiqueview,AL,7,"Grimes, Osborne and Beltran Medical School",10.0,9.0,11.11111111111111,0.0,0.0,4,7,1,4.0,Bronze,4.0,D (Monitor - Quarterly),46.0
PH-0041,9743953394,Erica,Le,Pulmonology,T-026,Lake Colton,SC,2,"Williams, Kramer and Johnson Medical School",17.0,21.0,-19.047619047619047,2.0,11.76470588235294,5,3,3,3.8,Bronze,3.0,D (Monitor - Quarterly),47.0
PH-0042,5214562328,Nancy,Diaz,General Practice,T-012,Mariaview,PW,5,Coffey-Phillips Medical School,2.0,5.0,-60.0,0.0,0.0,2,1,1,1.4,Bronze,1.0,D (Monitor - Quarterly),46.0
PH-0043,5171236851,Krystal,Smith,Emergency Medicine,T-009,South Miguelview,OR,35,Carson-Bentley Medical School,376.0,379.0,-0.79155672823219,102.0,27.127659574468083,10,5,5,7.0,Gold,5.0,C (Retain - Monthly),10.0
PH-0044,1370985931,Cynthia,Marshall,Gastroenterology,T-016,Debraville,DC,3,Shah LLC Medical School,98.0,105.0,-6.666666666666667,29.0,29.59183673469388,9,4,6,6.6,Silver,5.0,C (Retain - Monthly),13.0
PH-0045,7113826758,Robert,Newton,Geriatrics,T-033,South Diana,MP,24,Gilbert-Crosby Medical School,118.0,113.0,4.424778761061947,23.0,19.491525423728813,9,7,4,6.9,Silver,5.5,C (Retain - Monthly),10.0
PH-0046,4053773515,Amy,Levine,Geriatrics,T-008,Bruceview,ID,36,Rush Group Medical School,12.0,14.0,-14.285714285714285,3.0,25.0,4,3,5,4.0,Bronze,4.0,D (Monitor - Quarterly),41.0
PH-0047,1390053293,Casey,Hubbard,Emergency Medicine,T-020,New Jason,VI,35,Murphy and Sons Medical School,46.0,72.0,-36.11111111111111,9.0,19.565217391304348,7,2,4,4.6000000000000005,Bronze,3.0,C (Retain - Monthly),40.0
PH-0048,9042284210,David,Howard,Family Practice,T-025,New Mario,HI,35,Williams-Harmon Medical School,4.0,2.0,100.0,1.0,25.0,2,10,5,5.3,Bronze,7.5,B (Grow - Bi-weekly),29.0
PH-0049,8117758917,William,Dougherty,General Practice,T-018,Lake Kristahaven,ME,18,Schneider-Johnson Medical School,0.0,0.0,0.0,0.0,0.0,1,5,1,2.2,Bronze,3.0,D (Monitor - Quarterly),50.0
PH-0050,7661771159,Eddie,Martinez,Family Practice,T-035,Oscarhaven,LA,16,Wagner-Jordan Medical School,0.0,0.0,0.0,0.0,0.0,1,5,1,2.2,Bronze,3.0,D (Monitor - Quarterly),55.0
PH-0051,1836736576,Robert,Davis,General Practice,T-036,Edwardsview,MN,33,Mcdaniel Group Medical School,18.0,35.0,-48.57142857142857,5.0,27.77777777777778,5,1,5,3.8,Bronze,3.0,D (Monitor - Quarterly),43.0
PH-0052,1111615280,Brenda,Hoffman,Cardiology,T-014,Elizabethchester,MI,21,"Pugh, Henderson and Moon Medical School",21.0,29.0,-27.58620689655172,11.0,52.38095238095239,5,2,9,5.3,Bronze,5.5,D (Monitor - Quarterly),24.0
PH-0053,494519832,Diane,Walker,Internal Medicine,T-008,West Meganstad,DE,7,Andrews-Aguirre Medical School,30.0,22.0,36.36363636363637,14.0,46.66666666666666,6,9,9,7.799999999999999,Gold,9.0,B (Grow - Bi-weekly),6.0
PH-0054,8998094024,Jacqueline,Parker,Gastroenterology,T-033,Michaelburgh,VI,12,Knight Group Medical School,0.0,0.0,0.0,0.0,0.0,1,5,1,2.2,Bronze,3.0,D (Monitor - Quarterly),47.0
PH-0055,1201836675,Eric,Collins,Endocrinology,T-022,Kimberlyshire,PA,22,Ware and Sons Medical School,13.0,14.0,-7.142857142857142,4.0,30.76923076923077,4,4,6,4.6,Bronze,5.0,D (Monitor - Quarterly),37.0
PH-0056,2901476797,Robert,Lewis,Internal Medicine,T-038,West Russellport,TX,38,"Watkins, Rose and Parker Medical School",54.0,70.0,-22.857142857142858,15.0,27.77777777777778,8,3,5,5.6,Bronze,4.0,C (Retain - Monthly),23.0
PH-0057,3690034324,Keith,Wilson,Family Practice,T-008,Burgessburgh,DC,27,Patel-Hall Medical School,22.0,19.0,15.789473684210526,8.0,36.36363636363637,6,8,7,6.9,Silver,7.5,B (Grow - Bi-weekly),17.0
PH-0058,8516060715,Barbara,Berry,Family Practice,T-021,Robertsfurt,AK,30,Jackson-Meza Medical School,59.0,73.0,-19.17808219178082,20.0,33.89830508474576,8,3,7,6.199999999999999,Silver,5.0,C (Retain - Monthly),22.0
PH-0059,7516136968,Christian,Harrell,Neurology,T-033,Jeffreyburgh,CA,5,"Schultz, Schmidt and Lee Medical School",7.0,5.0,40.0,0.0,0.0,3,9,1,4.2,Bronze,5.0,D (Monitor - Quarterly),40.0
PH-0060,5523124329,Eric,Malone,Internal Medicine,T-019,East Stephaniefort,NH,4,"Wolf, Cole and Glass Medical School",80.0,98.0,-18.367346938775512,29.0,36.25,8,3,7,6.199999999999999,Silver,5.0,C (Retain - Monthly),32.0
PH-0061,9955271774,Laura,Vargas,Cardiology,T-017,Williamport,NH,28,Johnson-Wood Medical School,42.0,42.0,0.0,27.0,64.28571428571429,7,5,10,7.300000000000001,Gold,7.5,A (Protect - Weekly),15.0
PH-0062,4119986798,Stephanie,Stevenson,Family Practice,T-006,South Reginashire,SD,35,Morris Group Medical School,6.0,7.0,-14.285714285714285,4.0,66.66666666666666,3,3,10,5.1,Bronze,6.5,B (Grow - Bi-weekly),34.0
PH-0063,8207151820,John,Kim,Rheumatology,T-037,Warrenburgh,MN,24,Hardin-Hughes Medical School,4.0,7.0,-42.85714285714285,0.0,0.0,2,1,1,1.4,Bronze,1.0,D (Monitor - Quarterly),57.0
PH-0064,5905151864,Johnathan,York,Family Practice,T-031,West Christopher,TN,35,Rangel LLC Medical School,46.0,44.0,4.545454545454546,18.0,39.130434782608695,7,7,8,7.300000000000001,Gold,7.5,A (Protect - Weekly),8.0
PH-0065,6291486528,Clarence,Santiago,General Practice,T-021,Andrewport,HI,32,Peterson Group Medical School,73.0,111.0,-34.23423423423424,15.0,20.54794520547945,8,2,4,5.0,Bronze,3.0,C (Retain - Monthly),35.0
PH-0066,3322141888,Benjamin,Rogers,Geriatrics,T-003,New Nicholas,GA,18,Guerra PLC Medical School,20.0,10.0,100.0,2.0,10.0,5,10,3,5.9,Silver,6.5,B (Grow - Bi-weekly),28.0
PH-0067,2706537947,Jesus,Allen,Nephrology,T-031,Mckeeborough,MN,3,"Valentine, Joyce and Murray Medical School",9.0,5.0,80.0,0.0,0.0,3,10,1,4.5,Bronze,5.5,D (Monitor - Quarterly),37.0
PH-0068,4688623924,Brett,Castillo,Nephrology,T-024,Angelaville,VT,32,"Rosales, Mitchell and Hines Medical School",118.0,108.0,9.25925925925926,26.0,22.033898305084744,9,7,4,6.9,Silver,5.5,C (Retain - Monthly),9.0
PH-0069,4782613750,Robert,Sanders,Pulmonology,T-023,Joeland,MN,2,Johnson Inc Medical School,32.0,45.0,-28.88888888888889,17.0,53.125,6,2,10,6.0,Silver,6.0,B (Grow - Bi-weekly),31.0
PH-0070,5220472779,Adam,Miller,Internal Medicine,T-002,Jasonberg,OH,26,"Lynch, Henderson and Parsons Medical School",17.0,23.0,-26.08695652173913,7.0,41.17647058823529,5,2,8,5.0,Bronze,5.0,D (Monitor - Quarterly),41.0
PH-0071,3410369711,Mary,Porter,Rheumatology,T-033,Lake Zacharybury,VT,9,Carter Inc Medical School,21.0,15.0,40.0,6.0,28.57142857142857,5,9,6,6.499999999999999,Silver,7.5,B (Grow - Bi-weekly),20.0
PH-0072,9539621851,Stephanie,Stephens,Gastroenterology,T-039,South Morganton,SC,29,Zavala-King Medical School,6.0,4.0,50.0,0.0,0.0,3,9,1,4.2,Bronze,5.0,D (Monitor - Quarterly),34.0
PH-0073,515319520,Michael,Morgan,Internal Medicine,T-026,Port Kimberly,NH,35,"Mendoza, White and Taylor Medical School",46.0,34.0,35.294117647058826,18.0,39.130434782608695,7,9,8,7.9,Platinum,8.5,A (Protect - Weekly),11.0
PH-0074,7043030548,Raymond,Ochoa,Internal Medicine,T-024,Kingborough,LA,13,Atkins-Williams Medical School,18.0,8.0,125.0,6.0,33.33333333333333,5,10,7,7.1,Gold,8.5,B (Grow - Bi-weekly),8.0
PH-0075,5415667652,Tyler,Jimenez,Cardiology,T-007,Lauriechester,CO,36,Morrison-Short Medical School,4081.0,3943.0,3.499873193000254,1816.0,44.498897329086006,10,7,9,8.799999999999999,Platinum,8.0,A (Protect - Weekly),2.0
PH-0076,8451154479,Jennifer,Jackson,Oncology,T-001,Bellton,VA,8,Mendez-Graham Medical School,16.0,15.0,6.666666666666667,4.0,25.0,5,7,5,5.6,Bronze,6.0,B (Grow - Bi-weekly),36.0
PH-0077,165820297,Austin,Jones,Gastroenterology,T-016,Michaelshire,AZ,14,"Hernandez, Cole and Watson Medical School",20.0,21.0,-4.761904761904762,5.0,25.0,5,4,5,4.7,Bronze,4.5,D (Monitor - Quarterly),23.0
PH-0078,7192856543,Susan,Johnson,Emergency Medicine,T-023,South April,PW,15,"Wilson, Hampton and Padilla Medical School",23.0,29.0,-20.689655172413797,4.0,17.391304347826086,6,3,3,4.2,Bronze,3.0,D (Monitor - Quarterly),56.0
PH-0079,3947312172,Rachel,Wallace,Family Practice,T-002,Port Evelynmouth,TN,32,Mckinney-Pierce Medical School,236.0,247.0,-4.453441295546559,80.0,33.89830508474576,10,4,7,7.300000000000001,Gold,5.5,C (Retain - Monthly),14.0
PH-0080,4422583132,Joel,Snyder,Nephrology,T-022,Angelastad,NH,25,"Anderson, Henson and Jones Medical School",74.0,75.0,-1.3333333333333337,22.0,29.72972972972973,8,5,6,6.5,Silver,5.5,C (Retain - Monthly),23.0
PH-0081,6786691251,Shannon,Frazier,Internal Medicine,T-022,Davidside,SC,22,"White, Burch and Reynolds Medical School",22.0,21.0,4.761904761904762,13.0,59.09090909090909,6,7,10,7.5,Gold,8.5,B (Grow - Bi-weekly),6.0
PH-0082,182422535,Stacey,Stone,Internal Medicine,T-006,Meghanview,ID,15,"Huber, Hill and Weber Medical School",45.0,70.0,-35.714285714285715,11.0,24.444444444444443,7,2,5,4.9,Bronze,3.5,C (Retain - Monthly),37.0
PH-0083,9818299229,Jennifer,Jacobs,Family Practice,T-037,Port Michelleland,AZ,33,"Wise, Baker and Clark Medical School",27.0,40.0,-32.5,10.0,37.03703703703704,6,2,7,5.1000000000000005,Bronze,4.5,D (Monitor - Quarterly),35.0
PH-0084,9690784473,Linda,Cohen,Oncology,T-005,Shawnton,GA,39,Perry-Marshall Medical School,19.0,19.0,0.0,3.0,15.789473684210526,5,5,3,4.4,Bronze,4.0,D (Monitor - Quarterly),42.0
PH-0085,5925556258,Anna,Flores,Cardiology,T-032,Martinezmouth,IA,30,Davis LLC Medical School,11.0,3.0,266.66666666666663,1.0,9.090909090909092,4,10,3,5.5,Bronze,6.5,B (Grow - Bi-weekly),35.0
PH-0086,6963259532,Tyrone,Robertson,Endocrinology,T-040,Kochfort,AK,16,Landry PLC Medical School,13.0,18.0,-27.77777777777778,4.0,30.76923076923077,4,2,6,4.0,Bronze,4.0,D (Monitor - Quarterly),42.0
PH-0087,7339500479,Nicole,Pena,General Practice,T-030,Mitchelltown,PR,19,Jordan LLC Medical School,11.0,4.0,175.0,0.0,0.0,4,10,1,4.9,Bronze,5.5,D (Monitor - Quarterly),33.0
PH-0088,5650609835,Angela,Jones,Oncology,T-019,Duranview,GU,28,"Becker, Wilson and Hester Medical School",191.0,175.0,9.142857142857142,49.0,25.654450261780102,10,7,5,7.6,Gold,6.0,A (Protect - Weekly),13.0
PH-0089,6558523986,Vincent,Williams,Rheumatology,T-026,Lake Mason,NJ,37,"Bryant, Obrien and Robertson Medical School",7.0,12.0,-41.66666666666667,0.0,0.0,3,1,1,1.8000000000000005,Bronze,1.0,D (Monitor - Quarterly),59.0
PH-0090,5952694958,Maria,Patel,Internal Medicine,T-023,Thomastown,MN,9,Nunez-Whitney Medical School,398.0,384.0,3.6458333333333335,153.0,38.44221105527638,10,7,8,8.5,Platinum,7.5,A (Protect - Weekly),3.0
PH-0091,9409749930,Brandy,Jackson,Pulmonology,T-001,Hernandezbury,AZ,1,"Vaughan, Rodriguez and Smith Medical School",23.0,20.0,15.0,8.0,34.78260869565217,6,8,7,6.9,Silver,7.5,B (Grow - Bi-weekly),19.0
PH-0092,5626368970,Janice,Stone,Family Practice,T-032,Whitneyfort,NC,25,Edwards-Thompson Medical School,46.0,42.0,9.523809523809524,24.0,52.17391304347826,7,7,9,7.6,Gold,8.0,A (Protect - Weekly),8.0
PH-0093,8585497334,Angela,Walker,Pulmonology,T-001,Kellieborough,UT,16,"Burns, Castillo and Castro Medical School",31.0,18.0,72.22222222222221,19.0,61.29032258064516,6,9,10,8.1,Platinum,9.5,B (Grow - Bi-weekly),3.0
PH-0094,4419866524,Bobby,Moses,Endocrinology,T-005,West Sandraview,WA,22,Lewis-Clayton Medical School,0.0,0.0,0.0,0.0,0.0,1,5,1,2.2,Bronze,3.0,D (Monitor - Quarterly),52.0
PH-0095,4842199330,Elizabeth,Schmidt,Rheumatology,T-003,North Craig,MA,12,"Kennedy, Maldonado and Taylor Medical School",10.0,14.0,-28.57142857142857,2.0,20.0,4,2,4,3.4000000000000004,Bronze,3.0,D (Monitor - Quarterly),39.0
PH-0096,8267734540,Rebecca,Davis,Nephrology,T-037,New Joanne,PR,22,Gentry and Sons Medical School,0.0,0.0,0.0,0.0,0.0,1,5,1,2.2,Bronze,3.0,D (Monitor - Quarterly),54.0
PH-0097,6206724004,Ashley,Rodriguez,Cardiology,T-014,Justinside,NC,28,Small-Anderson Medical School,49.0,44.0,11.363636363636363,22.0,44.89795918367347,7,7,9,7.6,Gold,8.0,A (Protect - Weekly),8.0
PH-0098,8743152742,Alexis,Rogers,Cardiology,T-030,Ashleyborough,HI,5,"Chase, Prince and Wilcox Medical School",37.0,16.0,131.25,19.0,51.35135135135135,7,10,9,8.5,Platinum,9.5,A (Protect - Weekly),4.0
PH-0099,8516122753,Adam,Reyes,Family Practice,T-026,Molinamouth,ME,26,"Sharp, Smith and Valdez Medical School",70.0,91.0,-23.07692307692308,30.0,42.85714285714285,8,3,8,6.5,Silver,5.5,C (Retain - Monthly),30.0
PH-0100,3017426841,Danielle,Shepard,Family Practice,T-039,Christinabury,DC,36,Hernandez-Adkins Medical School,1.0,9.0,-88.88888888888889,0.0,0.0,1,1,1,1.0,Bronze,1.0,D (Monitor - Quarterly),50.0
PH-0101,9568783391,Alicia,Rice,Internal Medicine,T-030,Christianshire,DE,37,Poole PLC Medical School,7.0,3.0,133.33333333333331,3.0,42.85714285714285,3,10,8,6.6,Silver,9.0,B (Grow - Bi-weekly),16.0
PH-0102,3982258713,Jennifer,Burns,Family Practice,T-010,Stokesmouth,DC,5,"Perry, Elliott and Hansen Medical School",19.0,13.0,46.15384615384615,5.0,26.31578947368421,5,9,5,6.199999999999999,Silver,7.0,B (Grow - Bi-weekly),23.0
PH-0103,4064039106,Melvin,Brown,Emergency Medicine,T-031,North Valeriefort,AZ,10,Ortiz-Mack Medical School,240.0,206.0,16.50485436893204,72.0,30.0,10,8,6,8.2,Platinum,7.0,A (Protect - Weekly),2.0
PH-0104,6567661825,David,Haney,Neurology,T-032,Ricebury,MP,1,Avila LLC Medical School,43.0,44.0,-2.272727272727273,7.0,16.27906976744186,7,4,3,4.9,Bronze,3.5,C (Retain - Monthly),39.0
PH-0105,7868633752,Joshua,Pineda,Endocrinology,T-004,North Lisachester,RI,16,Allen Inc Medical School,14.0,14.0,0.0,0.0,0.0,4,5,1,3.4,Bronze,3.0,D (Monitor - Quarterly),46.0
PH-0106,1907903067,Jimmy,Robinson,Cardiology,T-002,East Williamport,IN,28,"Johnston, Ray and Barton Medical School",35.0,26.0,34.61538461538461,15.0,42.85714285714285,7,9,8,7.9,Platinum,8.5,A (Protect - Weekly),3.0
PH-0107,5342836440,Angela,Vargas,Nephrology,T-027,Lake Erika,OH,20,Williams-Cooper Medical School,1.0,0.0,0.0,1.0,100.0,1,5,10,4.9,Bronze,7.5,B (Grow - Bi-weekly),30.0
PH-0108,6856624628,Thomas,Atkinson,Nephrology,T-035,Meredithberg,AS,33,Melendez-Hart Medical School,867.0,935.0,-7.272727272727272,216.0,24.91349480968858,10,4,5,6.7,Silver,4.5,C (Retain - Monthly),19.0
PH-0109,6882634351,Sandra,Boone,Family Practice,T-037,New Jennyborough,AR,12,Bennett-Jacobs Medical School,61.0,36.0,69.44444444444444,29.0,47.540983606557376,8,9,9,8.6,Platinum,9.0,A (Protect - Weekly),2.0
PH-0110,139837354,Susan,Smith,Family Practice,T-033,Lake David,WV,40,Rocha-Dominguez Medical School,11.0,12.0,-8.333333333333332,3.0,27.27272727272727,4,4,5,4.3,Bronze,4.5,D (Monitor - Quarterly),39.0
PH-0111,3638546785,Kyle,Ward,Emergency Medicine,T-029,Owensfort,WV,13,Rocha-Wood Medical School,21.0,28.0,-25.0,4.0,19.047619047619047,5,2,4,3.8,Bronze,3.0,D (Monitor - Quarterly),47.0
PH-0112,6093204899,Jennifer,Phillips,Internal Medicine,T-002,West Jerry,OK,35,Porter Ltd Medical School,2.0,3.0,-33.33333333333333,1.0,50.0,2,2,9,4.1,Bronze,5.5,D (Monitor - Quarterly),50.0
PH-0113,5477725228,Tracy,Stark,Family Practice,T-026,New Arthurland,GU,8,"Williams, Smith and Taylor Medical School",546.0,548.0,-0.364963503649635,186.0,34.065934065934066,10,5,7,7.6,Gold,6.0,A (Protect - Weekly),12.0
PH-0114,3120387509,Dana,Peck,Family Practice,T-010,Hopkinstown,AL,26,"Arnold, Smith and Moreno Medical School",9.0,2.0,350.0,2.0,22.22222222222222,3,10,4,5.4,Bronze,7.0,B (Grow - Bi-weekly),30.0
PH-0115,4840862118,Eduardo,Lee,Family Practice,T-007,Lisaview,WY,4,Miller-Chung Medical School,43.0,46.0,-6.521739130434782,13.0,30.23255813953488,7,4,6,5.8,Bronze,5.0,C (Retain - Monthly),28.0
PH-0116,7933410166,Nicholas,Alvarez,Gastroenterology,T-011,Lake Georgefort,PR,29,Newman-Rivera Medical School,5.0,7.0,-28.57142857142857,0.0,0.0,2,2,1,1.7,Bronze,1.5,D (Monitor - Quarterly),45.0
PH-0117,1803397401,Gabrielle,Ramirez,Cardiology,T-025,East Sarahmouth,AK,21,Matthews Ltd Medical School,72.0,70.0,2.857142857142857,30.0,41.66666666666667,8,7,8,7.700000000000001,Gold,7.5,A (Protect - Weekly),9.0
PH-0118,6142939685,Patrick,Singh,Hospitalist,T-036,New Juliestad,AR,10,Kim Inc Medical School,69.0,61.0,13.114754098360656,17.0,24.637681159420293,8,7,5,6.800000000000001,Silver,6.0,A (Protect - Weekly),14.0
PH-0119,5999650477,Jeremy,Tran,Family Practice,T-024,Reynoldsshire,TN,35,Miller-Montgomery Medical School,52.0,42.0,23.809523809523807,19.0,36.53846153846153,8,8,7,7.699999999999999,Gold,7.5,A (Protect - Weekly),5.0
PH-0120,3114262655,Daniel,Smith,General Practice,T-036,Seanview,CT,18,Miller Group Medical School,30.0,27.0,11.11111111111111,5.0,16.666666666666664,6,7,3,5.4,Bronze,5.0,D (Monitor - Quarterly),32.0
PH-0121,7888610158,Christopher,George,Internal Medicine,T-032,Michelletown,LA,24,Hughes-Miller Medical School,174.0,193.0,-9.844559585492227,72.0,41.37931034482759,10,4,8,7.6,Gold,6.0,A (Protect - Weekly),9.0
PH-0122,8398262244,Joseph,Thomas,Geriatrics,T-032,South Joshua,ME,37,Patton-Ward Medical School,0.0,0.0,0.0,0.0,0.0,1,5,1,2.2,Bronze,3.0,D (Monitor - Quarterly),58.0
PH-0123,3799371240,Stacy,Cook,Internal Medicine,T-013,Brockmouth,NV,23,Jordan-Colon Medical School,5.0,20.0,-75.0,2.0,40.0,2,1,8,3.5,Bronze,4.5,D (Monitor - Quarterly),55.0
PH-0124,9245937526,Tanya,Carter,Rheumatology,T-030,Faulknerbury,MD,17,Ramirez-Hartman Medical School,2.0,5.0,-60.0,1.0,50.0,2,1,9,3.8,Bronze,5.0,D (Monitor - Quarterly),43.0
PH-0125,5193982807,Sherry,Clark,Endocrinology,T-020,Marieland,GU,25,Chambers-Taylor Medical School,1107.0,1106.0,0.0904159132007233,240.0,21.680216802168022,10,6,4,7.0,Gold,5.0,C (Retain - Monthly),13.0
PH-0126,4342661797,Brandi,Ferguson,Family Practice,T-019,Stephensstad,UT,36,"Wheeler, Rocha and Rodriguez Medical School",20.0,7.0,185.7142857142857,6.0,30.0,5,10,6,6.8,Silver,8.0,B (Grow - Bi-weekly),26.0
PH-0127,3529096561,Alex,Green,Cardiology,T-019,South Neil,NH,12,"Chapman, Mason and Cooper Medical School",91.0,77.0,18.181818181818183,45.0,49.45054945054945,9,8,9,8.7,Platinum,8.5,A (Protect - Weekly),2.0
PH-0128,714611254,Matthew,Mueller,Family Practice,T-028,Baileyville,NV,14,"Horton, Flores and Evans Medical School",64.0,61.0,4.918032786885246,26.0,40.625,8,7,8,7.700000000000001,Gold,7.5,A (Protect - Weekly),7.0
PH-0129,1051238282,Mark,Simmons,Pulmonology,T-019,Hallfurt,SC,16,Lopez Ltd Medical School,4.0,6.0,-33.33333333333333,0.0,0.0,2,2,1,1.7,Bronze,1.5,D (Monitor - Quarterly),64.0
PH-0130,6609379660,Janet,Harris,Family Practice,T-035,New Cristianside,HI,12,Nguyen-Ellis Medical School,10.0,6.0,66.66666666666666,4.0,40.0,4,9,8,6.699999999999999,Silver,8.5,B (Grow - Bi-weekly),20.0
PH-0131,4785969691,Michael,Bruce,Family Practice,T-021,Port Emily,AS,36,Sellers-Lawrence Medical School,15.0,6.0,150.0,4.0,26.666666666666668,5,10,5,6.5,Silver,7.5,B (Grow - Bi-weekly),20.0
PH-0132,2513412528,Paul,Carlson,Hospitalist,T-016,Hendersonfort,SC,39,"Steele, Brewer and Cooke Medical School",15.0,19.0,-21.052631578947366,7.0,46.66666666666666,5,3,9,5.6,Bronze,6.0,B (Grow - Bi-weekly),18.0
PH-0133,8274225790,Michelle,Crane,Cardiology,T-039,Taylorfurt,OH,14,"Delgado, Ortiz and Vasquez Medical School",10.0,11.0,-9.090909090909092,5.0,50.0,4,4,9,5.5,Bronze,6.5,B (Grow - Bi-weekly),24.0
PH-0134,7721903404,Jeffrey,Roberts,Endocrinology,T-005,Cunninghamfort,OH,35,"Wilson, Wilson and Hampton Medical School",0.0,0.0,0.0,0.0,0.0,1,5,1,2.2,Bronze,3.0,D (Monitor - Quarterly),53.0
PH-0135,5807836134,Nancy,Johnson,Emergency Medicine,T-011,Michaelland,NV,18,Rowe and Sons Medical School,109.0,148.0,-26.351351351351347,22.0,20.18348623853211,9,2,4,5.4,Bronze,3.0,C (Retain - Monthly),29.0
PH-0136,3959629233,Linda,Hudson,Hospitalist,T-009,Candiceburgh,MD,10,"Carter, Armstrong and Farley Medical School",390.0,444.0,-12.162162162162163,108.0,27.692307692307693,10,3,5,6.4,Silver,4.0,C (Retain - Monthly),16.0
PH-0137,8126042232,Jennifer,Poole,Oncology,T-017,Burnsshire,SC,38,Burton-Brooks Medical School,13.0,13.0,0.0,5.0,38.46153846153847,4,5,8,5.5,Bronze,6.5,B (Grow - Bi-weekly),43.0
PH-0138,1168457759,Aaron,Schroeder,Cardiology,T-013,Lake Teresastad,PR,40,Flynn Group Medical School,19.0,15.0,26.666666666666668,9.0,47.368421052631575,5,8,9,7.1,Gold,8.5,B (Grow - Bi-weekly),15.0
PH-0139,3637454589,David,Phelps,Cardiology,T-027,Patriciaton,AZ,2,Sims Group Medical School,0.0,0.0,0.0,0.0,0.0,1,5,1,2.2,Bronze,3.0,D (Monitor - Quarterly),41.0
PH-0140,127706324,Erik,Cantu,Cardiology,T-037,Clarencestad,KS,38,Watson Ltd Medical School,53.0,66.0,-19.696969696969692,27.0,50.943396226415096,8,3,9,6.799999999999999,Silver,6.0,A (Protect - Weekly),21.0
PH-0141,2064361103,Thomas,Anderson,General Practice,T-001,New Erin,AL,22,Dominguez Inc Medical School,87.0,93.0,-6.451612903225806,12.0,13.79310344827586,9,4,3,5.699999999999999,Bronze,3.5,C (Retain - Monthly),35.0
PH-0142,6271361115,Michael,Evans,Oncology,T-007,Ayalaberg,SD,25,"Thomas, Moreno and Smith Medical School",3.0,3.0,0.0,0.0,0.0,2,5,1,2.6,Bronze,3.0,D (Monitor - Quarterly),48.0
PH-0143,2753269731,Peggy,Taylor,Nephrology,T-036,New Jessicastad,NE,6,Moody-Wright Medical School,1.0,8.0,-87.5,0.0,0.0,1,1,1,1.0,Bronze,1.0,D (Monitor - Quarterly),62.0
PH-0144,1389994043,April,Hicks,Gastroenterology,T-019,Phillipston,WY,39,Simpson Inc Medical School,77.0,69.0,11.594202898550725,29.0,37.66233766233766,8,7,8,7.700000000000001,Gold,7.5,A (Protect - Weekly),12.0
PH-0145,3791805526,Michelle,Carroll,Family Practice,T-026,Amyburgh,WV,19,Best-Townsend Medical School,42.0,35.0,20.0,15.0,35.714285714285715,7,8,7,7.300000000000001,Gold,7.5,A (Protect - Weekly),17.0
PH-0146,910430068,Justin,Marquez,Cardiology,T-003,Hendersonfurt,CO,13,"Herrera, Jensen and Ramirez Medical School",0.0,0.0,0.0,0.0,0.0,1,5,1,2.2,Bronze,3.0,D (Monitor - Quarterly),46.0
PH-0147,4183285691,Kyle,Kim,Family Practice,T-020,North John,NE,28,Chavez PLC Medical School,43.0,36.0,19.444444444444446,13.0,30.23255813953488,7,8,6,7.0,Gold,7.0,A (Protect - Weekly),14.0
PH-0148,421020275,Alexandra,Logan,Hematology,T-039,Garyberg,WA,1,Quinn-Wilson Medical School,5.0,10.0,-50.0,5.0,100.0,2,1,10,4.1,Bronze,5.5,D (Monitor - Quarterly),35.0
PH-0149,564814917,Spencer,Ward,Pulmonology,T-028,Villarrealburgh,MN,25,Scott Inc Medical School,20.0,6.0,233.33333333333331,10.0,50.0,5,10,9,7.699999999999999,Gold,9.5,B (Grow - Bi-weekly),8.0
PH-0150,9138000307,Michael,Mora,Geriatrics,T-038,Port Austin,AS,6,"Yang, Barnes and Morris Medical School",61.0,66.0,-7.575757575757576,12.0,19.672131147540984,8,4,4,5.6000000000000005,Bronze,4.0,C (Retain - Monthly),22.0
PH-0151,6541951802,Jeffrey,Black,Oncology,T-032,South Caseymouth,VI,21,Ayala-Collins Medical School,81.0,79.0,2.5316455696202533,27.0,33.33333333333333,8,6,7,7.1,Gold,6.5,A (Protect - Weekly),16.0
PH-0152,1870534949,John,Richardson,Cardiology,T-021,Cuevasborough,VA,11,"Hodges, Sanchez and Smith Medical School",14.0,26.0,-46.15384615384615,10.0,71.42857142857143,4,1,10,4.9,Bronze,5.5,D (Monitor - Quarterly),36.0
PH-0153,6038505064,Dalton,Moreno,Emergency Medicine,T-036,South Travis,AR,35,Dawson Inc Medical School,263.0,318.0,-17.29559748427673,75.0,28.51711026615969,10,3,6,6.7,Silver,4.5,C (Retain - Monthly),18.0
PH-0154,386571918,Dennis,Wilkins,Gastroenterology,T-018,New Ashleychester,TN,14,Young LLC Medical School,11.0,12.0,-8.333333333333332,3.0,27.27272727272727,4,4,5,4.3,Bronze,4.5,D (Monitor - Quarterly),38.0
PH-0155,5655743132,Kimberly,Richards,Internal Medicine,T-001,North Frank,NH,3,Russell-Herrera Medical School,86.0,79.0,8.860759493670885,31.0,36.04651162790697,9,7,7,7.800000000000001,Platinum,7.0,A (Protect - Weekly),9.0
PH-0156,3747411249,Billy,Huff,Emergency Medicine,T-011,Eddiebury,MI,12,Palmer-Byrd Medical School,26.0,11.0,136.36363636363637,9.0,34.61538461538461,6,10,7,7.5,Gold,8.5,B (Grow - Bi-weekly),10.0
PH-0157,4206788317,Curtis,Leon,Hospitalist,T-016,North Bryanbury,DC,8,Colon LLC Medical School,171.0,146.0,17.123287671232877,47.0,27.485380116959064,9,8,5,7.5,Gold,6.5,A (Protect - Weekly),8.0
PH-0158,1994101372,Christopher,Boone,Family Practice,T-024,Davidmouth,AR,28,Glass Group Medical School,210.0,212.0,-0.9433962264150944,61.0,29.04761904761905,10,5,6,7.3,Gold,5.5,C (Retain - Monthly),6.0
PH-0159,6706625324,Joshua,Stephenson,Family Practice,T-028,New Christinebury,SD,36,Porter-Andrade Medical School,0.0,0.0,0.0,0.0,0.0,1,5,1,2.2,Bronze,3.0,D (Monitor - Quarterly),50.0
PH-0160,7014626383,Crystal,Pham,Family Practice,T-028,South Kimberlystad,NJ,28,"Harrington, Cooper and Cunningham Medical School",308.0,281.0,9.608540925266905,127.0,41.23376623376623,10,7,8,8.5,Platinum,7.5,A (Protect - Weekly),3.0
PH-0161,5642059304,Brian,Frey,Family Practice,T-036,Katiebury,GA,27,Wright and Sons Medical School,117.0,100.0,17.0,35.0,29.914529914529915,9,8,6,7.8,Gold,7.0,A (Protect - Weekly),5.0
PH-0162,4803965223,Brittany,Drake,Gastroenterology,T-017,Robintown,VT,9,"Bell, Bradley and Thomas Medical School",75.0,62.0,20.967741935483872,17.0,22.666666666666664,8,8,4,6.8,Silver,6.0,A (Protect - Weekly),21.0
PH-0163,3784270103,Carolyn,Smith,Internal Medicine,T-020,Smithborough,AS,13,Peterson and Sons Medical School,4.0,4.0,0.0,0.0,0.0,2,5,1,2.6,Bronze,3.0,D (Monitor - Quarterly),52.0
PH-0164,5002921851,Nathaniel,Mcmahon,Pulmonology,T-029,Willismouth,ME,13,Taylor-Moore Medical School,64.0,89.0,-28.08988764044944,18.0,28.125,8,2,6,5.6,Bronze,4.0,C (Retain - Monthly),35.0
PH-0165,6752895392,Nicholas,Gross,Emergency Medicine,T-006,Davidtown,UT,18,"Myers, Gamble and Sanford Medical School",100.0,101.0,-0.99009900990099,26.0,26.0,9,5,5,6.6,Silver,5.0,C (Retain - Monthly),19.0
PH-0166,295939172,Mark,Miller,Family Practice,T-005,Toniburgh,SC,25,Underwood Ltd Medical School,13.0,6.0,116.66666666666669,4.0,30.76923076923077,4,10,6,6.4,Silver,8.0,B (Grow - Bi-weekly),17.0
PH-0167,5704331541,Jennifer,Williams,Family Practice,T-030,Oconnorburgh,FM,5,Snyder-Gray Medical School,394.0,396.0,-0.5050505050505051,151.0,38.3248730964467,10,5,8,7.9,Platinum,6.5,A (Protect - Weekly),6.0
PH-0168,8617932710,Kenneth,Flores,Cardiology,T-033,North Matthewfurt,GA,1,"Jones, Mcmahon and Spence Medical School",0.0,0.0,0.0,0.0,0.0,1,5,1,2.2,Bronze,3.0,D (Monitor - Quarterly),48.0
PH-0169,5997062962,Brian,Rivera,Family Practice,T-011,South Heidi,VA,21,"Fernandez, Guerrero and Evans Medical School",5.0,3.0,66.66666666666666,3.0,60.0,2,9,10,6.5,Silver,9.5,B (Grow - Bi-weekly),20.0
PH-0170,1069872050,Ronald,Phillips,Rheumatology,T-025,Gonzaleztown,IL,22,Little Inc Medical School,19.0,26.0,-26.923076923076923,8.0,42.10526315789473,5,2,8,5.0,Bronze,5.0,D (Monitor - Quarterly),32.0
PH-0171,7146774186,Jackson,Mcclure,Oncology,T-013,Jacobton,KS,33,Marshall-Perez Medical School,18.0,24.0,-25.0,0.0,0.0,5,2,1,2.9,Bronze,1.5,D (Monitor - Quarterly),58.0
PH-0172,4902115869,Jeremy,Brown,Family Practice,T-035,Cardenaschester,ND,1,"Camacho, Wells and Keith Medical School",36.0,43.0,-16.27906976744186,11.0,30.55555555555556,7,3,6,5.5,Bronze,4.5,C (Retain - Monthly),33.0
PH-0173,7416089899,Dylan,Avery,Cardiology,T-006,Thompsonburgh,IL,28,Martinez Group Medical School,0.0,0.0,0.0,0.0,0.0,1,5,1,2.2,Bronze,3.0,D (Monitor - Quarterly),50.0
PH-0174,1632945116,Angela,Arnold,Oncology,T-031,Apriltown,WY,5,"Dean, Mills and Barnes Medical School",371.0,374.0,-0.8021390374331552,89.0,23.98921832884097,10,5,5,7.0,Gold,5.0,C (Retain - Monthly),11.0
PH-0175,6229991191,Kristi,Dillon,General Practice,T-023,Natalieview,MS,37,"Washington, Lynch and Johnson Medical School",0.0,0.0,0.0,0.0,0.0,1,5,1,2.2,Bronze,3.0,D (Monitor - Quarterly),70.0
PH-0176,4629960653,Brandon,Alvarez,Gastroenterology,T-010,Pennytown,MA,10,Collins-Cameron Medical School,2.0,3.0,-33.33333333333333,1.0,50.0,2,2,9,4.1,Bronze,5.5,D (Monitor - Quarterly),44.0
PH-0177,1324754691,Jacob,Lewis,Family Practice,T-021,Figueroahaven,VI,14,Nicholson-Robertson Medical School,0.0,0.0,0.0,0.0,0.0,1,5,1,2.2,Bronze,3.0,D (Monitor - Quarterly),50.0
PH-0178,2148628902,James,Whitaker,Internal Medicine,T-001,East Antonioton,PW,13,Bush-Hill Medical School,44.0,23.0,91.30434782608695,15.0,34.090909090909086,7,10,7,7.9,Platinum,8.5,A (Protect - Weekly),7.0
PH-0179,7861035797,Gregory,Harrell,Internal Medicine,T-001,Maxview,WA,40,"Davis, Johnson and Williams Medical School",280.0,262.0,6.870229007633588,88.0,31.428571428571427,10,7,6,7.899999999999999,Platinum,6.5,A (Protect - Weekly),8.0
PH-0180,9333346800,Thomas,Anderson,Neurology,T-028,New Lauren,IN,31,Franklin-Hahn Medical School,37.0,41.0,-9.75609756097561,8.0,21.62162162162162,7,4,4,5.2,Bronze,4.0,C (Retain - Monthly),37.0
PH-0181,4665743748,Madison,Sanders,Cardiology,T-026,North Williamstad,OH,34,"Wheeler, Campbell and Cohen Medical School",113.0,143.0,-20.97902097902098,62.0,54.86725663716814,9,3,10,7.5,Gold,6.5,A (Protect - Weekly),14.0
PH-0182,7154544432,Zachary,Allen,Family Practice,T-003,Port Meredithfurt,TN,12,Becker-Griffith Medical School,0.0,0.0,0.0,0.0,0.0,1,5,1,2.2,Bronze,3.0,D (Monitor - Quarterly),47.0
PH-0183,7446660993,Matthew,Reeves,Oncology,T-005,Knoxstad,NY,30,Bruce-Pittman Medical School,27.0,18.0,50.0,7.0,25.925925925925924,6,9,5,6.6,Silver,7.0,B (Grow - Bi-weekly),15.0
PH-0184,8241724825,Destiny,Walker,Geriatrics,T-017,Lake Monica,MT,23,Watson-Richards Medical School,18.0,14.0,28.57142857142857,0.0,0.0,5,8,1,4.7,Bronze,4.5,D (Monitor - Quarterly),49.0
PH-0185,7170999173,Vincent,Dillon,Rheumatology,T-021,Morenochester,AR,14,Taylor and Sons Medical School,13.0,26.0,-50.0,4.0,30.76923076923077,4,1,6,3.7,Bronze,3.5,D (Monitor - Quarterly),45.0
PH-0186,5697252175,Crystal,Thompson,Gastroenterology,T-039,North Shannonborough,WV,38,Johnston and Sons Medical School,0.0,0.0,0.0,0.0,0.0,1,5,1,2.2,Bronze,3.0,D (Monitor - Quarterly),43.0
PH-0187,7129666676,Adam,Ferguson,Neurology,T-034,Stephaniemouth,WV,38,"Lee, Rhodes and Sims Medical School",52.0,45.0,15.555555555555555,13.0,25.0,8,8,5,7.1,Gold,6.5,A (Protect - Weekly),13.0
PH-0188,3354216894,Gary,Colon,Neurology,T-018,Stacymouth,VA,30,"Carlson, Morgan and Barron Medical School",18.0,15.0,20.0,4.0,22.22222222222222,5,8,4,5.6000000000000005,Bronze,6.0,B (Grow - Bi-weekly),27.0
PH-0189,2575326033,Jessica,Anderson,Nephrology,T-034,New Williamville,MN,38,"Santos, Johnson and Mcdowell Medical School",61.0,72.0,-15.27777777777778,9.0,14.754098360655735,8,3,3,5.0,Bronze,3.0,C (Retain - Monthly),40.0
PH-0190,4890901001,Robert,James,Family Practice,T-015,Thomasberg,IL,30,"Jennings, Smith and Fisher Medical School",27.0,25.0,8.0,15.0,55.55555555555556,6,7,10,7.5,Gold,8.5,B (Grow - Bi-weekly),9.0
PH-0191,1849926189,David,Wilson,Neurology,T-017,South Jamesborough,WI,5,Decker-Dudley Medical School,1.0,4.0,-75.0,0.0,0.0,1,1,1,1.0,Bronze,1.0,D (Monitor - Quarterly),63.0
PH-0192,5642087375,Jimmy,Smith,Oncology,T-010,North Maryfort,FL,17,Chan Inc Medical School,29.0,48.0,-39.58333333333333,7.0,24.13793103448276,6,2,5,4.5,Bronze,3.5,D (Monitor - Quarterly),40.0
PH-0193,1437447012,Morgan,Phelps,Family Practice,T-020,Lauriemouth,NE,24,"Wilson, York and Zamora Medical School",5.0,6.0,-16.666666666666664,0.0,0.0,2,3,1,2.0,Bronze,2.0,D (Monitor - Quarterly),54.0
PH-0194,225579415,Lisa,White,Cardiology,T-006,Rossmouth,KY,2,Vaughn-Mendoza Medical School,182.0,189.0,-3.7037037037037033,71.0,39.010989010989015,10,4,8,7.6,Gold,6.0,A (Protect - Weekly),8.0
PH-0195,6212021697,Leah,Gregory,Family Practice,T-011,New Noah,MI,23,"Johnson, Cohen and Roberson Medical School",37.0,30.0,23.33333333333333,11.0,29.72972972972973,7,8,6,7.0,Gold,7.0,A (Protect - Weekly),15.0
PH-0196,2771670145,Alexander,Oneill,Internal Medicine,T-031,Lake Morgan,NC,11,"Watts, Montgomery and Reynolds Medical School",1.0,6.0,-83.33333333333334,0.0,0.0,1,1,1,1.0,Bronze,1.0,D (Monitor - Quarterly),50.0
PH-0197,3756289002,William,Harrison,Internal Medicine,T-008,Boothland,WV,4,Flores-Rivera Medical School,475.0,572.0,-16.95804195804196,157.0,33.05263157894737,10,3,7,7.0,Gold,5.0,C (Retain - Monthly),15.0
PH-0198,4083866317,Sean,Berry,Internal Medicine,T-025,Port Vernonmouth,DE,3,Mcgee-Smith Medical School,31.0,26.0,19.230769230769237,3.0,9.67741935483871,6,8,3,5.700000000000001,Bronze,5.5,D (Monitor - Quarterly),23.0
PH-0199,6608801994,Pamela,Hart,Geriatrics,T-027,Clementsstad,GU,29,Velasquez Group Medical School,0.0,0.0,0.0,0.0,0.0,1,5,1,2.2,Bronze,3.0,D (Monitor - Quarterly),42.0
PH-0200,5899757113,Aaron,Kelly,General Practice,T-019,Amystad,UT,21,Williams and Sons Medical School,35.0,23.0,52.17391304347826,3.0,8.571428571428571,7,9,3,6.4,Silver,6.0,A (Protect - Weekly),28.0
PH-0201,7261493316,Jason,Summers,Internal Medicine,T-028,Lake Matthew,WV,22,Williams-Schultz Medical School,8.0,8.0,0.0,5.0,62.5,3,5,10,5.7,Bronze,7.5,B (Grow - Bi-weekly),33.0
PH-0202,9177982708,Jill,Tran,Cardiology,T-001,Robersonfort,NY,5,Holt and Sons Medical School,108.0,95.0,13.684210526315791,42.0,38.88888888888889,9,7,8,8.1,Platinum,7.5,A (Protect - Weekly),4.0
PH-0203,2169958669,Ruth,Farmer,Family Practice,T-026,Raymondmouth,LA,34,Ballard-Taylor Medical School,108.0,106.0,1.8867924528301887,40.0,37.03703703703704,9,6,7,7.5,Gold,6.5,A (Protect - Weekly),15.0
PH-0204,9848583339,Jennifer,Parks,Internal Medicine,T-026,Lake Debra,HI,27,"Daniels, Walsh and Page Medical School",872.0,791.0,10.240202275600506,295.0,33.830275229357795,10,7,7,8.2,Platinum,7.0,A (Protect - Weekly),7.0
PH-0205,5879968460,Alexandra,Johnson,Cardiology,T-022,North Ellen,ID,30,Christensen-Martin Medical School,28.0,24.0,16.666666666666664,7.0,25.0,6,8,5,6.300000000000001,Silver,6.5,B (Grow - Bi-weekly),26.0
PH-0206,4420438057,Curtis,Parrish,Internal Medicine,T-017,Lake Deborah,MS,26,Dixon Ltd Medical School,35.0,9.0,288.88888888888886,23.0,65.71428571428571,7,10,10,8.8,Platinum,10.0,A (Protect - Weekly),1.0
PH-0207,4066658004,James,Melton,Geriatrics,T-008,Greerstad,WV,35,"Payne, Morrison and Parsons Medical School",57.0,62.0,-8.064516129032258,18.0,31.57894736842105,8,4,6,6.2,Silver,5.0,C (Retain - Monthly),28.0
PH-0208,3472122816,Billy,Ramirez,Internal Medicine,T-015,Davidshire,PR,22,Smith-Owens Medical School,5.0,2.0,150.0,2.0,40.0,2,10,8,6.199999999999999,Silver,9.0,B (Grow - Bi-weekly),27.0
PH-0209,2025909479,Andrea,Jones,Internal Medicine,T-028,Aliciaburgh,NC,23,Hartman and Sons Medical School,26.0,28.0,-7.142857142857142,5.0,19.230769230769237,6,4,4,4.800000000000001,Bronze,4.0,D (Monitor - Quarterly),39.0
PH-0210,6886153355,Michael,Robinson,Endocrinology,T-002,Barajastown,DE,26,"Reed, Allen and May Medical School",23.0,24.0,-4.166666666666666,3.0,13.043478260869565,6,4,3,4.5,Bronze,3.5,D (Monitor - Quarterly),44.0
PH-0211,9305616484,Angel,Black,Cardiology,T-007,Williehaven,NV,3,Williams-Villanueva Medical School,1.0,3.0,-66.66666666666666,0.0,0.0,1,1,1,1.0,Bronze,1.0,D (Monitor - Quarterly),52.0
PH-0212,3581128801,Jason,Soto,Emergency Medicine,T-018,Port Gina,MP,38,Harris Ltd Medical School,10.0,22.0,-54.54545454545454,4.0,40.0,4,1,8,4.3,Bronze,4.5,D (Monitor - Quarterly),39.0
PH-0213,6120750110,Gregory,King,Endocrinology,T-015,New Lorraineview,MT,25,Hayes-Sullivan Medical School,123.0,94.0,30.851063829787236,35.0,28.455284552845526,9,8,6,7.8,Gold,7.0,A (Protect - Weekly),4.0
PH-0214,5061809190,Jaclyn,Jones,Rheumatology,T-028,West Kristinport,PA,10,Campbell Group Medical School,123.0,93.0,32.25806451612903,27.0,21.951219512195124,9,8,4,7.2,Gold,6.0,A (Protect - Weekly),12.0
PH-0215,6607283268,Kenneth,Walters,Nephrology,T-017,Ericastad,AL,39,"Baxter, Thomas and Williams Medical School",0.0,0.0,0.0,0.0,0.0,1,5,1,2.2,Bronze,3.0,D (Monitor - Quarterly),59.0
PH-0216,9968814353,Robert,Brewer,Cardiology,T-025,East Jack,RI,17,Lee-White Medical School,3.0,0.0,0.0,0.0,0.0,2,5,1,2.6,Bronze,3.0,D (Monitor - Quarterly),44.0
PH-0217,9087814141,James,Carpenter,Family Practice,T-025,Michaelbury,CT,4,Harvey-Mccullough Medical School,4.0,13.0,-69.23076923076923,0.0,0.0,2,1,1,1.4,Bronze,1.0,D (Monitor - Quarterly),47.0
PH-0218,5775949299,Michael,Stewart,Family Practice,T-018,Jacksonmouth,IA,36,Joseph Ltd Medical School,150.0,163.0,-7.975460122699387,57.0,38.0,9,4,8,7.199999999999999,Gold,6.0,A (Protect - Weekly),11.0
PH-0219,6452577754,Tony,Rodriguez,Endocrinology,T-034,Port Juanberg,MH,8,"Gonzalez, Gross and Sims Medical School",4.0,0.0,0.0,0.0,0.0,2,5,1,2.6,Bronze,3.0,D (Monitor - Quarterly),60.0
PH-0220,1080996930,Andrea,Stephens,Nephrology,T-019,Valdezberg,MN,37,Walker-Barton Medical School,50.0,46.0,8.695652173913043,15.0,30.0,8,7,6,7.1000000000000005,Gold,6.5,A (Protect - Weekly),21.0
PH-0221,4278816580,Elaine,Charles,Family Practice,T-026,Port Willie,NV,34,White PLC Medical School,2.0,5.0,-60.0,0.0,0.0,2,1,1,1.4,Bronze,1.0,D (Monitor - Quarterly),60.0
PH-0222,2750373145,Jim,Barnett,Internal Medicine,T-006,Paulmouth,FM,37,Williams Ltd Medical School,27.0,49.0,-44.89795918367347,6.0,22.22222222222222,6,1,4,3.9,Bronze,2.5,D (Monitor - Quarterly),42.0
PH-0223,5184498926,Desiree,Diaz,Hospitalist,T-022,New Johnbury,NC,21,Gomez-Parrish Medical School,4.0,14.0,-71.42857142857143,1.0,25.0,2,1,5,2.6,Bronze,3.0,D (Monitor - Quarterly),47.0
PH-0224,7790827231,Xavier,Campbell,Internal Medicine,T-004,East Eric,PA,30,"Montoya, Guerrero and Perry Medical School",84.0,83.0,1.2048192771084338,23.0,27.380952380952383,9,6,5,6.9,Silver,5.5,C (Retain - Monthly),17.0
PH-0225,5177739260,John,Anderson,Internal Medicine,T-030,East Crystal,AZ,31,"Thomas, Jackson and Nielsen Medical School",5.0,10.0,-50.0,4.0,80.0,2,1,10,4.1,Bronze,5.5,D (Monitor - Quarterly),39.0
PH-0226,8699041379,Victoria,Dillon,Cardiology,T-009,East Maria,PA,3,Norton and Sons Medical School,49.0,51.0,-3.92156862745098,16.0,32.6530612244898,7,4,6,5.8,Bronze,5.0,C (Retain - Monthly),24.0
PH-0227,9842579913,Nicholas,Anderson,Endocrinology,T-040,East Alexandrahaven,TX,37,Serrano-Jacobs Medical School,3.0,11.0,-72.72727272727273,0.0,0.0,2,1,1,1.4,Bronze,1.0,D (Monitor - Quarterly),57.0
PH-0228,2799088117,Donna,Winters,General Practice,T-031,Port Erikachester,NC,6,Wood-Williams Medical School,44.0,55.0,-20.0,9.0,20.454545454545457,7,3,4,4.9,Bronze,3.5,C (Retain - Monthly),31.0
PH-0229,8637659916,Dennis,Woods,Family Practice,T-028,Port Christopher,PA,11,"Ortiz, Lopez and Fletcher Medical School",155.0,161.0,-3.7267080745341614,53.0,34.193548387096776,9,4,7,6.9,Silver,5.5,C (Retain - Monthly),16.0
PH-0230,981806356,Michael,Moore,Geriatrics,T-006,Joseside,NE,30,"Diaz, Hill and Becker Medical School",3.0,3.0,0.0,0.0,0.0,2,5,1,2.6,Bronze,3.0,D (Monitor - Quarterly),49.0
PH-0231,3688725887,Jon,Parker,Internal Medicine,T-002,Kimfurt,WA,15,Wyatt Ltd Medical School,118.0,162.0,-27.160493827160494,48.0,40.67796610169492,9,2,8,6.6,Silver,5.0,C (Retain - Monthly),21.0
PH-0232,1372138658,Christina,Cohen,Endocrinology,T-026,East Paultown,AS,5,Morrow Group Medical School,26.0,27.0,-3.7037037037037033,5.0,19.230769230769237,6,4,4,4.800000000000001,Bronze,4.0,D (Monitor - Quarterly),43.0
PH-0233,9611435190,Jenny,Arias,Internal Medicine,T-004,Mendezhaven,LA,19,"Stuart, Brown and Ayala Medical School",3.0,6.0,-50.0,0.0,0.0,2,1,1,1.4,Bronze,1.0,D (Monitor - Quarterly),52.0
PH-0234,2770384309,William,Hale,Internal Medicine,T-020,Lake Barry,IA,12,"Smith, Moore and Shea Medical School",20.0,15.0,33.33333333333333,7.0,35.0,5,8,7,6.5,Silver,7.5,B (Grow - Bi-weekly),21.0
PH-0235,6566938011,Andrea,Barber,Cardiology,T-026,Michaelview,IN,14,"Mccarty, Gibson and Powell Medical School",3.0,10.0,-70.0,1.0,33.33333333333333,2,1,7,3.2,Bronze,4.0,D (Monitor - Quarterly),49.0
PH-0236,426818184,Matthew,Wilson,Internal Medicine,T-037,Nancyshire,KS,11,"Ramos, Bennett and Webb Medical School",56.0,51.0,9.803921568627452,23.0,41.07142857142857,8,7,8,7.700000000000001,Gold,7.5,A (Protect - Weekly),9.0
PH-0237,3577907141,Patrick,Kramer,Hospitalist,T-013,Lake Jacqueline,AS,3,Gutierrez-Gomez Medical School,48.0,64.0,-25.0,17.0,35.41666666666667,7,2,7,5.5,Bronze,4.5,C (Retain - Monthly),32.0
PH-0238,8043416518,Sarah,Woods,Cardiology,T-010,Jefferyshire,KY,5,Valentine Ltd Medical School,7.0,0.0,0.0,3.0,42.85714285714285,3,5,8,5.1,Bronze,6.5,B (Grow - Bi-weekly),34.0
PH-0239,3733343333,Mary,Kelly,Cardiology,T-002,North Samanthafort,RI,13,Duran PLC Medical School,28.0,34.0,-17.647058823529413,8.0,28.57142857142857,6,3,6,5.1,Bronze,4.5,D (Monitor - Quarterly),38.0
PH-0240,759579472,Tracey,Moon,Pulmonology,T-020,Raymondshire,DC,1,Fox Group Medical School,84.0,81.0,3.7037037037037033,20.0,23.809523809523807,9,7,4,6.9,Silver,5.5,C (Retain - Monthly),15.0
PH-0241,7808562718,Steve,Norris,Internal Medicine,T-009,Lake Jasonshire,CT,17,Ward-Hensley Medical School,281.0,314.0,-10.509554140127388,95.0,33.80782918149466,10,4,7,7.300000000000001,Gold,5.5,C (Retain - Monthly),7.0
PH-0242,2843479552,Victor,Clark,Cardiology,T-015,Michaelfurt,KY,24,White-Anderson Medical School,27.0,23.0,17.391304347826086,7.0,25.925925925925924,6,8,5,6.300000000000001,Silver,6.5,B (Grow - Bi-weekly),24.0
PH-0243,9314386632,Lauren,Rodgers,Neurology,T-035,Shafferburgh,MT,30,Taylor-Barry Medical School,302.0,303.0,-0.33003300330033,80.0,26.490066225165563,10,5,5,7.0,Gold,5.0,C (Retain - Monthly),13.0
PH-0244,8857448906,Corey,Martin,Cardiology,T-005,Port Jonathan,MP,14,"Davis, Garner and Green Medical School",35.0,29.0,20.689655172413797,8.0,22.857142857142858,7,8,4,6.4,Silver,6.0,A (Protect - Weekly),18.0
PH-0245,5884506159,James,Johnston,Hospitalist,T-011,Port Justin,MD,9,"Dixon, Hampton and Griffin Medical School",10.0,17.0,-41.17647058823529,2.0,20.0,4,2,4,3.4000000000000004,Bronze,3.0,D (Monitor - Quarterly),40.0
PH-0246,1694722569,Ashley,Sweeney,Internal Medicine,T-035,North Fernandobury,MD,35,Delgado-Page Medical School,121.0,122.0,-0.819672131147541,39.0,32.231404958677686,9,5,6,6.9,Silver,5.5,C (Retain - Monthly),14.0
PH-0247,9647598762,Ivan,Johnson,Emergency Medicine,T-022,Lake Johnathan,WA,29,"Brady, Clark and Sanders Medical School",16.0,22.0,-27.27272727272727,3.0,18.75,5,2,4,3.8,Bronze,3.0,D (Monitor - Quarterly),41.0
PH-0248,1178006811,Jose,Moore,Internal Medicine,T-037,Parkerbury,WA,14,Ramos-Martinez Medical School,24.0,20.0,20.0,3.0,12.5,6,8,3,5.700000000000001,Bronze,5.5,D (Monitor - Quarterly),31.0
PH-0249,8200557784,Amy,Taylor,Oncology,T-035,New Carla,SC,21,"Fields, Elliott and Mills Medical School",23.0,10.0,130.0,8.0,34.78260869565217,6,10,7,7.5,Gold,8.5,B (Grow - Bi-weekly),8.0
PH-0250,8457831745,Robert,Moore,Internal Medicine,T-019,North Alexandraberg,MI,14,Harrison-Smith Medical School,125.0,135.0,-7.4074074074074066,32.0,25.6,9,4,5,6.3,Silver,4.5,C (Retain - Monthly),30.0
PH-0251,7740649308,Nathaniel,Jenkins,Endocrinology,T-004,Fosterburgh,VT,25,"Brewer, Clayton and Walker Medical School",94.0,99.0,-5.05050505050505,22.0,23.404255319148938,9,4,4,6.0,Silver,4.0,C (Retain - Monthly),26.0
PH-0252,1638944846,Jacob,Jones,Geriatrics,T-025,West Daniel,NH,18,"Chavez, Graves and Vasquez Medical School",11.0,19.0,-42.10526315789473,6.0,54.54545454545454,4,1,10,4.9,Bronze,5.5,D (Monitor - Quarterly),34.0
PH-0253,5020802144,David,Gonzales,Oncology,T-039,East Christophertown,NM,40,Peterson LLC Medical School,9.0,13.0,-30.76923076923077,2.0,22.22222222222222,3,2,4,3.0,Bronze,3.0,D (Monitor - Quarterly),38.0
PH-0254,7570512046,Charles,Harrison,Family Practice,T-038,Port John,MS,33,Martinez Ltd Medical School,22.0,25.0,-12.0,10.0,45.45454545454545,6,3,9,6.0,Silver,6.0,B (Grow - Bi-weekly),16.0
PH-0255,3673037183,Thomas,Maldonado,Rheumatology,T-015,Sharonburgh,SC,33,"Williams, Pineda and Meyer Medical School",22.0,33.0,-33.33333333333333,7.0,31.818181818181817,6,2,6,4.800000000000001,Bronze,4.0,D (Monitor - Quarterly),36.0
PH-0256,4743503136,Mark,Jackson,Internal Medicine,T-033,Brendafurt,WY,2,Smith Inc Medical School,18.0,1.0,1700.0,3.0,16.666666666666664,5,10,3,5.9,Silver,6.5,B (Grow - Bi-weekly),28.0
PH-0257,9792513271,Gina,Morgan,Endocrinology,T-040,North Michaelberg,UT,40,"Moody, Martinez and Hall Medical School",68.0,88.0,-22.727272727272727,13.0,19.11764705882353,8,3,4,5.3,Bronze,3.5,C (Retain - Monthly),31.0
PH-0258,8573065240,Todd,Kim,Neurology,T-006,Amyfort,ID,6,"Lopez, Bailey and Oconnor Medical School",15.0,15.0,0.0,5.0,33.33333333333333,5,5,7,5.6,Bronze,6.0,B (Grow - Bi-weekly),30.0
PH-0259,4982182744,Amber,Gibson,Family Practice,T-008,Grosstown,RI,15,Parsons-Allen Medical School,15.0,12.0,25.0,6.0,40.0,5,8,8,6.800000000000001,Silver,8.0,B (Grow - Bi-weekly),20.0
PH-0260,1863878294,Marcus,Davidson,Geriatrics,T-033,North Alexandraland,AZ,30,White Inc Medical School,0.0,0.0,0.0,0.0,0.0,1,5,1,2.2,Bronze,3.0,D (Monitor - Quarterly),49.0
PH-0261,3173109678,Claire,Garza,Emergency Medicine,T-036,West Jeffreyland,AL,29,Rios Inc Medical School,4.0,5.0,-20.0,1.0,25.0,2,3,5,3.2,Bronze,4.0,D (Monitor - Quarterly),46.0
PH-0262,7058650948,Billy,Jones,Internal Medicine,T-033,Christianborough,NC,37,Garcia and Sons Medical School,335.0,398.0,-15.829145728643216,110.0,32.83582089552239,10,3,7,7.0,Gold,5.0,C (Retain - Monthly),6.0
PH-0263,8633839288,Robert,Garcia,Hematology,T-033,Emilychester,FM,4,Jackson and Sons Medical School,1.0,15.0,-93.33333333333331,0.0,0.0,1,1,1,1.0,Bronze,1.0,D (Monitor - Quarterly),52.0
PH-0264,8685289755,Andrea,Shea,Nephrology,T-010,Robertchester,GU,5,"Morris, Allen and Gardner Medical School",3.0,5.0,-40.0,3.0,100.0,2,2,10,4.4,Bronze,6.0,B (Grow - Bi-weekly),42.0
PH-0265,6845776004,Caitlin,Holmes,Geriatrics,T-033,Adambury,IL,38,Smith-Short Medical School,23.0,7.0,228.57142857142856,6.0,26.08695652173913,6,10,5,6.9,Silver,7.5,B (Grow - Bi-weekly),11.0
PH-0266,4888992107,Michael,Taylor,Endocrinology,T-036,Pamelabury,IN,24,Shepherd-Davis Medical School,7.0,8.0,-12.5,3.0,42.85714285714285,3,3,8,4.5,Bronze,5.5,D (Monitor - Quarterly),40.0
PH-0267,6931572791,Caitlin,Evans,Neurology,T-015,Millerton,PW,29,Bailey-Montoya Medical School,0.0,0.0,0.0,0.0,0.0,1,5,1,2.2,Bronze,3.0,D (Monitor - Quarterly),52.0
PH-0268,6139060480,Luis,Cunningham,Endocrinology,T-029,Waynebury,FL,4,Nunez Group Medical School,10.0,7.0,42.85714285714285,4.0,40.0,4,9,8,6.699999999999999,Silver,8.5,B (Grow - Bi-weekly),26.0
PH-0269,7998136462,David,Miller,Gastroenterology,T-002,New Raymondland,MO,27,"Hamilton, Wolfe and Gill Medical School",16.0,30.0,-46.66666666666666,6.0,37.5,5,1,7,4.4,Bronze,4.0,D (Monitor - Quarterly),47.0
PH-0270,7837693898,John,Jones,Neurology,T-036,Morrisshire,CO,36,Powers Group Medical School,33.0,17.0,94.11764705882352,13.0,39.39393939393939,7,10,8,8.200000000000001,Platinum,9.0,A (Protect - Weekly),3.0
PH-0271,5535590425,Christina,Branch,Gastroenterology,T-027,Hansonmouth,AZ,5,Gonzalez LLC Medical School,9.0,16.0,-43.75,3.0,33.33333333333333,3,1,7,3.6000000000000005,Bronze,4.0,D (Monitor - Quarterly),36.0
PH-0272,2110392405,Heather,Rodriguez,Oncology,T-010,Ruizmouth,IL,40,"Medina, Harris and Mills Medical School",16.0,19.0,-15.789473684210526,2.0,12.5,5,3,3,3.8,Bronze,3.0,D (Monitor - Quarterly),45.0
PH-0273,4879206980,Jonathan,Brown,Nephrology,T-008,Port Heather,KY,23,Marshall Inc Medical School,454.0,409.0,11.00244498777506,112.0,24.669603524229075,10,7,5,7.6,Gold,6.0,A (Protect - Weekly),8.0
PH-0274,1645104636,William,Mckinney,Family Practice,T-012,Toddside,CO,26,Gonzalez Group Medical School,19.0,18.0,5.555555555555555,4.0,21.052631578947366,5,7,4,5.3,Bronze,5.5,D (Monitor - Quarterly),28.0
PH-0275,8003845762,Andrew,Sutton,Nephrology,T-018,Colleenbury,NY,25,Cain-Garrett Medical School,8.0,3.0,166.66666666666669,3.0,37.5,3,10,7,6.300000000000001,Silver,8.5,B (Grow - Bi-weekly),20.0
PH-0276,6084325621,Jessica,Meyer,Internal Medicine,T-040,South John,FL,12,Waller-Browning Medical School,10.0,7.0,42.85714285714285,7.0,70.0,4,9,10,7.3,Gold,9.5,B (Grow - Bi-weekly),11.0
PH-0277,5782329832,Kyle,Thornton,Cardiology,T-004,South Wendy,WI,5,Douglas PLC Medical School,27.0,26.0,3.8461538461538463,19.0,70.37037037037037,6,7,10,7.5,Gold,8.5,B (Grow - Bi-weekly),12.0
PH-0278,2518812520,Kathy,Beard,Emergency Medicine,T-008,Aliport,NV,28,"Peck, Shannon and Mahoney Medical School",54.0,70.0,-22.857142857142858,10.0,18.51851851851852,8,3,4,5.3,Bronze,3.5,C (Retain - Monthly),37.0
PH-0279,4231220994,Catherine,Salazar,Family Practice,T-009,East Grace,MI,29,Watts Group Medical School,1.0,10.0,-90.0,0.0,0.0,1,1,1,1.0,Bronze,1.0,D (Monitor - Quarterly),55.0
PH-0280,2897526772,Frank,Perez,Cardiology,T-022,Durantown,KY,11,Walker-Powers Medical School,64.0,74.0,-13.513513513513514,33.0,51.5625,8,3,9,6.799999999999999,Silver,6.0,A (Protect - Weekly),15.0
PH-0281,3312797573,Ronald,Parsons,Family Practice,T-037,Cortezfurt,RI,21,"Armstrong, Herrera and Davidson Medical School",0.0,0.0,0.0,0.0,0.0,1,5,1,2.2,Bronze,3.0,D (Monitor - Quarterly),55.0
PH-0282,817703886,Tonya,Williams,Internal Medicine,T-036,Blackton,ID,23,Gonzales-Wilkerson Medical School,14.0,19.0,-26.31578947368421,3.0,21.428571428571427,4,2,4,3.4000000000000004,Bronze,3.0,D (Monitor - Quarterly),45.0
PH-0283,4726490827,Maria,Hayes,Emergency Medicine,T-040,East Kimberlyside,DC,15,Gutierrez-Hayes Medical School,49.0,78.0,-37.17948717948718,12.0,24.489795918367346,7,2,5,4.9,Bronze,3.5,C (Retain - Monthly),34.0
PH-0284,2793714521,Christopher,Mccarthy,Family Practice,T-009,Christopherfurt,VA,9,"Salazar, Moore and Pierce Medical School",18.0,8.0,125.0,12.0,66.66666666666666,5,10,10,8.0,Platinum,10.0,B (Grow - Bi-weekly),2.0
PH-0285,259222206,Kyle,Cross,Internal Medicine,T-026,Robertsburgh,DE,35,Horne Inc Medical School,32.0,41.0,-21.951219512195124,7.0,21.875,6,3,4,4.5,Bronze,3.5,D (Monitor - Quarterly),46.0
PH-0286,9407778097,John,Chapman,Family Practice,T-025,Chavezmouth,CO,26,"Greene, Sanchez and Kelley Medical School",8.0,5.0,60.0,3.0,37.5,3,9,7,6.0,Silver,8.0,B (Grow - Bi-weekly),22.0
PH-0287,9830220502,Melissa,Estrada,Emergency Medicine,T-002,Markland,AR,7,Butler and Sons Medical School,69.0,44.0,56.81818181818182,15.0,21.73913043478261,8,9,4,7.1000000000000005,Gold,6.5,A (Protect - Weekly),16.0
PH-0288,2499982795,Sarah,Davis,Family Practice,T-034,Marcusfurt,GU,27,Chang PLC Medical School,3.0,0.0,0.0,0.0,0.0,2,5,1,2.6,Bronze,3.0,D (Monitor - Quarterly),61.0
PH-0289,1472145868,Jason,Clark,Family Practice,T-024,North Ashleyhaven,CO,25,Ramsey-Jacobs Medical School,131.0,131.0,0.0,40.0,30.53435114503817,9,5,6,6.9,Silver,5.5,C (Retain - Monthly),10.0
PH-0290,4695489952,Christina,Crawford,Family Practice,T-006,Vasquezburgh,FM,24,"Hall, Roberts and Lee Medical School",8.0,4.0,100.0,3.0,37.5,3,10,7,6.300000000000001,Silver,8.5,B (Grow - Bi-weekly),21.0
PH-0291,1071396605,Michael,Shaffer,Internal Medicine,T-029,North Danielle,UT,22,King-Jones Medical School,151.0,164.0,-7.926829268292683,68.0,45.033112582781456,9,4,9,7.5,Gold,6.5,A (Protect - Weekly),13.0
PH-0292,4885015569,Christina,Johnson,Internal Medicine,T-021,East Mark,MA,7,"Mendoza, Wells and Johnson Medical School",14.0,10.0,40.0,4.0,28.57142857142857,4,9,6,6.1,Silver,7.5,B (Grow - Bi-weekly),23.0
PH-0293,2727857608,Kevin,Hardy,General Practice,T-020,Angelatown,IL,22,"Jennings, Marsh and Barron Medical School",57.0,47.0,21.27659574468085,11.0,19.29824561403509,8,8,4,6.8,Silver,6.0,A (Protect - Weekly),18.0
PH-0294,5124056829,Catherine,Lopez,Cardiology,T-040,Port Kimberlyport,VT,7,Mckinney-Nelson Medical School,9.0,19.0,-52.63157894736842,1.0,11.11111111111111,3,1,3,2.4000000000000004,Bronze,2.0,D (Monitor - Quarterly),50.0
PH-0295,1735743842,Daniel,Glover,Nephrology,T-013,North Scott,AK,30,Stein-Moore Medical School,176.0,165.0,6.666666666666667,54.0,30.681818181818183,10,7,6,7.899999999999999,Platinum,6.5,A (Protect - Weekly),9.0
PH-0296,5784521823,Jenny,Stevens,Rheumatology,T-019,North Larryton,TX,32,"Wiggins, Cook and Small Medical School",2.0,2.0,0.0,0.0,0.0,2,5,1,2.6,Bronze,3.0,D (Monitor - Quarterly),58.0
PH-0297,1840943533,Justin,Patel,Family Practice,T-029,Lambertview,FL,30,Hill Inc Medical School,6.0,5.0,20.0,3.0,50.0,3,8,9,6.3,Silver,8.5,B (Grow - Bi-weekly),31.0
PH-0298,9881385854,Donald,Bush,Oncology,T-019,Audreyburgh,CA,18,Austin-Morgan Medical School,15.0,23.0,-34.78260869565217,3.0,20.0,5,2,4,3.8,Bronze,3.0,D (Monitor - Quarterly),50.0
PH-0299,7020701601,Ronald,White,Internal Medicine,T-002,Jensenport,MA,28,Marquez Ltd Medical School,3.0,2.0,50.0,0.0,0.0,2,9,1,3.8,Bronze,5.0,D (Monitor - Quarterly),55.0
PH-0300,8179217174,Gabrielle,Mckinney,Family Practice,T-030,Ruizbury,FL,38,"Scott, Cox and White Medical School",6.0,5.0,20.0,1.0,16.666666666666664,3,8,3,4.5,Bronze,5.5,D (Monitor - Quarterly),35.0
PH-0301,5577017157,Steven,Jackson,Hematology,T-004,Cassandraberg,NY,1,Sullivan Ltd Medical School,269.0,270.0,-0.3703703703703704,45.0,16.728624535315987,10,5,3,6.4,Silver,4.0,C (Retain - Monthly),21.0
PH-0302,1581487696,John,Sanchez,Family Practice,T-039,South Patrick,MA,3,Cervantes PLC Medical School,743.0,778.0,-4.4987146529562985,261.0,35.1278600269179,10,4,7,7.300000000000001,Gold,5.5,C (Retain - Monthly),3.0
PH-0303,6695832197,Danny,Carlson,Family Practice,T-010,Angelamouth,HI,19,Blanchard-Jones Medical School,13.0,20.0,-35.0,5.0,38.46153846153847,4,2,8,4.6,Bronze,5.0,D (Monitor - Quarterly),39.0
PH-0304,1965701329,Rebecca,Fields,Neurology,T-033,Port Dwayneberg,NV,23,"Carter, Gilbert and West Medical School",197.0,199.0,-1.0050251256281406,55.0,27.918781725888326,10,5,5,7.0,Gold,5.0,C (Retain - Monthly),7.0
PH-0305,3549465190,Cheryl,Dixon,General Practice,T-032,Port Kelly,MN,7,"Faulkner, Smith and Castro Medical School",22.0,32.0,-31.25,4.0,18.181818181818183,6,2,4,4.2,Bronze,3.0,D (Monitor - Quarterly),49.0
PH-0306,5140369656,Richard,Graham,Pulmonology,T-001,Lake Glenn,DC,3,Peters LLC Medical School,8.0,4.0,100.0,4.0,50.0,3,10,9,6.9,Silver,9.5,B (Grow - Bi-weekly),20.0
PH-0307,6242201027,Diane,Proctor,Internal Medicine,T-008,North Derrick,AS,37,Dalton-English Medical School,58.0,49.0,18.367346938775512,25.0,43.103448275862064,8,8,8,8.0,Platinum,8.0,A (Protect - Weekly),3.0
PH-0308,9692786876,Michael,Lopez,Internal Medicine,T-033,New Tyronebury,VT,28,"Adams, House and Johnston Medical School",35.0,62.0,-43.54838709677419,18.0,51.42857142857142,7,1,9,5.8,Bronze,5.0,C (Retain - Monthly),29.0
PH-0309,97519712,Jessica,Fox,Internal Medicine,T-034,Stevenland,NC,35,"Davis, Kennedy and Harmon Medical School",1457.0,1602.0,-9.051186017478152,549.0,37.68016472203157,10,4,8,7.6,Gold,6.0,A (Protect - Weekly),8.0
PH-0310,1894905807,Shawn,Escobar,Internal Medicine,T-014,Robertport,LA,32,Johnson PLC Medical School,12.0,8.0,50.0,7.0,58.333333333333336,4,9,10,7.3,Gold,9.5,B (Grow - Bi-weekly),13.0
PH-0311,4940792904,Lisa,Weber,Geriatrics,T-016,Toddberg,NY,4,York LLC Medical School,48.0,37.0,29.72972972972973,10.0,20.833333333333336,7,8,4,6.4,Silver,6.0,A (Protect - Weekly),14.0
PH-0312,4294440192,Renee,Stevenson,Hospitalist,T-021,Woodburgh,KS,14,"Young, White and Rose Medical School",0.0,0.0,0.0,0.0,0.0,1,5,1,2.2,Bronze,3.0,D (Monitor - Quarterly),51.0
PH-0313,512927663,Donna,Barber,Internal Medicine,T-018,East Becky,MP,7,Brown-Baker Medical School,7.0,0.0,0.0,5.0,71.42857142857143,3,5,10,5.7,Bronze,7.5,B (Grow - Bi-weekly),25.0
PH-0314,1027674783,Noah,Thornton,Neurology,T-033,Bakerhaven,VI,23,Smith-Ho Medical School,0.0,0.0,0.0,0.0,0.0,1,5,1,2.2,Bronze,3.0,D (Monitor - Quarterly),50.0
PH-0315,7658018569,Samantha,Garrison,Geriatrics,T-019,Josephville,KS,36,"Silva, Murray and Leonard Medical School",16578.0,16147.0,2.6692264816993867,4144.0,24.99698395463868,10,6,5,7.3,Gold,5.5,C (Retain - Monthly),17.0
PH-0316,3938525800,Marie,Smith,Neurology,T-018,New Daltonmouth,MI,2,Hardy LLC Medical School,67.0,78.0,-14.102564102564102,25.0,37.3134328358209,8,3,7,6.199999999999999,Silver,5.0,C (Retain - Monthly),21.0
PH-0317,3009109391,Jean,Wilson,Emergency Medicine,T-005,South Diana,MH,20,"Knight, Coffey and Kemp Medical School",56.0,85.0,-34.11764705882353,19.0,33.92857142857143,8,2,7,5.9,Silver,4.5,C (Retain - Monthly),28.0
PH-0318,2447174654,Fernando,Jones,Family Practice,T-002,South Paulton,KS,3,Thompson-Jones Medical School,29.0,16.0,81.25,12.0,41.37931034482759,6,10,8,7.800000000000001,Platinum,9.0,B (Grow - Bi-weekly),8.0
PH-0319,3962712863,Christina,Rodriguez,Nephrology,T-012,Baldwinville,AZ,20,Jones Ltd Medical School,4.0,9.0,-55.55555555555556,0.0,0.0,2,1,1,1.4,Bronze,1.0,D (Monitor - Quarterly),47.0
PH-0320,4707200642,Isabel,Conway,Neurology,T-038,New Jasminefort,NJ,30,Powell-Luna Medical School,4.0,3.0,33.33333333333333,0.0,0.0,2,8,1,3.5,Bronze,4.5,D (Monitor - Quarterly),43.0
PH-0321,1830671985,Mathew,Turner,Family Practice,T-035,Lake Wendyland,MN,22,"Castaneda, Peterson and Randall Medical School",6.0,15.0,-60.0,3.0,50.0,3,1,9,4.2,Bronze,5.0,D (Monitor - Quarterly),44.0
PH-0322,4328063461,Crystal,Howard,Hematology,T-017,Lake Samuelborough,DC,10,Lee Ltd Medical School,13.0,8.0,62.5,2.0,15.384615384615383,4,9,3,5.199999999999999,Bronze,6.0,B (Grow - Bi-weekly),45.0
PH-0323,9376184787,Tammy,Smith,Nephrology,T-023,Brianton,MO,32,Lewis Ltd Medical School,59.0,57.0,3.508771929824561,20.0,33.89830508474576,8,7,7,7.4,Gold,7.0,A (Protect - Weekly),14.0
PH-0324,8782931027,Desiree,Ruiz,Family Practice,T-017,East Jacquelineberg,AL,14,Chen LLC Medical School,36.0,24.0,50.0,15.0,41.66666666666667,7,9,8,7.9,Platinum,8.5,A (Protect - Weekly),7.0
PH-0325,1792911179,Lauren,Walker,Rheumatology,T-002,South Matthew,MP,25,"Gregory, Nguyen and Daugherty Medical School",3.0,0.0,0.0,0.0,0.0,2,5,1,2.6,Bronze,3.0,D (Monitor - Quarterly),64.0
PH-0326,9825309251,David,Thomas,Internal Medicine,T-022,Jacksonstad,OH,4,Gonzales PLC Medical School,0.0,0.0,0.0,0.0,0.0,1,5,1,2.2,Bronze,3.0,D (Monitor - Quarterly),48.0
PH-0327,219620710,Adrian,Howe,Internal Medicine,T-029,Robertfort,UT,34,Harris Ltd Medical School,2.0,6.0,-66.66666666666666,0.0,0.0,2,1,1,1.4,Bronze,1.0,D (Monitor - Quarterly),55.0
PH-0328,4876329092,Jennifer,Salazar,Internal Medicine,T-011,Lake Margaretport,MI,6,Smith-Young Medical School,17.0,12.0,41.66666666666667,3.0,17.647058823529413,5,9,3,5.6,Bronze,6.0,B (Grow - Bi-weekly),27.0
PH-0329,1819588373,Joshua,Lee,Emergency Medicine,T-021,Lake Megan,PW,36,Jimenez-Moore Medical School,243.0,229.0,6.11353711790393,60.0,24.69135802469136,10,7,5,7.6,Gold,6.0,A (Protect - Weekly),4.0
PH-0330,54364597,Bradley,Yang,Family Practice,T-034,East Kristen,NM,17,"Wilson, Jacobson and Griffith Medical School",39.0,45.0,-13.333333333333334,19.0,48.71794871794872,7,3,9,6.4,Silver,6.0,A (Protect - Weekly),21.0
PH-0331,9956353153,Corey,Rojas,Family Practice,T-038,South Patricia,CA,12,Richards-Brown Medical School,91.0,85.0,7.0588235294117645,34.0,37.362637362637365,9,7,7,7.800000000000001,Platinum,7.0,A (Protect - Weekly),5.0
PH-0332,6239726527,Jennifer,Chen,Internal Medicine,T-022,Jamesberg,AZ,21,"Carroll, Ramirez and Rodriguez Medical School",26.0,17.0,52.94117647058824,5.0,19.230769230769237,6,9,4,6.3,Silver,6.5,B (Grow - Bi-weekly),27.0
PH-0333,7762534929,Rebecca,Lane,Internal Medicine,T-031,North Robert,NC,6,Atkins-Robinson Medical School,10.0,19.0,-47.368421052631575,5.0,50.0,4,1,9,4.6,Bronze,5.0,D (Monitor - Quarterly),35.0
PH-0334,7740633569,Jeffrey,Pennington,Rheumatology,T-034,New Rachel,MT,12,Williams Group Medical School,2.0,1.0,100.0,0.0,0.0,2,10,1,4.1,Bronze,5.5,D (Monitor - Quarterly),47.0
PH-0335,8068671773,Christopher,Mullins,Neurology,T-007,Dodsonberg,MI,10,Allen-Duarte Medical School,100.0,153.0,-34.64052287581699,37.0,37.0,9,2,7,6.300000000000001,Silver,4.5,C (Retain - Monthly),18.0
PH-0336,742799077,Kelsey,Sawyer,Emergency Medicine,T-026,Lopezstad,SC,21,Padilla-Smith Medical School,61.0,80.0,-23.75,17.0,27.86885245901639,8,3,5,5.6,Bronze,4.0,C (Retain - Monthly),37.0
PH-0337,1658046498,Barbara,Clark,Family Practice,T-002,New Nicoleton,NY,1,"Cox, Williams and Reyes Medical School",6.0,7.0,-14.285714285714285,3.0,50.0,3,3,9,4.8,Bronze,6.0,B (Grow - Bi-weekly),43.0
PH-0338,7905528183,Devon,Rogers,Cardiology,T-036,Lake Timothyshire,VI,26,"Clark, Mcgee and Perez Medical School",20.0,42.0,-52.38095238095239,13.0,65.0,5,1,10,5.3,Bronze,5.5,D (Monitor - Quarterly),35.0
PH-0339,5486401557,Todd,Rose,Cardiology,T-011,South Jenniferside,MH,40,Hayes-Richardson Medical School,17.0,24.0,-29.166666666666668,8.0,47.05882352941176,5,2,9,5.3,Bronze,5.5,D (Monitor - Quarterly),30.0
PH-0340,1371162411,Fred,Rodriguez,Family Practice,T-036,South Edward,IL,39,"Crane, Johnson and Butler Medical School",39.0,58.0,-32.758620689655174,15.0,38.46153846153847,7,2,8,5.800000000000001,Silver,5.0,C (Retain - Monthly),27.0
PH-0341,8275670431,Andrew,Pham,Neurology,T-034,Robertmouth,SD,24,"Buchanan, Tucker and Wade Medical School",291.0,285.0,2.1052631578947367,68.0,23.36769759450172,10,6,4,7.0,Gold,5.0,C (Retain - Monthly),16.0
PH-0342,8877492424,Jeremy,Watson,Hospitalist,T-005,Kaylaton,FL,33,Mitchell-Huber Medical School,24.0,34.0,-29.411764705882355,5.0,20.833333333333336,6,2,4,4.2,Bronze,3.0,D (Monitor - Quarterly),44.0
PH-0343,9284222231,Blake,Stewart,Internal Medicine,T-020,South Jorge,HI,19,Hart Inc Medical School,21.0,39.0,-46.15384615384615,5.0,23.809523809523807,5,1,4,3.5,Bronze,2.5,D (Monitor - Quarterly),48.0
PH-0344,5525782841,Samantha,Sullivan,Nephrology,T-017,Mackmouth,MD,34,Smith Ltd Medical School,0.0,0.0,0.0,0.0,0.0,1,5,1,2.2,Bronze,3.0,D (Monitor - Quarterly),60.0
PH-0345,8854749297,Matthew,Rodriguez,Neurology,T-002,Mcculloughberg,TX,9,"Wilson, Johnson and Williamson Medical School",0.0,0.0,0.0,0.0,0.0,1,5,1,2.2,Bronze,3.0,D (Monitor - Quarterly),66.0
PH-0346,3751509398,Jeffrey,Walls,Cardiology,T-017,Jamesland,ND,1,Rhodes-Rosario Medical School,5.0,7.0,-28.57142857142857,2.0,40.0,2,2,8,3.8,Bronze,5.0,D (Monitor - Quarterly),54.0
PH-0347,8637599805,Raymond,Baldwin,Family Practice,T-040,Woodstad,AL,25,Cooper-Parker Medical School,0.0,0.0,0.0,0.0,0.0,1,5,1,2.2,Bronze,3.0,D (Monitor - Quarterly),51.0
PH-0348,7813767426,Jessica,Perry,Internal Medicine,T-003,East Jaredfort,VI,37,"Hatfield, Jones and Choi Medical School",79.0,69.0,14.492753623188406,32.0,40.50632911392405,8,7,8,7.700000000000001,Gold,7.5,A (Protect - Weekly),8.0
PH-0349,6106462879,Karina,Taylor,Cardiology,T-030,Port Patrick,OH,38,Williams-Mckenzie Medical School,64.0,80.0,-20.0,32.0,50.0,8,3,9,6.799999999999999,Silver,6.0,A (Protect - Weekly),15.0
PH-0350,9478730024,Kevin,Davidson,Nephrology,T-019,Martinezport,MT,37,Vasquez Ltd Medical School,3.0,3.0,0.0,3.0,100.0,2,5,10,5.3,Bronze,7.5,B (Grow - Bi-weekly),39.0
PH-0351,3014719597,Ariana,Oneill,Cardiology,T-017,Mccannville,MN,10,"Quinn, Smith and Green Medical School",135.0,146.0,-7.534246575342466,68.0,50.37037037037037,9,4,9,7.5,Gold,6.5,A (Protect - Weekly),11.0
PH-0352,9025725204,Michael,Fields,Gastroenterology,T-012,Brandonport,NC,16,"Mayer, Palmer and Miranda Medical School",0.0,0.0,0.0,0.0,0.0,1,5,1,2.2,Bronze,3.0,D (Monitor - Quarterly),41.0
PH-0353,2192855445,Cody,Carpenter,Geriatrics,T-008,North Derrick,LA,31,Maxwell-Jenkins Medical School,12.0,6.0,100.0,3.0,25.0,4,10,5,6.1,Silver,7.5,B (Grow - Bi-weekly),30.0
PH-0354,2132833898,Meghan,Marquez,Oncology,T-023,South Stevenland,DE,37,Mclean Group Medical School,9.0,3.0,200.0,1.0,11.11111111111111,3,10,3,5.1,Bronze,6.5,B (Grow - Bi-weekly),45.0
PH-0355,5452798524,Anthony,Olsen,Gastroenterology,T-006,East Melissa,FL,8,"Perez, Martinez and Anderson Medical School",9.0,17.0,-47.05882352941176,6.0,66.66666666666666,3,1,10,4.5,Bronze,5.5,D (Monitor - Quarterly),40.0
PH-0356,1611076031,Antonio,Keller,Internal Medicine,T-025,South Davidview,AZ,12,Turner Inc Medical School,14.0,10.0,40.0,5.0,35.714285714285715,4,9,7,6.4,Silver,8.0,B (Grow - Bi-weekly),16.0
PH-0357,1193932501,Dustin,Francis,Internal Medicine,T-026,Stacystad,MI,26,Wyatt Ltd Medical School,28.0,27.0,3.7037037037037033,12.0,42.85714285714285,6,7,8,6.9,Silver,7.5,B (Grow - Bi-weekly),22.0
PH-0358,9389119083,Jennifer,Brandt,Cardiology,T-010,Port Amanda,VA,16,Glass PLC Medical School,17.0,28.0,-39.285714285714285,8.0,47.05882352941176,5,2,9,5.3,Bronze,5.5,D (Monitor - Quarterly),32.0
PH-0359,7592712566,Jason,Perez,Emergency Medicine,T-023,Port Traceyville,NH,26,Stone Group Medical School,988.0,1010.0,-2.178217821782178,243.0,24.595141700404856,10,4,5,6.7,Silver,4.5,C (Retain - Monthly),19.0
PH-0360,5480157164,Stephen,Fitzgerald,Nephrology,T-007,Perezchester,LA,14,Lopez-Jones Medical School,0.0,0.0,0.0,0.0,0.0,1,5,1,2.2,Bronze,3.0,D (Monitor - Quarterly),49.0
PH-0361,7520716781,David,Foster,Internal Medicine,T-007,Lake Saraburgh,CA,9,Hester-Morgan Medical School,7.0,1.0,600.0,3.0,42.85714285714285,3,10,8,6.6,Silver,9.0,B (Grow - Bi-weekly),14.0
PH-0362,9613674994,Katelyn,Owen,Internal Medicine,T-008,Kellyfurt,NM,23,"Ramirez, Tate and Rodriguez Medical School",0.0,0.0,0.0,0.0,0.0,1,5,1,2.2,Bronze,3.0,D (Monitor - Quarterly),53.0
PH-0363,4773201017,Erika,Stanton,Oncology,T-031,Jacobsmouth,FL,30,Howell-Davis Medical School,32.0,29.0,10.344827586206897,4.0,12.5,6,7,3,5.4,Bronze,5.0,D (Monitor - Quarterly),26.0
PH-0364,1877347784,Amy,Pacheco,Cardiology,T-035,Port Anthonychester,FM,18,Reyes LLC Medical School,3.0,0.0,0.0,0.0,0.0,2,5,1,2.6,Bronze,3.0,D (Monitor - Quarterly),52.0
PH-0365,6770028427,Ryan,Edwards,Endocrinology,T-039,Freemanville,OK,17,"Henry, Spencer and Ryan Medical School",91.0,92.0,-1.0869565217391304,36.0,39.56043956043956,9,5,8,7.5,Gold,6.5,A (Protect - Weekly),2.0
PH-0366,7782806479,Tara,Jensen,Pulmonology,T-024,Katieport,MD,35,Johnson Inc Medical School,16.0,26.0,-38.46153846153847,0.0,0.0,5,2,1,2.9,Bronze,1.5,D (Monitor - Quarterly),49.0
PH-0367,2559056165,Victoria,Jenkins,Nephrology,T-034,Lake Johnbury,SD,3,Watkins-Lozano Medical School,16.0,28.0,-42.85714285714285,2.0,12.5,5,1,3,3.2,Bronze,2.0,D (Monitor - Quarterly),53.0
PH-0368,1415208507,Diane,Henderson,Gastroenterology,T-040,Adamsfort,OR,26,Odom Group Medical School,32.0,20.0,60.0,8.0,25.0,6,9,5,6.6,Silver,7.0,B (Grow - Bi-weekly),21.0
PH-0369,9659171357,Wesley,Hubbard,Gastroenterology,T-039,Garrettport,MN,15,Harris-Reid Medical School,8.0,2.0,300.0,0.0,0.0,3,10,1,4.5,Bronze,5.5,D (Monitor - Quarterly),31.0
PH-0370,1834404963,Claudia,Rubio,Oncology,T-004,New Matthewland,OK,29,"Alvarez, Clark and Flynn Medical School",5.0,5.0,0.0,0.0,0.0,2,5,1,2.6,Bronze,3.0,D (Monitor - Quarterly),47.0
PH-0371,4846853664,Colleen,Chavez,Pulmonology,T-013,North Courtney,NC,18,Ray and Sons Medical School,10.0,4.0,150.0,0.0,0.0,4,10,1,4.9,Bronze,5.5,D (Monitor - Quarterly),39.0
PH-0372,7489690835,Steven,Allen,Endocrinology,T-002,Meganchester,MD,35,Walters Group Medical School,32.0,19.0,68.42105263157895,12.0,37.5,7,9,8,7.9,Platinum,8.5,A (Protect - Weekly),4.0
PH-0373,4424936312,James,Sanchez,Geriatrics,T-030,Stevenside,NE,13,Lucas-Johnson Medical School,4.0,4.0,0.0,1.0,25.0,2,5,5,3.8,Bronze,5.0,D (Monitor - Quarterly),44.0
PH-0374,2420448207,Kimberly,Brown,Endocrinology,T-032,West Carolynland,MH,32,Mosley-Powers Medical School,5.0,0.0,0.0,0.0,0.0,2,5,1,2.6,Bronze,3.0,D (Monitor - Quarterly),57.0
PH-0375,1623198189,Stephanie,Huynh,Oncology,T-039,Tylerland,IA,29,"Martinez, Roman and Murphy Medical School",508.0,480.0,5.833333333333333,157.0,30.905511811023626,10,7,6,7.899999999999999,Platinum,6.5,A (Protect - Weekly),1.0
PH-0376,9636321234,Scott,King,Hematology,T-029,South Amandaville,MD,16,"Coleman, Vega and Richmond Medical School",0.0,0.0,0.0,0.0,0.0,1,5,1,2.2,Bronze,3.0,D (Monitor - Quarterly),53.0
PH-0377,2575409003,Johnny,Cruz,Geriatrics,T-010,Rebeccaville,ND,30,Mathews Group Medical School,59.0,87.0,-32.18390804597701,25.0,42.3728813559322,8,2,8,6.2,Silver,5.0,C (Retain - Monthly),21.0
PH-0378,644134327,Crystal,Suarez,Family Practice,T-039,Mccormickview,VI,20,Morrow Group Medical School,83.0,84.0,-1.1904761904761905,31.0,37.34939759036144,9,5,7,7.199999999999999,Gold,6.0,A (Protect - Weekly),7.0
PH-0379,7656124815,Robert,Daniel,Rheumatology,T-030,Shawntown,WV,3,Davidson and Sons Medical School,9.0,5.0,80.0,4.0,44.44444444444444,3,10,9,6.9,Silver,9.5,B (Grow - Bi-weekly),14.0
PH-0380,7206345911,Eric,Black,Family Practice,T-030,Port Brooke,MT,4,Hayes-Russo Medical School,3.0,7.0,-57.14285714285714,0.0,0.0,2,1,1,1.4,Bronze,1.0,D (Monitor - Quarterly),52.0
PH-0381,2429543165,Hunter,Walter,Gastroenterology,T-037,North Stacy,OH,25,"Salazar, Perez and Davis Medical School",4.0,2.0,100.0,0.0,0.0,2,10,1,4.1,Bronze,5.5,D (Monitor - Quarterly),41.0
PH-0382,7342069694,Edward,Rubio,Internal Medicine,T-015,New David,VT,9,"Graham, Mora and Chavez Medical School",51.0,47.0,8.51063829787234,16.0,31.37254901960784,8,7,6,7.1000000000000005,Gold,6.5,A (Protect - Weekly),16.0
PH-0383,7133344762,Ryan,Clark,Cardiology,T-024,Port Justin,TX,4,Barnes Group Medical School,64.0,47.0,36.17021276595745,41.0,64.0625,8,9,10,8.9,Platinum,9.5,A (Protect - Weekly),1.0
PH-0384,2044397359,Gabrielle,Ellis,Internal Medicine,T-037,South Deanmouth,UT,37,Mcdaniel-Reeves Medical School,66.0,109.0,-39.44954128440367,35.0,53.03030303030303,8,2,10,6.800000000000001,Silver,6.0,A (Protect - Weekly),17.0
PH-0385,6941180053,Thomas,Gomez,Cardiology,T-006,North Jonfurt,ME,39,Lambert-Anderson Medical School,372.0,386.0,-3.6269430051813463,163.0,43.81720430107527,10,4,9,7.9,Platinum,6.5,A (Protect - Weekly),3.0
PH-0386,8092428757,David,Stewart,Geriatrics,T-024,Thomasville,MD,11,Good Group Medical School,32.0,49.0,-34.69387755102041,6.0,18.75,7,2,4,4.6000000000000005,Bronze,3.0,C (Retain - Monthly),38.0
PH-0387,4564494856,Patricia,Stewart,Emergency Medicine,T-034,Gallagherberg,OH,25,"Fields, Gonzales and Lopez Medical School",4.0,2.0,100.0,0.0,0.0,2,10,1,4.1,Bronze,5.5,D (Monitor - Quarterly),48.0
PH-0388,320742761,Wanda,Ho,Rheumatology,T-004,South Michaelside,NM,8,Vasquez-Singleton Medical School,7.0,4.0,75.0,3.0,42.85714285714285,3,9,8,6.3,Silver,8.5,B (Grow - Bi-weekly),23.0
PH-0389,2151342284,Anna,Alvarado,Hospitalist,T-010,New Whitney,AL,34,"Wang, White and Knapp Medical School",93.0,106.0,-12.264150943396226,24.0,25.806451612903224,9,3,5,6.0,Silver,4.0,C (Retain - Monthly),25.0
PH-0390,3715041659,Sarah,Rodriguez,Family Practice,T-003,Ericland,NH,6,"Keller, Gibson and Moses Medical School",7.0,9.0,-22.22222222222222,2.0,28.57142857142857,3,3,6,3.9,Bronze,4.5,D (Monitor - Quarterly),37.0
PH-0391,9050975923,Michelle,Solis,Oncology,T-023,Marcuston,WA,9,Payne PLC Medical School,3.0,0.0,0.0,3.0,100.0,2,5,10,5.3,Bronze,7.5,B (Grow - Bi-weekly),39.0
PH-0392,6164236103,Frank,Chan,Emergency Medicine,T-035,Deborahberg,DE,18,Henry-Reynolds Medical School,52.0,43.0,20.930232558139537,11.0,21.153846153846157,8,8,4,6.8,Silver,6.0,A (Protect - Weekly),17.0
PH-0393,4925158377,Nicole,Alvarez,Gastroenterology,T-024,Davischester,AS,3,Austin-Hamilton Medical School,16.0,16.0,0.0,3.0,18.75,5,5,4,4.7,Bronze,4.5,D (Monitor - Quarterly),36.0
PH-0394,6108573278,Crystal,Warren,Oncology,T-038,Taylorland,PW,13,Evans-Joyce Medical School,204.0,183.0,11.475409836065571,35.0,17.15686274509804,10,7,3,7.0,Gold,5.0,C (Retain - Monthly),12.0
PH-0395,4386490810,William,Dixon,Internal Medicine,T-025,Davisshire,GU,9,Kelly-Richards Medical School,40.0,45.0,-11.11111111111111,10.0,25.0,7,4,5,5.5,Bronze,4.5,C (Retain - Monthly),26.0
PH-0396,8017226016,Nancy,Evans,Emergency Medicine,T-037,Toddmouth,RI,34,Peterson-Hull Medical School,3.0,0.0,0.0,0.0,0.0,2,5,1,2.6,Bronze,3.0,D (Monitor - Quarterly),52.0
PH-0397,2321941680,Adam,Wilson,Family Practice,T-003,Lake Thomas,UT,28,Melton-Church Medical School,364.0,352.0,3.4090909090909087,124.0,34.065934065934066,10,7,7,8.2,Platinum,7.0,A (Protect - Weekly),3.0
PH-0398,9749956412,Derek,Lee,Family Practice,T-003,Lake Taratown,IL,25,Wong-Santos Medical School,13.0,5.0,160.0,6.0,46.15384615384615,4,10,9,7.299999999999999,Gold,9.5,B (Grow - Bi-weekly),14.0
PH-0399,6831472760,Darren,Barrera,Geriatrics,T-009,Maynardfort,AK,15,Richards-Harris Medical School,11.0,8.0,37.5,0.0,0.0,4,9,1,4.6,Bronze,5.0,D (Monitor - Quarterly),35.0
PH-0400,9605016679,Caitlin,Spencer,Pulmonology,T-005,Benjaminfurt,NM,11,"Garza, Carr and Gregory Medical School",16.0,10.0,60.0,6.0,37.5,5,9,8,7.1,Gold,8.5,B (Grow - Bi-weekly),11.0
PH-0401,7308069581,Joseph,Wong,Cardiology,T-024,Wilsonstad,NV,15,"Graham, Martin and Barber Medical School",0.0,0.0,0.0,0.0,0.0,1,5,1,2.2,Bronze,3.0,D (Monitor - Quarterly),52.0
PH-0402,7573839597,David,Carter,Cardiology,T-005,Moyerstad,WY,26,Marsh-Richard Medical School,35.0,25.0,40.0,8.0,22.857142857142858,7,9,4,6.7,Silver,6.5,A (Protect - Weekly),13.0
PH-0403,9341722329,Travis,Leon,Endocrinology,T-037,Torresborough,OH,13,Kidd LLC Medical School,4.0,0.0,0.0,3.0,75.0,2,5,10,5.3,Bronze,7.5,B (Grow - Bi-weekly),34.0
PH-0404,4522801561,Christina,Martinez,Emergency Medicine,T-013,South Jonathan,MA,17,Hammond-Carrillo Medical School,12.0,14.0,-14.285714285714285,1.0,8.333333333333332,4,3,3,3.4,Bronze,3.0,D (Monitor - Quarterly),57.0
PH-0405,8428910771,Theresa,Harrington,Cardiology,T-032,Port Annahaven,CT,29,Soto and Sons Medical School,23.0,13.0,76.92307692307693,17.0,73.91304347826086,6,9,10,8.1,Platinum,9.5,B (Grow - Bi-weekly),5.0
PH-0406,5247871255,Lori,Martinez,Emergency Medicine,T-003,South Tara,WI,40,Sanchez Group Medical School,64.0,60.0,6.666666666666667,19.0,29.6875,8,7,6,7.1000000000000005,Gold,6.5,A (Protect - Weekly),16.0
PH-0407,5482145653,Edward,Molina,Pulmonology,T-027,Cobbberg,AS,13,Gutierrez-Ortiz Medical School,80.0,76.0,5.263157894736842,16.0,20.0,8,7,4,6.500000000000001,Silver,5.5,C (Retain - Monthly),13.0
PH-0408,7850720811,Matthew,Morales,Internal Medicine,T-006,South Bryan,WV,24,Keller Ltd Medical School,4.0,4.0,0.0,1.0,25.0,2,5,5,3.8,Bronze,5.0,D (Monitor - Quarterly),43.0
PH-0409,2908466845,Regina,Smith,Oncology,T-040,Rachelberg,UT,28,Griffin-Harris Medical School,13.0,12.0,8.333333333333332,2.0,15.384615384615383,4,7,3,4.6,Bronze,5.0,D (Monitor - Quarterly),38.0
PH-0410,8997563410,Amanda,Price,Geriatrics,T-013,New Victoria,LA,25,Davis PLC Medical School,17.0,7.0,142.85714285714286,7.0,41.17647058823529,5,10,8,7.4,Gold,9.0,B (Grow - Bi-weekly),14.0
PH-0411,4852008943,Marilyn,Torres,Hospitalist,T-036,Benitezville,VA,27,Skinner LLC Medical School,5.0,2.0,150.0,5.0,100.0,2,10,10,6.8,Silver,10.0,B (Grow - Bi-weekly),17.0
PH-0412,8510174907,Matthew,Young,Rheumatology,T-007,West Kevin,TN,5,"Armstrong, Taylor and Gray Medical School",69.0,72.0,-4.166666666666666,21.0,30.434782608695656,8,4,6,6.2,Silver,5.0,C (Retain - Monthly),19.0
PH-0413,3158935712,Jennifer,Poole,Emergency Medicine,T-031,North Bryanberg,NJ,23,Griffin LLC Medical School,38.0,43.0,-11.627906976744184,10.0,26.31578947368421,7,4,5,5.5,Bronze,4.5,C (Retain - Monthly),24.0
PH-0414,8698864976,Wendy,Barker,Cardiology,T-032,Dennischester,GU,30,Thomas and Sons Medical School,6.0,11.0,-45.45454545454545,6.0,100.0,3,1,10,4.5,Bronze,5.5,D (Monitor - Quarterly),45.0
PH-0415,7728813770,Julie,Raymond,Emergency Medicine,T-018,Sandraville,PA,36,Rodriguez-Wood Medical School,15.0,6.0,150.0,2.0,13.333333333333334,5,10,3,5.9,Silver,6.5,B (Grow - Bi-weekly),23.0
PH-0416,4082154544,Todd,Moody,Nephrology,T-013,Port Brittany,AR,29,Small-Lewis Medical School,0.0,0.0,0.0,0.0,0.0,1,5,1,2.2,Bronze,3.0,D (Monitor - Quarterly),63.0
PH-0417,7018510679,Kyle,Chavez,Internal Medicine,T-002,Kimberlyfort,MP,32,"Bass, Anderson and Taylor Medical School",48.0,37.0,29.72972972972973,25.0,52.083333333333336,7,8,9,7.9,Platinum,8.5,A (Protect - Weekly),5.0
PH-0418,7772519966,Jesse,Foster,Cardiology,T-027,Lake Pamelaview,SD,17,Cline Ltd Medical School,1.0,6.0,-83.33333333333334,1.0,100.0,1,1,10,3.7,Bronze,5.5,D (Monitor - Quarterly),34.0
PH-0419,948181398,Barbara,Brown,Cardiology,T-034,Port Thomas,MH,24,Martinez PLC Medical School,1436.0,1416.0,1.4124293785310735,654.0,45.543175487465184,10,6,9,8.5,Platinum,7.5,A (Protect - Weekly),2.0
PH-0420,2043397189,Luke,Chapman,Oncology,T-006,Atkinstown,MA,19,White-Johnson Medical School,85.0,51.0,66.66666666666666,23.0,27.058823529411764,9,9,5,7.8,Gold,7.0,A (Protect - Weekly),6.0
PH-0421,8564111824,Douglas,Scott,Hematology,T-010,East Kristopherchester,TX,32,Brown LLC Medical School,19.0,8.0,137.5,6.0,31.57894736842105,5,10,6,6.8,Silver,8.0,B (Grow - Bi-weekly),12.0
PH-0422,2004615265,Jonathan,David,Geriatrics,T-028,North Jamesshire,IA,15,Romero-Gordon Medical School,28.0,27.0,3.7037037037037033,10.0,35.714285714285715,6,7,7,6.6,Silver,7.0,B (Grow - Bi-weekly),20.0
PH-0423,1405786170,Rick,Hall,Hospitalist,T-029,West Angelashire,TX,22,Sanchez PLC Medical School,182.0,187.0,-2.6737967914438503,53.0,29.120879120879124,10,4,6,7.0,Gold,5.0,C (Retain - Monthly),18.0
PH-0424,2496718325,Amber,Jackson,Hospitalist,T-032,New Stephanie,PW,36,"Hayes, Smith and Marshall Medical School",22.0,27.0,-18.51851851851852,1.0,4.545454545454546,6,3,3,4.2,Bronze,3.0,D (Monitor - Quarterly),50.0
PH-0425,9420074946,Yvette,Kirby,Cardiology,T-027,New Mary,LA,17,Martin PLC Medical School,10.0,5.0,100.0,3.0,30.0,4,10,6,6.4,Silver,8.0,B (Grow - Bi-weekly),15.0
PH-0426,9141612846,Jason,Wagner,Hematology,T-017,Nicolemouth,SC,10,Petty-Zimmerman Medical School,6.0,20.0,-70.0,0.0,0.0,3,1,1,1.8000000000000005,Bronze,1.0,D (Monitor - Quarterly),61.0
PH-0427,4355379502,Deborah,Smith,Family Practice,T-022,Smithtown,TX,26,Gutierrez Ltd Medical School,120.0,129.0,-6.976744186046512,29.0,24.166666666666668,9,4,5,6.3,Silver,4.5,C (Retain - Monthly),28.0
PH-0428,7681180715,Teresa,Bennett,Cardiology,T-018,Paultown,DE,14,Wood-Lee Medical School,59.0,55.0,7.272727272727272,26.0,44.06779661016949,8,7,9,8.0,Platinum,8.0,A (Protect - Weekly),4.0
PH-0429,304531943,Jim,Snyder,General Practice,T-029,Benjaminfort,MH,12,"Mann, Clark and Gonzalez Medical School",45.0,35.0,28.57142857142857,17.0,37.77777777777778,7,8,8,7.6,Gold,8.0,A (Protect - Weekly),10.0
PH-0430,6149872839,Emily,Morrison,Rheumatology,T-035,North Brianna,WA,12,Anderson PLC Medical School,116.0,101.0,14.85148514851485,33.0,28.448275862068968,9,8,6,7.8,Gold,7.0,A (Protect - Weekly),4.0
PH-0431,3843089487,Aaron,Simmons,Cardiology,T-011,Port Sheilachester,PR,33,Hill-Frazier Medical School,282.0,205.0,37.5609756097561,105.0,37.234042553191486,10,9,7,8.799999999999999,Platinum,8.0,A (Protect - Weekly),2.0
PH-0432,7758030468,Shane,Smith,Family Practice,T-015,West Christopher,OK,32,Mooney and Sons Medical School,231.0,265.0,-12.830188679245284,66.0,28.57142857142857,10,3,6,6.7,Silver,4.5,C (Retain - Monthly),20.0
PH-0433,6133254110,Timothy,Morton,Hematology,T-023,Marybury,CT,26,Allen-Peterson Medical School,2.0,0.0,0.0,0.0,0.0,2,5,1,2.6,Bronze,3.0,D (Monitor - Quarterly),67.0
PH-0434,583199717,Beth,Miller,Internal Medicine,T-034,North Nicholasland,WY,29,Brown Group Medical School,39.0,13.0,200.0,3.0,7.6923076923076925,7,10,3,6.700000000000001,Silver,6.5,A (Protect - Weekly),17.0
PH-0435,496110804,Melissa,Morales,Hospitalist,T-035,Halltown,NH,13,Marshall-Patterson Medical School,53.0,57.0,-7.017543859649122,15.0,28.30188679245283,8,4,6,6.2,Silver,5.0,C (Retain - Monthly),26.0
PH-0436,9915078593,Daniel,Smith,Geriatrics,T-015,New Kristineborough,MH,29,"Martinez, Hicks and Kelly Medical School",65.0,44.0,47.72727272727273,15.0,23.07692307692308,8,9,4,7.1000000000000005,Gold,6.5,A (Protect - Weekly),17.0
PH-0437,7972320024,Breanna,Palmer,Gastroenterology,T-032,Larryside,WI,2,Hernandez LLC Medical School,31.0,29.0,6.896551724137931,8.0,25.806451612903224,6,7,5,6.0,Silver,6.0,B (Grow - Bi-weekly),30.0
PH-0438,9545089203,William,Conley,Hematology,T-020,South Mauriceborough,SC,22,Glover LLC Medical School,6.0,2.0,200.0,4.0,66.66666666666666,3,10,10,7.2,Gold,10.0,B (Grow - Bi-weekly),10.0
PH-0439,3779599594,Robert,Martin,Internal Medicine,T-003,Walterton,NM,17,Mora Ltd Medical School,110.0,82.0,34.14634146341464,24.0,21.818181818181817,9,9,4,7.5,Gold,6.5,A (Protect - Weekly),11.0
PH-0440,3379337563,Richard,Mckenzie,Hospitalist,T-028,West Alejandrostad,AK,29,"Wilson, Roberts and Lee Medical School",48.0,45.0,6.666666666666667,13.0,27.08333333333333,7,7,5,6.4,Silver,6.0,A (Protect - Weekly),22.0
PH-0441,9500334234,Jennifer,Morgan,Hospitalist,T-016,East James,HI,37,Lozano-Smith Medical School,3.0,0.0,0.0,0.0,0.0,2,5,1,2.6,Bronze,3.0,D (Monitor - Quarterly),29.0
PH-0442,2615347355,Donna,Pugh,Neurology,T-006,Johnsland,DE,19,Andrade and Sons Medical School,10.0,20.0,-50.0,2.0,20.0,4,1,4,3.1,Bronze,2.5,D (Monitor - Quarterly),47.0
PH-0443,3386559630,Kathryn,Matthews,Internal Medicine,T-003,Kristinemouth,IA,1,Soto LLC Medical School,7.0,3.0,133.33333333333331,0.0,0.0,3,10,1,4.5,Bronze,5.5,D (Monitor - Quarterly),35.0
PH-0444,2897317912,William,Potter,Family Practice,T-038,Victormouth,HI,15,Marquez-Fox Medical School,12.0,13.0,-7.6923076923076925,6.0,50.0,4,4,9,5.5,Bronze,6.5,B (Grow - Bi-weekly),26.0
PH-0445,7774969033,Patricia,Hayes,Rheumatology,T-035,South Jeffery,NE,25,Duncan-Walls Medical School,0.0,0.0,0.0,0.0,0.0,1,5,1,2.2,Bronze,3.0,D (Monitor - Quarterly),56.0
PH-0446,5481214785,Jerry,Williams,Gastroenterology,T-018,Ronaldmouth,NE,15,Richardson-Jimenez Medical School,15.0,12.0,25.0,7.0,46.66666666666666,5,8,9,7.1,Gold,8.5,B (Grow - Bi-weekly),13.0
PH-0447,4602734151,Kelly,Shaw,Family Practice,T-027,Port Joshuabury,CT,8,Jones Inc Medical School,28.0,28.0,0.0,12.0,42.85714285714285,6,5,8,6.300000000000001,Silver,6.5,B (Grow - Bi-weekly),16.0
PH-0448,8353544439,Whitney,Murillo,Internal Medicine,T-025,Alanport,LA,17,Logan-Powell Medical School,39.0,34.0,14.705882352941178,9.0,23.07692307692308,7,7,4,6.1000000000000005,Silver,5.5,C (Retain - Monthly),20.0
PH-0449,6907826333,Thomas,Black,Cardiology,T-008,Sharpmouth,MA,15,Edwards and Sons Medical School,56.0,67.0,-16.417910447761194,25.0,44.642857142857146,8,3,9,6.799999999999999,Silver,6.0,A (Protect - Weekly),22.0
PH-0450,6637780529,Morgan,Torres,Family Practice,T-007,South Lisastad,MA,3,Barnes Ltd Medical School,116.0,104.0,11.538461538461538,36.0,31.03448275862069,9,7,6,7.5,Gold,6.5,A (Protect - Weekly),6.0
PH-0451,6845909022,Tiffany,Gamble,Oncology,T-024,Bairdborough,MO,3,Ferguson and Sons Medical School,4.0,3.0,33.33333333333333,0.0,0.0,2,8,1,3.5,Bronze,4.5,D (Monitor - Quarterly),47.0
PH-0452,7159741218,Gregory,Serrano,Internal Medicine,T-015,Johnsonborough,CA,25,Campbell-Hall Medical School,2.0,3.0,-33.33333333333333,0.0,0.0,2,2,1,1.7,Bronze,1.5,D (Monitor - Quarterly),54.0
PH-0453,8170580256,Peter,Mayo,Cardiology,T-007,New Robert,WA,17,Price and Sons Medical School,163.0,153.0,6.535947712418301,76.0,46.62576687116564,9,7,9,8.4,Platinum,8.0,A (Protect - Weekly),3.0
PH-0454,2346729949,James,Moran,Neurology,T-020,Hilltown,FL,36,Brown-Ross Medical School,3.0,4.0,-25.0,0.0,0.0,2,2,1,1.7,Bronze,1.5,D (Monitor - Quarterly),55.0
PH-0455,3859777901,Keith,Ibarra,Nephrology,T-022,Reedport,MO,2,"Colon, Horn and Perry Medical School",569.0,607.0,-6.260296540362438,159.0,27.943760984182774,10,4,5,6.7,Silver,4.5,C (Retain - Monthly),17.0
PH-0456,2967629160,John,Harrell,Oncology,T-011,Nicoleside,LA,13,"Hendricks, Wolfe and Bowen Medical School",101.0,71.0,42.25352112676056,41.0,40.5940594059406,9,9,8,8.7,Platinum,8.5,A (Protect - Weekly),3.0
PH-0457,3768151185,Robert,Martin,Internal Medicine,T-021,New Bradley,AK,18,Fowler Ltd Medical School,25.0,17.0,47.05882352941176,8.0,32.0,6,9,6,6.9,Silver,7.5,B (Grow - Bi-weekly),17.0
PH-0458,7656360041,Jenna,Taylor,Pulmonology,T-018,Washingtonland,CO,31,"Sandoval, Reeves and Kim Medical School",737.0,749.0,-1.602136181575434,164.0,22.25237449118046,10,5,4,6.7,Silver,4.5,C (Retain - Monthly),15.0
PH-0459,7422091241,Amanda,Myers,Gastroenterology,T-011,Lake Kathrynview,FL,25,Howard-Robinson Medical School,2.0,0.0,0.0,0.0,0.0,2,5,1,2.6,Bronze,3.0,D (Monitor - Quarterly),42.0
PH-0460,837081647,Brian,Smith,Geriatrics,T-038,Wangbury,MN,8,Gonzalez Inc Medical School,3.0,12.0,-75.0,0.0,0.0,2,1,1,1.4,Bronze,1.0,D (Monitor - Quarterly),56.0
PH-0461,6005313122,Bradley,Hunt,Gastroenterology,T-024,Marcusborough,RI,17,Villa Group Medical School,24.0,37.0,-35.13513513513514,8.0,33.33333333333333,6,2,7,5.1000000000000005,Bronze,4.5,D (Monitor - Quarterly),34.0
PH-0462,6133155206,Destiny,Smith,Cardiology,T-032,South Jeffrey,TN,15,Santos-Wood Medical School,15.0,20.0,-25.0,8.0,53.333333333333336,5,2,10,5.6,Bronze,6.0,B (Grow - Bi-weekly),33.0
PH-0463,1364971892,Johnathan,Davis,Family Practice,T-022,Tinafurt,TX,28,"Anderson, Thompson and Gill Medical School",281.0,268.0,4.850746268656716,92.0,32.74021352313167,10,7,7,8.2,Platinum,7.0,A (Protect - Weekly),1.0
PH-0464,5715099768,Danielle,Hall,Gastroenterology,T-010,East Andrewville,ME,40,Rojas and Sons Medical School,0.0,0.0,0.0,0.0,0.0,1,5,1,2.2,Bronze,3.0,D (Monitor - Quarterly),52.0
PH-0465,9102574326,James,Johnson,Cardiology,T-033,Stevensonmouth,DC,2,Stewart-Buchanan Medical School,24.0,43.0,-44.18604651162791,10.0,41.66666666666667,6,1,8,5.1,Bronze,4.5,D (Monitor - Quarterly),32.0
PH-0466,864035533,Amber,Knox,Endocrinology,T-013,Port Grace,VA,30,Franklin Group Medical School,19.0,25.0,-24.0,5.0,26.31578947368421,5,3,5,4.4,Bronze,4.0,D (Monitor - Quarterly),45.0
PH-0467,8527017130,Cynthia,Thomas,Cardiology,T-026,East Christopher,OR,22,"Guerra, Frederick and Young Medical School",64.0,54.0,18.51851851851852,27.0,42.1875,8,8,8,8.0,Platinum,8.0,A (Protect - Weekly),10.0
PH-0468,1674233629,John,Mitchell,Family Practice,T-038,Faulknerborough,KY,39,Miller-Kaufman Medical School,10.0,10.0,0.0,3.0,30.0,4,5,6,4.9,Bronze,5.5,D (Monitor - Quarterly),29.0
PH-0469,6627768962,Lori,Leon,Internal Medicine,T-015,Port Patrickland,WV,34,Larson-Hernandez Medical School,18.0,8.0,125.0,9.0,50.0,5,10,9,7.699999999999999,Gold,9.5,B (Grow - Bi-weekly),6.0
PH-0470,2467474689,Timothy,Cook,Cardiology,T-040,Gonzalezborough,AL,11,Hensley Ltd Medical School,149.0,136.0,9.558823529411764,79.0,53.02013422818792,9,7,10,8.7,Platinum,8.5,A (Protect - Weekly),1.0
PH-0471,5766656749,Charles,Dyer,Internal Medicine,T-006,South Sarahburgh,ID,9,Krueger-Wise Medical School,6.0,7.0,-14.285714285714285,2.0,33.33333333333333,3,3,7,4.2,Bronze,5.0,D (Monitor - Quarterly),41.0
PH-0472,5875066337,Austin,Li,Hospitalist,T-039,Lake Elizabethberg,KS,31,"Gibson, Becker and King Medical School",78.0,93.0,-16.129032258064516,12.0,15.384615384615383,8,3,3,5.0,Bronze,3.0,C (Retain - Monthly),27.0
PH-0473,9920116691,April,Lopez,Endocrinology,T-012,Martinchester,KS,8,"Turner, Ponce and Barrett Medical School",22.0,27.0,-18.51851851851852,7.0,31.818181818181817,6,3,6,5.1,Bronze,4.5,D (Monitor - Quarterly),31.0
PH-0474,6946119524,Kaitlyn,Conrad,Hospitalist,T-028,Haletown,GA,20,Smith-Jones Medical School,65.0,54.0,20.37037037037037,12.0,18.461538461538463,8,8,4,6.8,Silver,6.0,A (Protect - Weekly),17.0
PH-0475,6864622522,James,White,Family Practice,T-007,South Ashleyborough,HI,11,Brown and Sons Medical School,48.0,80.0,-40.0,16.0,33.33333333333333,7,2,7,5.5,Bronze,4.5,C (Retain - Monthly),31.0
PH-0476,3467912141,Nicholas,Hill,Emergency Medicine,T-004,Anthonybury,NJ,6,Chambers-Garcia Medical School,8.0,2.0,300.0,0.0,0.0,3,10,1,4.5,Bronze,5.5,D (Monitor - Quarterly),40.0
PH-0477,409013806,Carrie,Hatfield,Oncology,T-026,Sarahfort,WV,3,Munoz-Rogers Medical School,26.0,24.0,8.333333333333332,12.0,46.15384615384615,6,7,9,7.199999999999999,Gold,8.0,B (Grow - Bi-weekly),20.0
PH-0478,5535669055,Linda,Smith,Cardiology,T-014,Hardyberg,AK,11,"Martinez, Schmidt and Tapia Medical School",176.0,189.0,-6.878306878306878,82.0,46.590909090909086,10,4,9,7.9,Platinum,6.5,A (Protect - Weekly),5.0
PH-0479,3579786305,Allen,Ward,Gastroenterology,T-012,Port Jillmouth,IN,23,"Washington, Stevenson and Bauer Medical School",7.0,18.0,-61.11111111111112,1.0,14.285714285714285,3,1,3,2.4000000000000004,Bronze,2.0,D (Monitor - Quarterly),40.0
PH-0480,5671649328,Nancy,Glover,Pulmonology,T-025,East Tylerland,ME,19,"Davies, Archer and Owens Medical School",414.0,466.0,-11.158798283261802,108.0,26.08695652173913,10,4,5,6.7,Silver,4.5,C (Retain - Monthly),14.0
PH-0481,7178333211,Ryan,Baldwin,General Practice,T-036,West Raven,WI,8,Robinson-Scott Medical School,18.0,15.0,20.0,10.0,55.55555555555556,5,8,10,7.4,Gold,9.0,B (Grow - Bi-weekly),8.0
PH-0482,7128715399,Calvin,Cooper,Geriatrics,T-032,Valdezside,PR,18,Stokes-Walker Medical School,4.0,0.0,0.0,1.0,25.0,2,5,5,3.8,Bronze,5.0,D (Monitor - Quarterly),52.0
PH-0483,1411159319,Michael,Castaneda,Cardiology,T-019,Raytown,ME,22,Lawrence and Sons Medical School,16.0,21.0,-23.809523809523807,8.0,50.0,5,3,9,5.6,Bronze,6.0,B (Grow - Bi-weekly),36.0
PH-0484,6655289931,Randall,Medina,Family Practice,T-003,Stewartport,MP,28,Porter Group Medical School,418.0,383.0,9.138381201044384,152.0,36.36363636363637,10,7,7,8.2,Platinum,7.0,A (Protect - Weekly),4.0
PH-0485,2942095481,Joshua,Abbott,Internal Medicine,T-035,Welchborough,NM,29,Padilla-Bennett Medical School,6.0,14.0,-57.14285714285714,3.0,50.0,3,1,9,4.2,Bronze,5.0,D (Monitor - Quarterly),45.0
PH-0486,5233027642,Vickie,Kelley,Family Practice,T-015,Robertofort,MI,33,Myers-Rose Medical School,134.0,157.0,-14.64968152866242,62.0,46.26865671641791,9,3,9,7.199999999999999,Gold,6.0,A (Protect - Weekly),15.0
PH-0487,4438612590,Melissa,Mckinney,Geriatrics,T-030,Penashire,DC,21,Dominguez-Carter Medical School,127.0,139.0,-8.633093525179856,17.0,13.385826771653544,9,4,3,5.699999999999999,Bronze,3.5,C (Retain - Monthly),28.0
PH-0488,2333059126,Stephanie,Simmons,Gastroenterology,T-024,North Cody,NJ,20,Landry Inc Medical School,8.0,16.0,-50.0,4.0,50.0,3,1,9,4.2,Bronze,5.0,D (Monitor - Quarterly),42.0
PH-0489,8596263013,Randy,Turner,Neurology,T-028,Lake Julie,WI,20,"Esparza, Lambert and Davis Medical School",1.0,0.0,0.0,0.0,0.0,1,5,1,2.2,Bronze,3.0,D (Monitor - Quarterly),51.0
PH-0490,7647501111,Tracy,Barnett,Endocrinology,T-032,North Brenda,OK,36,Hill-Mcgee Medical School,35.0,61.0,-42.62295081967213,8.0,22.857142857142858,7,1,4,4.3,Bronze,2.5,C (Retain - Monthly),48.0
PH-0491,9267649215,Bryan,Stout,Cardiology,T-034,South Lisa,AK,36,Hawkins-Herrera Medical School,16.0,11.0,45.45454545454545,4.0,25.0,5,9,5,6.199999999999999,Silver,7.0,B (Grow - Bi-weekly),28.0
PH-0492,8718981312,Michelle,Neal,Geriatrics,T-034,New Sethmouth,DE,36,Anderson and Sons Medical School,66.0,70.0,-5.714285714285714,12.0,18.181818181818183,8,4,4,5.6000000000000005,Bronze,4.0,C (Retain - Monthly),36.0
PH-0493,2184011845,Tammy,Jackson,Family Practice,T-012,East Kevinhaven,MH,3,Hopkins-Wallace Medical School,19.0,23.0,-17.391304347826086,12.0,63.1578947368421,5,3,10,5.9,Silver,6.5,B (Grow - Bi-weekly),21.0
PH-0494,9758598831,Elaine,Williams,Neurology,T-040,East Donaldborough,DC,21,"Arnold, Vargas and Ramirez Medical School",16.0,23.0,-30.434782608695656,8.0,50.0,5,2,9,5.3,Bronze,5.5,D (Monitor - Quarterly),32.0
PH-0495,9618446267,Christopher,King,Rheumatology,T-035,Bentleyberg,ND,26,Jones Ltd Medical School,69.0,71.0,-2.8169014084507045,15.0,21.73913043478261,8,4,4,5.6000000000000005,Bronze,4.0,C (Retain - Monthly),30.0
PH-0496,4359892625,Victoria,Hamilton,Gastroenterology,T-030,New Johnview,DE,23,"Rodriguez, Kelley and Jones Medical School",8.0,14.0,-42.85714285714285,0.0,0.0,3,1,1,1.8000000000000005,Bronze,1.0,D (Monitor - Quarterly),51.0
PH-0497,1554234016,Tiffany,Walker,Neurology,T-014,Port Saraburgh,NC,14,"Hutchinson, Chapman and Roman Medical School",22.0,8.0,175.0,6.0,27.27272727272727,6,10,5,6.9,Silver,7.5,B (Grow - Bi-weekly),17.0
PH-0498,1859484910,George,Potts,Endocrinology,T-037,Whiteside,OH,5,"Macias, Powell and Vargas Medical School",12.0,6.0,100.0,1.0,8.333333333333332,4,10,3,5.5,Bronze,6.5,B (Grow - Bi-weekly),33.0
PH-0499,4082226940,Samantha,Fowler,Cardiology,T-014,Jasminebury,TX,39,"Barnes, Ellis and Gonzales Medical School",33.0,8.0,312.5,10.0,30.303030303030305,7,10,6,7.6,Gold,8.0,A (Protect - Weekly),9.0
PH-0500,5784468341,Stacey,Russell,Family Practice,T-002,Meganland,CA,39,"Allen, Davis and Johnston Medical School",28.0,24.0,16.666666666666664,7.0,25.0,6,8,5,6.300000000000001,Silver,6.5,B (Grow - Bi-weekly),25.0
PH-0501,1487068277,Zachary,Cuevas,Internal Medicine,T-025,South Alexanderborough,PW,28,"Smith, Coleman and Ferguson Medical School",89.0,110.0,-19.090909090909093,43.0,48.31460674157304,9,3,9,7.199999999999999,Gold,6.0,A (Protect - Weekly),13.0
PH-0502,5389097283,Gregory,Richardson,Internal Medicine,T-037,New Michael,AR,5,Simpson-Jackson Medical School,12.0,14.0,-14.285714285714285,1.0,8.333333333333332,4,3,3,3.4,Bronze,3.0,D (Monitor - Quarterly),43.0
PH-0503,1538144744,Jason,Rojas,Family Practice,T-040,Robinsonport,SD,12,"Petersen, Johnson and Ford Medical School",23.0,35.0,-34.285714285714285,4.0,17.391304347826086,6,2,3,3.9,Bronze,2.5,D (Monitor - Quarterly),43.0
PH-0504,9705097545,Daniel,Bailey,Internal Medicine,T-023,South Michael,CT,31,Vasquez-Miller Medical School,52.0,49.0,6.122448979591836,5.0,9.615384615384617,8,7,3,6.200000000000001,Silver,5.0,C (Retain - Monthly),29.0
PH-0505,8261702437,Randall,Evans,Internal Medicine,T-003,Mcclainside,AS,14,Rodriguez-Gonzales Medical School,13.0,6.0,116.66666666666669,7.0,53.84615384615385,4,10,10,7.6,Gold,10.0,B (Grow - Bi-weekly),9.0
PH-0506,7225605313,Justin,Anderson,Family Practice,T-029,Mannington,GA,10,"Gonzalez, Mendoza and Ortega Medical School",8.0,10.0,-20.0,4.0,50.0,3,3,9,4.8,Bronze,6.0,B (Grow - Bi-weekly),40.0
PH-0507,4167872568,Jessica,Harmon,Pulmonology,T-001,Andersonville,WY,5,Martinez LLC Medical School,234.0,248.0,-5.64516129032258,80.0,34.18803418803419,10,4,7,7.300000000000001,Gold,5.5,C (Retain - Monthly),12.0
PH-0508,8030569067,Keith,Tucker,Internal Medicine,T-012,Wrightberg,VA,1,"Lopez, Campbell and Wilson Medical School",58.0,60.0,-3.333333333333333,25.0,43.103448275862064,8,4,8,6.800000000000001,Silver,6.0,A (Protect - Weekly),16.0
PH-0509,4363718923,Victoria,Garza,Internal Medicine,T-020,East David,MO,28,Hill and Sons Medical School,28.0,34.0,-17.647058823529413,9.0,32.142857142857146,6,3,6,5.1,Bronze,4.5,D (Monitor - Quarterly),34.0
PH-0510,2609310668,Kirk,Schultz,Cardiology,T-037,East Matthew,NJ,37,Hicks Ltd Medical School,60.0,43.0,39.53488372093023,24.0,40.0,8,9,8,8.3,Platinum,8.5,A (Protect - Weekly),3.0
PH-0511,414545635,Patty,White,Endocrinology,T-028,North Donnamouth,IL,15,Kennedy-Kerr Medical School,0.0,0.0,0.0,0.0,0.0,1,5,1,2.2,Bronze,3.0,D (Monitor - Quarterly),52.0
PH-0512,1624755411,Elizabeth,Vega,Nephrology,T-020,West Michael,AS,14,Paul-Chapman Medical School,39.0,28.0,39.285714285714285,4.0,10.256410256410255,7,9,3,6.4,Silver,6.0,A (Protect - Weekly),22.0
PH-0513,9534396112,Crystal,Guzman,Cardiology,T-037,New Tanyaborough,ID,20,"Griffin, Garcia and Mcmahon Medical School",44.0,19.0,131.57894736842107,30.0,68.18181818181817,7,10,10,8.8,Platinum,10.0,A (Protect - Weekly),1.0
PH-0514,9547382023,Robert,Dawson,Cardiology,T-001,Patriciamouth,SC,35,"Wilson, Graham and Webb Medical School",35.0,35.0,0.0,19.0,54.285714285714285,7,5,10,7.300000000000001,Gold,7.5,A (Protect - Weekly),13.0
PH-0515,8802942409,Bruce,Compton,Family Practice,T-005,Lake Lisa,NM,33,"Patel, Palmer and Jones Medical School",5.0,21.0,-76.19047619047619,3.0,60.0,2,1,10,4.1,Bronze,5.5,D (Monitor - Quarterly),45.0
PH-0516,7868669432,Adam,Armstrong,Endocrinology,T-014,Port Williamhaven,VT,12,"Warren, Turner and Robinson Medical School",0.0,0.0,0.0,0.0,0.0,1,5,1,2.2,Bronze,3.0,D (Monitor - Quarterly),36.0
PH-0517,4812308340,Danielle,Mcmahon,Internal Medicine,T-024,Saraview,VI,34,Day and Sons Medical School,9.0,5.0,80.0,4.0,44.44444444444444,3,10,9,6.9,Silver,9.5,B (Grow - Bi-weekly),11.0
PH-0518,3810595518,Joseph,Anderson,Family Practice,T-029,Markton,SC,39,Holloway and Sons Medical School,383.0,389.0,-1.5424164524421593,139.0,36.29242819843342,10,5,7,7.6,Gold,6.0,A (Protect - Weekly),11.0
PH-0519,4240891649,Andrea,Montoya,Family Practice,T-023,West Joseph,OR,38,"Morton, Mullins and Moore Medical School",14.0,20.0,-30.0,8.0,57.14285714285714,4,2,10,5.2,Bronze,6.0,B (Grow - Bi-weekly),41.0
PH-0520,3652717272,Lisa,Thompson,Internal Medicine,T-016,Hardingburgh,SD,8,Smith-Martin Medical School,29.0,18.0,61.11111111111112,5.0,17.24137931034483,6,9,3,6.0,Silver,6.0,B (Grow - Bi-weekly),15.0
PH-0521,2693121637,Regina,Waller,Hospitalist,T-001,Lake Alisontown,PA,8,Gray Inc Medical School,0.0,0.0,0.0,0.0,0.0,1,5,1,2.2,Bronze,3.0,D (Monitor - Quarterly),54.0
PH-0522,1002314290,Laura,Smith,Internal Medicine,T-038,New Jillmouth,PR,5,"Miller, Taylor and Malone Medical School",0.0,0.0,0.0,0.0,0.0,1,5,1,2.2,Bronze,3.0,D (Monitor - Quarterly),52.0
PH-0523,7245723084,Courtney,Martinez,Hospitalist,T-034,North Amyville,NY,1,Thomas-Barr Medical School,42.0,60.0,-30.0,14.0,33.33333333333333,7,2,7,5.5,Bronze,4.5,C (Retain - Monthly),37.0
PH-0524,366254361,Travis,Ewing,Oncology,T-026,North Stephanie,LA,10,Jones-Cook Medical School,31.0,19.0,63.1578947368421,1.0,3.225806451612903,6,9,3,6.0,Silver,6.0,B (Grow - Bi-weekly),35.0
PH-0525,5109226859,Howard,Coleman,Cardiology,T-018,Colleenport,MI,17,Nelson Group Medical School,30.0,28.0,7.142857142857142,18.0,60.0,6,7,10,7.5,Gold,8.5,B (Grow - Bi-weekly),6.0
PH-0526,5410225267,Jennifer,Floyd,Oncology,T-040,Briggsville,OK,12,Moyer-Ramirez Medical School,5.0,6.0,-16.666666666666664,4.0,80.0,2,3,10,4.7,Bronze,6.5,B (Grow - Bi-weekly),36.0
PH-0527,1522655767,Heather,Gutierrez,Cardiology,T-025,Devonbury,MS,4,Dunn-Ryan Medical School,87.0,75.0,16.0,48.0,55.172413793103445,9,8,10,9.0,Platinum,9.0,A (Protect - Weekly),1.0
PH-0528,7883619689,Kimberly,Shepherd,Pulmonology,T-019,Lake Christopher,MN,31,Harris Inc Medical School,0.0,0.0,0.0,0.0,0.0,1,5,1,2.2,Bronze,3.0,D (Monitor - Quarterly),59.0
PH-0529,5872105524,Steven,Conley,Pulmonology,T-005,Sanchezbury,AR,26,"Taylor, Hayden and Padilla Medical School",1.0,5.0,-80.0,0.0,0.0,1,1,1,1.0,Bronze,1.0,D (Monitor - Quarterly),56.0
PH-0530,6065019179,Monica,Johnson,Family Practice,T-002,Donaldbury,CA,6,Carroll Group Medical School,16.0,30.0,-46.66666666666666,14.0,87.5,5,1,10,5.3,Bronze,5.5,D (Monitor - Quarterly),37.0
PH-0531,2272847657,Kimberly,Dominguez,Internal Medicine,T-033,Danielton,FM,25,"Johnson, Potter and Gordon Medical School",11.0,8.0,37.5,6.0,54.54545454545454,4,9,10,7.3,Gold,9.5,B (Grow - Bi-weekly),5.0
PH-0532,667849843,Rodney,Moore,Geriatrics,T-009,New Nicholasberg,WA,13,Morales Inc Medical School,13.0,0.0,0.0,3.0,23.07692307692308,4,5,4,4.3,Bronze,4.5,D (Monitor - Quarterly),39.0
PH-0533,3628917756,Margaret,Martin,Internal Medicine,T-011,Deborahborough,KY,4,Garcia LLC Medical School,41.0,43.0,-4.651162790697675,9.0,21.951219512195124,7,4,4,5.2,Bronze,4.0,C (Retain - Monthly),31.0
PH-0534,9503428113,Carla,Avila,Pulmonology,T-038,Jacobborough,SC,4,Allen Inc Medical School,42.0,29.0,44.82758620689656,8.0,19.047619047619047,7,9,4,6.7,Silver,6.5,A (Protect - Weekly),14.0
PH-0535,9909700514,Alan,Kelly,Pulmonology,T-006,Susanhaven,ID,34,Walton-Swanson Medical School,88.0,78.0,12.82051282051282,18.0,20.454545454545457,9,7,4,6.9,Silver,5.5,C (Retain - Monthly),15.0
PH-0536,2156818209,Laura,Woods,Hematology,T-023,West Evanmouth,CO,19,"Davis, Higgins and Wilkerson Medical School",5.0,24.0,-79.16666666666666,0.0,0.0,2,1,1,1.4,Bronze,1.0,D (Monitor - Quarterly),73.0
PH-0537,2288985725,Kelly,Hanson,Geriatrics,T-001,Williamsfurt,IA,24,Shea PLC Medical School,0.0,0.0,0.0,0.0,0.0,1,5,1,2.2,Bronze,3.0,D (Monitor - Quarterly),55.0
PH-0538,1297102481,Victor,Gibson,Internal Medicine,T-007,West Evan,KY,25,"Cox, Davis and White Medical School",8.0,9.0,-11.11111111111111,1.0,12.5,3,4,3,3.3000000000000003,Bronze,3.5,D (Monitor - Quarterly),45.0
PH-0539,7474721970,Michael,Mitchell,Family Practice,T-001,Vincentberg,NV,12,Hunt-Weber Medical School,832.0,912.0,-8.771929824561402,300.0,36.05769230769231,10,4,7,7.300000000000001,Gold,5.5,C (Retain - Monthly),14.0
PH-0540,5516874090,Joyce,Sanchez,Neurology,T-015,East Melissaport,MS,21,Hudson Inc Medical School,20.0,27.0,-25.925925925925924,2.0,10.0,5,2,3,3.5,Bronze,2.5,D (Monitor - Quarterly),46.0
PH-0541,3671577871,Christopher,Dennis,Family Practice,T-029,Tateborough,MO,25,Brown-Peterson Medical School,63.0,38.0,65.78947368421053,19.0,30.15873015873016,8,9,6,7.7,Gold,7.5,A (Protect - Weekly),9.0
PH-0542,9737147082,Stacy,Thomas,Nephrology,T-032,West Ashley,PA,35,Brown-Stokes Medical School,0.0,0.0,0.0,0.0,0.0,1,5,1,2.2,Bronze,3.0,D (Monitor - Quarterly),59.0
PH-0543,6730306442,Christopher,Jones,Internal Medicine,T-026,Millermouth,VI,11,Warren-Caldwell Medical School,38.0,23.0,65.21739130434783,21.0,55.26315789473685,7,9,10,8.5,Platinum,9.5,A (Protect - Weekly),3.0
PH-0544,4201654235,Sheri,Olson,Neurology,T-014,Lake Samuel,PW,10,"Hudson, Morrow and Hoffman Medical School",0.0,0.0,0.0,0.0,0.0,1,5,1,2.2,Bronze,3.0,D (Monitor - Quarterly),37.0
PH-0545,9319925502,Peggy,Peck,Rheumatology,T-009,Linville,WY,3,"Russell, Meyer and Smith Medical School",32.0,20.0,60.0,10.0,31.25,7,9,6,7.3,Gold,7.5,A (Protect - Weekly),9.0
PH-0546,7279103368,Kim,Burke,Endocrinology,T-008,West Jason,ID,2,"Ray, Smith and Cervantes Medical School",217.0,183.0,18.5792349726776,64.0,29.493087557603687,10,8,6,8.2,Platinum,7.0,A (Protect - Weekly),2.0
PH-0547,448177665,Michael,Daniels,Family Practice,T-029,Danielburgh,NH,26,Brooks-Tran Medical School,589.0,584.0,0.8561643835616438,211.0,35.82342954159593,10,6,7,7.9,Platinum,6.5,A (Protect - Weekly),5.0
PH-0548,2866464911,Linda,Garcia,Cardiology,T-005,New Sarahville,NM,34,"Walton, Ho and Garcia Medical School",34.0,28.0,21.428571428571427,14.0,41.17647058823529,7,8,8,7.6,Gold,8.0,A (Protect - Weekly),5.0
PH-0549,7890463378,Patrick,Gonzalez,Endocrinology,T-015,Sampsonstad,WY,36,Gutierrez-Hoover Medical School,14.0,12.0,16.666666666666664,4.0,28.57142857142857,4,8,6,5.8,Bronze,7.0,B (Grow - Bi-weekly),31.0
PH-0550,6053844446,Emily,Smith,Neurology,T-023,Johnsontown,FL,6,Randall-Stone Medical School,257.0,304.0,-15.460526315789474,62.0,24.12451361867704,10,3,5,6.4,Silver,4.0,C (Retain - Monthly),28.0
PH-0551,9552963863,Christina,Long,Rheumatology,T-021,Port Sarahchester,DC,23,"Myers, Chandler and Powell Medical School",39.0,41.0,-4.878048780487805,11.0,28.205128205128204,7,4,6,5.8,Bronze,5.0,C (Retain - Monthly),28.0
PH-0552,5826312819,Kristen,Cameron,Family Practice,T-016,Maryburgh,MD,15,Davis Inc Medical School,0.0,0.0,0.0,0.0,0.0,1,5,1,2.2,Bronze,3.0,D (Monitor - Quarterly),30.0
PH-0553,6092098196,Anthony,Gross,Internal Medicine,T-011,Waltersstad,HI,15,Delgado and Sons Medical School,14.0,19.0,-26.31578947368421,4.0,28.57142857142857,4,2,6,4.0,Bronze,4.0,D (Monitor - Quarterly),38.0
PH-0554,4383640412,Courtney,Little,Internal Medicine,T-013,North Stephenville,CT,22,Campbell and Sons Medical School,10.0,7.0,42.85714285714285,0.0,0.0,4,9,1,4.6,Bronze,5.0,D (Monitor - Quarterly),41.0
PH-0555,1175361706,Charles,Chung,Internal Medicine,T-014,East Gracefurt,FM,4,Schultz-Hayes Medical School,5.0,36.0,-86.11111111111111,1.0,20.0,2,1,4,2.3,Bronze,2.5,D (Monitor - Quarterly),35.0
PH-0556,2240299015,Victoria,Webb,Internal Medicine,T-027,East Aimeeview,DE,29,Obrien PLC Medical School,22.0,18.0,22.22222222222222,13.0,59.09090909090909,6,8,10,7.800000000000001,Platinum,9.0,B (Grow - Bi-weekly),2.0
PH-0557,882351305,Dillon,Miller,Oncology,T-035,West Joshua,ID,8,Bailey PLC Medical School,28.0,21.0,33.33333333333333,8.0,28.57142857142857,6,8,6,6.6000000000000005,Silver,7.0,B (Grow - Bi-weekly),21.0
PH-0558,4776863423,Gloria,Clay,Internal Medicine,T-036,Suzanneville,OR,30,"Collins, Bauer and Mckay Medical School",16.0,13.0,23.07692307692308,7.0,43.75,5,8,8,6.800000000000001,Silver,8.0,B (Grow - Bi-weekly),15.0
PH-0559,7676945919,Patrick,Gonzalez,Gastroenterology,T-013,Nathanielland,NV,4,Preston PLC Medical School,3.0,5.0,-40.0,0.0,0.0,2,2,1,1.7,Bronze,1.5,D (Monitor - Quarterly),64.0
PH-0560,4964985601,Hector,Morris,Oncology,T-030,West John,IL,11,"Watson, Thomas and Edwards Medical School",21.0,18.0,16.666666666666664,6.0,28.57142857142857,5,8,6,6.2,Silver,7.0,B (Grow - Bi-weekly),20.0
PH-0561,505379538,Carl,Campbell,Internal Medicine,T-010,New Jeff,OH,39,Moran-Shah Medical School,116.0,117.0,-0.8547008547008548,35.0,30.17241379310345,9,5,6,6.9,Silver,5.5,C (Retain - Monthly),11.0
PH-0562,1966553307,Victor,Mooney,Endocrinology,T-007,Wilsonmouth,GA,36,"Murphy, Reyes and Ray Medical School",42.0,35.0,20.0,9.0,21.428571428571427,7,8,4,6.4,Silver,6.0,A (Protect - Weekly),16.0
PH-0563,4090742608,Samantha,Williams,Family Practice,T-007,North Terrychester,VA,1,Hill-Molina Medical School,12.0,12.0,0.0,8.0,66.66666666666666,4,5,10,6.1,Silver,7.5,B (Grow - Bi-weekly),22.0
PH-0564,6185790647,Trevor,Davidson,Family Practice,T-013,Port Nathanielville,AK,22,Williams Inc Medical School,307.0,307.0,0.0,111.0,36.15635179153095,10,5,7,7.6,Gold,6.0,A (Protect - Weekly),11.0
PH-0565,2156321358,Veronica,Villa,Oncology,T-022,West Nicoleton,DE,28,Valentine Inc Medical School,176.0,176.0,0.0,45.0,25.568181818181817,10,5,5,7.0,Gold,5.0,C (Retain - Monthly),9.0
PH-0566,4596422971,David,Atkins,Internal Medicine,T-009,Walshville,NC,15,"Allen, Woods and Henry Medical School",6.0,9.0,-33.33333333333333,3.0,50.0,3,2,9,4.5,Bronze,5.5,D (Monitor - Quarterly),36.0
PH-0567,4573144158,Mary,Sanchez,Neurology,T-008,Lake Christian,NM,24,Lewis Ltd Medical School,0.0,0.0,0.0,0.0,0.0,1,5,1,2.2,Bronze,3.0,D (Monitor - Quarterly),54.0
PH-0568,3763715398,Willie,Edwards,Family Practice,T-026,Jeanetteberg,PR,27,"Garcia, Anderson and Rangel Medical School",85.0,57.0,49.122807017543856,33.0,38.82352941176471,9,9,8,8.7,Platinum,8.5,A (Protect - Weekly),1.0
PH-0569,6798363146,Frank,Parker,Hematology,T-024,East Stevenville,WA,19,Allen Group Medical School,92.0,83.0,10.843373493975903,19.0,20.65217391304348,9,7,4,6.9,Silver,5.5,C (Retain - Monthly),12.0
PH-0570,2407875418,Christopher,Reynolds,Geriatrics,T-039,South Wayne,NY,10,Brown-Nelson Medical School,457.0,460.0,-0.6521739130434783,107.0,23.413566739606125,10,5,4,6.7,Silver,4.5,C (Retain - Monthly),11.0
PH-0571,1066343629,Joshua,Lawson,Oncology,T-019,Rodriguezton,SD,36,Haley and Sons Medical School,124.0,151.0,-17.880794701986755,35.0,28.225806451612907,9,3,6,6.3,Silver,4.5,C (Retain - Monthly),31.0
PH-0572,1009431814,Jeremy,Oliver,Internal Medicine,T-005,Myersville,IN,35,"Holloway, Holt and Simpson Medical School",41.0,32.0,28.125,2.0,4.878048780487805,7,8,3,6.1,Silver,5.5,C (Retain - Monthly),23.0
PH-0573,2354940128,Rebecca,Howell,Geriatrics,T-033,Melissabury,GA,21,Maldonado-Jackson Medical School,27.0,18.0,50.0,4.0,14.814814814814811,6,9,3,6.0,Silver,6.0,B (Grow - Bi-weekly),25.0
PH-0574,5720765024,Nicole,Jackson,Cardiology,T-037,New Michaelfort,OR,15,Freeman and Sons Medical School,0.0,0.0,0.0,0.0,0.0,1,5,1,2.2,Bronze,3.0,D (Monitor - Quarterly),56.0
PH-0575,7100943882,Kari,Rowe,Internal Medicine,T-007,West Lindamouth,NV,32,Navarro-Fritz Medical School,10.0,10.0,0.0,0.0,0.0,4,5,1,3.4,Bronze,3.0,D (Monitor - Quarterly),43.0
PH-0576,4745705458,Kim,Vincent,Neurology,T-009,Rodriguezhaven,VA,14,"Smith, Irwin and Chase Medical School",19.0,17.0,11.76470588235294,9.0,47.368421052631575,5,7,9,6.799999999999999,Silver,8.0,B (Grow - Bi-weekly),12.0
PH-0577,2570396531,James,Blevins,Neurology,T-025,West Natalieside,MH,2,Archer-Liu Medical School,32.0,39.0,-17.94871794871795,4.0,12.5,7,3,3,4.6,Bronze,3.0,C (Retain - Monthly),36.0
PH-0578,2455696443,Blake,Meyer,Internal Medicine,T-007,Maryville,NE,21,Knight-Sparks Medical School,36.0,25.0,44.0,11.0,30.55555555555556,7,9,6,7.3,Gold,7.5,A (Protect - Weekly),7.0
PH-0579,5410727284,Cindy,Beck,Pulmonology,T-039,Tommyland,AS,11,Smith-Williams Medical School,63.0,49.0,28.57142857142857,13.0,20.634920634920636,8,8,4,6.8,Silver,6.0,A (Protect - Weekly),9.0
PH-0580,4910740650,Brendan,Taylor,General Practice,T-019,Kristenhaven,TN,4,"Moore, Miller and Nelson Medical School",9.0,7.0,28.57142857142857,6.0,66.66666666666666,3,8,10,6.6,Silver,9.0,B (Grow - Bi-weekly),27.0
PH-0581,3691430753,Lisa,Walsh,Gastroenterology,T-032,Rossville,MH,39,Mora-Harper Medical School,24.0,24.0,0.0,10.0,41.66666666666667,6,5,8,6.300000000000001,Silver,6.5,B (Grow - Bi-weekly),26.0
PH-0582,2965923426,Angela,Turner,Hematology,T-036,West Ashleymouth,ND,40,Bennett Group Medical School,0.0,0.0,0.0,0.0,0.0,1,5,1,2.2,Bronze,3.0,D (Monitor - Quarterly),56.0
PH-0583,1287585756,Steven,Ali,Neurology,T-036,Johnsonside,AK,3,Davis-Taylor Medical School,7.0,19.0,-63.1578947368421,4.0,57.14285714285714,3,1,10,4.5,Bronze,5.5,D (Monitor - Quarterly),41.0
PH-0584,4398529894,Brian,Bruce,Family Practice,T-033,South Elizabeth,NH,6,"Stevens, Brown and Brown Medical School",76.0,72.0,5.555555555555555,28.0,36.84210526315789,8,7,7,7.4,Gold,7.0,A (Protect - Weekly),4.0
PH-0585,1591497501,Joy,Craig,Family Practice,T-004,Lake Jamieberg,OH,13,"Coffey, Taylor and Jacobson Medical School",67.0,40.0,67.5,28.0,41.7910447761194,8,9,8,8.3,Platinum,8.5,A (Protect - Weekly),5.0
PH-0586,2440793110,Eric,Hobbs,Endocrinology,T-002,East Jamesfort,AK,5,"Wallace, Brown and Martinez Medical School",1327.0,1396.0,-4.9426934097421205,296.0,22.30595327807084,10,4,4,6.4,Silver,4.0,C (Retain - Monthly),24.0
PH-0587,6723849791,Ryan,Fields,Cardiology,T-032,East Lori,TN,21,Jackson Ltd Medical School,9.0,14.0,-35.714285714285715,5.0,55.55555555555556,3,2,10,4.800000000000001,Bronze,6.0,B (Grow - Bi-weekly),40.0
PH-0588,8377441975,Elizabeth,Myers,Internal Medicine,T-008,South Robertchester,FL,3,Campbell Inc Medical School,34.0,16.0,112.5,12.0,35.294117647058826,7,10,7,7.9,Platinum,8.5,A (Protect - Weekly),5.0
PH-0589,9609409705,Sydney,Mcdonald,Endocrinology,T-003,Hillburgh,MI,22,"Foley, Gordon and Bailey Medical School",5.0,14.0,-64.28571428571429,0.0,0.0,2,1,1,1.4,Bronze,1.0,D (Monitor - Quarterly),49.0
PH-0590,8681225957,Jennifer,Buchanan,Pulmonology,T-023,Kristenport,MO,2,Hendricks Ltd Medical School,12.0,16.0,-25.0,0.0,0.0,4,2,1,2.5,Bronze,1.5,D (Monitor - Quarterly),69.0
PH-0591,7679298842,Heidi,Chapman,Family Practice,T-035,Breannafurt,CA,34,Johnson Ltd Medical School,139.0,138.0,0.7246376811594203,45.0,32.37410071942446,9,6,6,7.2,Gold,6.0,A (Protect - Weekly),10.0
PH-0592,2311775331,Rachel,Thompson,Family Practice,T-008,Camposchester,CA,22,Salazar Inc Medical School,72.0,36.0,100.0,20.0,27.77777777777778,8,10,5,7.7,Gold,7.5,A (Protect - Weekly),7.0
PH-0593,175902517,Nicholas,Zhang,Nephrology,T-036,East Johnny,NV,5,"Mitchell, Harris and Martin Medical School",127.0,141.0,-9.929078014184398,21.0,16.535433070866144,9,4,3,5.699999999999999,Bronze,3.5,C (Retain - Monthly),31.0
PH-0594,8319013020,Michael,Russell,Internal Medicine,T-031,West Jacobhaven,NM,16,Collier PLC Medical School,5.0,10.0,-50.0,2.0,40.0,2,1,8,3.5,Bronze,4.5,D (Monitor - Quarterly),41.0
PH-0595,7855982176,Colleen,Sawyer,Family Practice,T-030,East Kimberlyport,CT,16,Jimenez Inc Medical School,174.0,138.0,26.08695652173913,67.0,38.50574712643678,10,8,8,8.8,Platinum,8.0,A (Protect - Weekly),2.0
PH-0596,9850344651,Monique,Moore,Cardiology,T-016,Charlesshire,IA,12,"Frederick, Porter and Ross Medical School",1.0,0.0,0.0,1.0,100.0,1,5,10,4.9,Bronze,7.5,B (Grow - Bi-weekly),21.0
PH-0597,819740056,Jose,Cook,General Practice,T-003,East Jamesmouth,WV,16,"Gaines, Brown and Snyder Medical School",123.0,159.0,-22.641509433962263,30.0,24.390243902439025,9,3,5,6.0,Silver,4.0,C (Retain - Monthly),27.0
PH-0598,9905169918,Timothy,Anderson,Family Practice,T-023,North Austinhaven,IN,28,"Bell, Woods and Harrington Medical School",15.0,9.0,66.66666666666666,7.0,46.66666666666666,5,9,9,7.399999999999999,Gold,9.0,B (Grow - Bi-weekly),15.0
PH-0599,3000389608,Timothy,Hughes,General Practice,T-005,Dominguezchester,UT,20,Dunn-Wilson Medical School,11.0,9.0,22.22222222222222,2.0,18.181818181818183,4,8,4,5.2,Bronze,6.0,B (Grow - Bi-weekly),35.0
PH-0600,1955356033,Christopher,Smith,Emergency Medicine,T-001,Burgessside,OK,30,Ritter Inc Medical School,19.0,24.0,-20.833333333333336,3.0,15.789473684210526,5,3,3,3.8,Bronze,3.0,D (Monitor - Quarterly),49.0
PH-0601,3010272405,Michael,Rios,Endocrinology,T-006,West David,MO,22,Sandoval-Douglas Medical School,252.0,262.0,-3.816793893129771,83.0,32.93650793650794,10,4,7,7.300000000000001,Gold,5.5,C (Retain - Monthly),10.0
PH-0602,1483753745,Kimberly,Carter,Cardiology,T-039,New Patricia,MD,32,"Weaver, Garcia and Reed Medical School",0.0,0.0,0.0,0.0,0.0,1,5,1,2.2,Bronze,3.0,D (Monitor - Quarterly),44.0
PH-0603,6974132834,Judy,Clark,Internal Medicine,T-016,Jennyberg,AZ,12,Hale Ltd Medical School,10.0,22.0,-54.54545454545454,7.0,70.0,4,1,10,4.9,Bronze,5.5,D (Monitor - Quarterly),22.0
PH-0604,7107044964,Margaret,Miller,Hematology,T-034,Melissafurt,NM,14,Roy Group Medical School,107.0,107.0,0.0,29.0,27.102803738317757,9,5,5,6.6,Silver,5.0,C (Retain - Monthly),19.0
PH-0605,7033626804,Anthony,Hines,Cardiology,T-023,New Karenmouth,MP,2,Patrick-Garza Medical School,21.0,19.0,10.526315789473683,9.0,42.85714285714285,5,7,8,6.5,Silver,7.5,B (Grow - Bi-weekly),25.0
PH-0606,596601864,Michele,Hurley,Family Practice,T-002,Colemanshire,WI,27,"Green, Horne and Mcdonald Medical School",8.0,5.0,60.0,3.0,37.5,3,9,8,6.3,Silver,8.5,B (Grow - Bi-weekly),27.0
PH-0607,3204413845,Ashley,Johnson,Internal Medicine,T-001,Michaelview,WY,11,"Patrick, Franklin and Martinez Medical School",19.0,17.0,11.76470588235294,2.0,10.526315789473683,5,7,3,5.0,Bronze,5.0,D (Monitor - Quarterly),42.0
PH-0608,9542770707,Benjamin,Howard,Oncology,T-023,South Brian,CO,26,Prince-Arnold Medical School,8.0,15.0,-46.66666666666666,4.0,50.0,3,1,9,4.2,Bronze,5.0,D (Monitor - Quarterly),57.0
PH-0609,1724447232,Dylan,Williamson,Neurology,T-006,East Dannyton,HI,35,"Hunter, Alexander and Stewart Medical School",201.0,185.0,8.64864864864865,47.0,23.383084577114428,10,7,4,7.3,Gold,5.5,C (Retain - Monthly),11.0
PH-0610,8304405809,Jimmy,Rodriguez,Hematology,T-015,Wilsonland,IA,22,Nguyen LLC Medical School,50.0,63.0,-20.634920634920636,21.0,42.0,8,3,8,6.5,Silver,5.5,C (Retain - Monthly),23.0
PH-0611,6164205955,Theresa,Merritt,Nephrology,T-012,Thomasport,RI,38,Martin Inc Medical School,23.0,16.0,43.75,8.0,34.78260869565217,6,9,7,7.199999999999999,Gold,8.0,B (Grow - Bi-weekly),9.0
PH-0612,4290193588,Krista,Marquez,Oncology,T-035,South Mariah,AZ,30,"Barber, James and Cuevas Medical School",1161.0,1120.0,3.660714285714286,315.0,27.131782945736436,10,7,5,7.6,Gold,6.0,A (Protect - Weekly),5.0
PH-0613,1139898681,Melanie,Rose,Geriatrics,T-030,New Thomashaven,NC,14,Stewart-Lee Medical School,10.0,16.0,-37.5,3.0,30.0,4,2,6,4.0,Bronze,4.0,D (Monitor - Quarterly),42.0
PH-0614,9435353751,Heather,Wallace,Oncology,T-016,Coxstad,OH,7,"Jones, Cox and Washington Medical School",0.0,0.0,0.0,0.0,0.0,1,5,1,2.2,Bronze,3.0,D (Monitor - Quarterly),31.0
PH-0615,3763928369,Elizabeth,Jacobs,Internal Medicine,T-009,Matthewville,CO,15,Fisher-Lucero Medical School,14.0,1.0,1300.0,3.0,21.428571428571427,4,10,4,5.8,Bronze,7.0,B (Grow - Bi-weekly),25.0
PH-0616,9732702164,Kathy,Dawson,Family Practice,T-002,Newtonberg,VI,27,Bass Inc Medical School,16.0,21.0,-23.809523809523807,4.0,25.0,5,3,5,4.4,Bronze,4.0,D (Monitor - Quarterly),48.0
PH-0617,2128866526,Heidi,Allen,Gastroenterology,T-018,Davidmouth,OR,14,"Jensen, Mcknight and Williams Medical School",3.0,6.0,-50.0,0.0,0.0,2,1,1,1.4,Bronze,1.0,D (Monitor - Quarterly),55.0
PH-0618,5767647229,Sabrina,Zuniga,General Practice,T-010,East Paulashire,OR,25,Craig-Chavez Medical School,307.0,303.0,1.32013201320132,87.0,28.338762214983717,10,6,6,7.6,Gold,6.0,A (Protect - Weekly),6.0
PH-0619,5728941347,Matthew,Elliott,Nephrology,T-033,Mitchellfurt,MD,36,Mckay Inc Medical School,52.0,57.0,-8.771929824561402,18.0,34.61538461538461,8,4,7,6.5,Silver,5.5,C (Retain - Monthly),19.0
PH-0620,3684995154,Gabriel,Roberts,Neurology,T-001,Gonzalesburgh,LA,16,Zhang-Molina Medical School,14.0,3.0,366.6666666666666,6.0,42.85714285714285,4,10,8,7.0,Gold,9.0,B (Grow - Bi-weekly),16.0
PH-0621,3421388209,Rachel,Moyer,Hematology,T-003,North Tracy,GU,35,Wood LLC Medical School,23.0,31.0,-25.806451612903224,3.0,13.043478260869565,6,2,3,3.9,Bronze,2.5,D (Monitor - Quarterly),38.0
PH-0622,9678274117,Pamela,Snyder,Family Practice,T-025,Port Derrickview,VA,13,"Wilson, Gomez and Miller Medical School",77.0,50.0,54.0,27.0,35.064935064935064,8,9,7,8.0,Platinum,8.0,A (Protect - Weekly),6.0
PH-0623,3152854781,Jasmine,Edwards,Family Practice,T-008,South Craighaven,MD,21,Skinner Ltd Medical School,343.0,324.0,5.864197530864197,132.0,38.48396501457726,10,7,8,8.5,Platinum,7.5,A (Protect - Weekly),1.0
PH-0624,32963347,Edward,Cervantes,Cardiology,T-025,Campbellborough,SC,15,Tapia Ltd Medical School,204.0,202.0,0.99009900990099,98.0,48.03921568627451,10,6,9,8.5,Platinum,7.5,A (Protect - Weekly),2.0
PH-0625,3061789320,Robert,Baker,Hospitalist,T-012,Welchbury,SC,32,Washington-Sandoval Medical School,21.0,26.0,-19.230769230769237,6.0,28.57142857142857,5,3,6,4.699999999999999,Bronze,4.5,D (Monitor - Quarterly),34.0
PH-0626,2434776958,Timothy,Davis,Internal Medicine,T-028,Port Kathrynchester,NV,13,Wright-Coleman Medical School,61.0,95.0,-35.78947368421053,24.0,39.34426229508197,8,2,8,6.2,Silver,5.0,C (Retain - Monthly),26.0
PH-0627,2751562779,Robert,Young,Hospitalist,T-020,Josephborough,FM,18,Brown-Ingram Medical School,26.0,23.0,13.043478260869565,15.0,57.692307692307686,6,7,10,7.5,Gold,8.5,B (Grow - Bi-weekly),7.0
PH-0628,4566766404,Todd,Robinson,Internal Medicine,T-006,West Sethbury,OK,32,Herrera Ltd Medical School,30.0,32.0,-6.25,15.0,50.0,6,4,9,6.300000000000001,Silver,6.5,B (Grow - Bi-weekly),22.0
PH-0629,1995298006,Christopher,Bush,Internal Medicine,T-002,Katieside,CA,23,"Williams, Clark and Nichols Medical School",6.0,2.0,200.0,0.0,0.0,3,10,1,4.5,Bronze,5.5,D (Monitor - Quarterly),45.0
PH-0630,2863425563,Angela,Wright,Internal Medicine,T-005,North Meganhaven,CT,19,"Sanders, Washington and Moore Medical School",7.0,0.0,0.0,3.0,42.85714285714285,3,5,8,5.1,Bronze,6.5,B (Grow - Bi-weekly),37.0
PH-0631,4033041662,Loretta,Mcdowell,Internal Medicine,T-025,North Charleschester,AK,2,Newton PLC Medical School,29.0,30.0,-3.333333333333333,8.0,27.58620689655172,6,4,5,5.1000000000000005,Bronze,4.5,D (Monitor - Quarterly),31.0
PH-0632,9219639456,William,Johnson,Family Practice,T-031,Stephenville,KS,15,"Johnston, Bennett and Jordan Medical School",14.0,6.0,133.33333333333331,4.0,28.57142857142857,4,10,6,6.4,Silver,8.0,B (Grow - Bi-weekly),17.0
PH-0633,3684748836,Andre,Crawford,General Practice,T-019,Beanside,VT,9,Chavez PLC Medical School,0.0,0.0,0.0,0.0,0.0,1,5,1,2.2,Bronze,3.0,D (Monitor - Quarterly),60.0
PH-0634,637579145,Douglas,Soto,Internal Medicine,T-009,North Annborough,VI,28,Watkins-Miller Medical School,67.0,57.0,17.543859649122805,23.0,34.32835820895522,8,8,7,7.699999999999999,Gold,7.5,A (Protect - Weekly),4.0
PH-0635,6978930746,Larry,Morgan,Internal Medicine,T-007,North Marc,OK,16,"Russell, Smith and Vaughn Medical School",0.0,0.0,0.0,0.0,0.0,1,5,1,2.2,Bronze,3.0,D (Monitor - Quarterly),50.0
PH-0636,8787535778,Angela,Singh,Gastroenterology,T-033,North Ronaldland,MS,4,Sherman and Sons Medical School,32.0,27.0,18.51851851851852,10.0,31.25,7,8,6,7.0,Gold,7.0,A (Protect - Weekly),8.0
PH-0637,8123710672,Connie,Warren,Neurology,T-040,Lake Morgan,MT,17,Smith-Wilson Medical School,25.0,22.0,13.636363636363637,4.0,16.0,6,7,3,5.4,Bronze,5.0,D (Monitor - Quarterly),28.0
PH-0638,4485959224,Alexandra,Harris,Internal Medicine,T-029,Aprilview,NJ,36,Clark-Rivera Medical School,554.0,592.0,-6.418918918918918,180.0,32.49097472924188,10,4,6,7.0,Gold,5.0,C (Retain - Monthly),19.0
PH-0639,2287056227,Carlos,Rowland,Endocrinology,T-039,Jacquelineborough,UT,37,Medina LLC Medical School,17.0,21.0,-19.047619047619047,9.0,52.94117647058824,5,3,10,5.9,Silver,6.5,B (Grow - Bi-weekly),19.0
PH-0640,1097921583,Michael,Smith,Emergency Medicine,T-035,West Justin,PW,7,Silva-Torres Medical School,0.0,0.0,0.0,0.0,0.0,1,5,1,2.2,Bronze,3.0,D (Monitor - Quarterly),57.0
PH-0641,9648831921,Jessica,Ramirez,Endocrinology,T-022,Anneberg,AS,14,"Matthews, Miranda and Rivera Medical School",17.0,42.0,-59.523809523809526,3.0,17.647058823529413,5,1,3,3.2,Bronze,2.0,D (Monitor - Quarterly),43.0
PH-0642,9949732033,Christopher,Pratt,Internal Medicine,T-022,East Fred,VI,5,Morris Inc Medical School,126.0,111.0,13.513513513513514,43.0,34.12698412698413,9,7,7,7.800000000000001,Platinum,7.0,A (Protect - Weekly),4.0
PH-0643,2876754813,Ann,Bennett,Cardiology,T-002,Mccarthystad,ME,27,"Stewart, Miller and Jacobs Medical School",5250.0,5391.0,-2.615470228158041,2308.0,43.96190476190476,10,4,9,7.9,Platinum,6.5,A (Protect - Weekly),6.0
PH-0644,3242687741,Angela,Graham,Family Practice,T-038,Gregorystad,PR,15,Townsend-Reed Medical School,15.0,19.0,-21.052631578947366,11.0,73.33333333333333,5,3,10,5.9,Silver,6.5,B (Grow - Bi-weekly),18.0
PH-0645,6398365203,Scott,Fox,Nephrology,T-023,New Lanceville,PW,39,Moon-Shaw Medical School,13.0,7.0,85.71428571428571,7.0,53.84615384615385,4,10,10,7.6,Gold,10.0,B (Grow - Bi-weekly),11.0
PH-0646,940476044,Colleen,Maddox,Neurology,T-013,Port Jenniferfort,PA,21,"Gibson, Thompson and Brady Medical School",158.0,167.0,-5.389221556886228,40.0,25.31645569620253,9,4,5,6.3,Silver,4.5,C (Retain - Monthly),24.0
PH-0647,8105092221,Robert,Singleton,Oncology,T-021,South Danaton,MD,18,Hodge LLC Medical School,3.0,8.0,-62.5,0.0,0.0,2,1,1,1.4,Bronze,1.0,D (Monitor - Quarterly),56.0
PH-0648,3905529580,Shelia,Powell,Cardiology,T-032,North Jameshaven,FL,36,"Adams, Thompson and Williams Medical School",46.0,56.0,-17.857142857142858,18.0,39.130434782608695,7,3,8,6.1,Silver,5.5,C (Retain - Monthly),28.0
PH-0649,9386204485,David,Owens,Family Practice,T-011,New Sarahland,DE,21,White Inc Medical School,21.0,16.0,31.25,4.0,19.047619047619047,5,8,4,5.6000000000000005,Bronze,6.0,B (Grow - Bi-weekly),26.0
PH-0650,2590203571,Natalie,Harding,Geriatrics,T-026,Maryborough,WA,4,"Anderson, Brown and Mccarthy Medical School",0.0,0.0,0.0,0.0,0.0,1,5,1,2.2,Bronze,3.0,D (Monitor - Quarterly),55.0
PH-0651,2429563343,Gregory,Phillips,Geriatrics,T-018,Bakerfort,MI,40,"Cox, Barton and Mills Medical School",18.0,5.0,260.0,14.0,77.77777777777779,5,10,10,8.0,Platinum,10.0,B (Grow - Bi-weekly),5.0
PH-0652,2096289365,Debbie,Fleming,Oncology,T-029,Jaredhaven,OH,29,"Bauer, Davis and Ayala Medical School",8.0,7.0,14.285714285714285,1.0,12.5,3,7,3,4.2,Bronze,5.0,D (Monitor - Quarterly),44.0
PH-0653,4374018272,Tanner,Morris,Family Practice,T-021,Barrettton,MD,13,"Garcia, Howard and Santana Medical School",56.0,55.0,1.818181818181818,24.0,42.85714285714285,8,6,8,7.4,Gold,7.0,A (Protect - Weekly),8.0
PH-0654,2675512542,Steven,Lopez,Internal Medicine,T-017,South Lisamouth,OR,9,"Neal, Simon and Wells Medical School",371.0,375.0,-1.0666666666666669,115.0,30.997304582210244,10,5,6,7.3,Gold,5.5,C (Retain - Monthly),16.0
PH-0655,3459576403,Kathryn,Santana,Hospitalist,T-002,South Ronaldview,OK,29,Watkins-Martin Medical School,7.0,5.0,40.0,0.0,0.0,3,9,1,4.2,Bronze,5.0,D (Monitor - Quarterly),49.0
PH-0656,2498392250,Tara,Parker,Internal Medicine,T-040,Port Michael,MO,21,Murray Ltd Medical School,98.0,89.0,10.112359550561797,38.0,38.775510204081634,9,7,8,8.1,Platinum,7.5,A (Protect - Weekly),5.0
PH-0657,2324412336,Christopher,Sanchez,Oncology,T-034,Adamburgh,MI,8,Ruiz Ltd Medical School,0.0,0.0,0.0,0.0,0.0,1,5,1,2.2,Bronze,3.0,D (Monitor - Quarterly),62.0
PH-0658,6376731625,Kathryn,Anderson,Emergency Medicine,T-008,Rachaelchester,PA,15,Ferguson-Reed Medical School,26.0,27.0,-3.7037037037037033,10.0,38.46153846153847,6,4,8,6.0,Silver,6.0,B (Grow - Bi-weekly),31.0
PH-0659,9039235558,Madeline,Bishop,Emergency Medicine,T-023,Melendezbury,DC,24,Lopez-Clark Medical School,2.0,0.0,0.0,2.0,100.0,2,5,10,5.3,Bronze,7.5,B (Grow - Bi-weekly),40.0
PH-0660,6156262446,Emma,Castillo,Emergency Medicine,T-005,Susanchester,HI,32,Sanders PLC Medical School,259.0,225.0,15.11111111111111,54.0,20.84942084942085,10,8,4,7.6,Gold,6.0,A (Protect - Weekly),6.0
PH-0661,1715160252,Autumn,Cruz,General Practice,T-023,Smithfurt,NE,37,Turner LLC Medical School,66.0,62.0,6.451612903225806,25.0,37.87878787878788,8,7,8,7.700000000000001,Gold,7.5,A (Protect - Weekly),10.0
PH-0662,1978575851,Kristen,Pollard,Cardiology,T-008,Bergland,FL,23,Rogers Ltd Medical School,76.0,43.0,76.74418604651163,28.0,36.84210526315789,8,9,7,8.0,Platinum,8.0,A (Protect - Weekly),4.0
PH-0663,9438976074,Bill,Parrish,Gastroenterology,T-024,Richardsonstad,KS,35,Rogers-Phillips Medical School,81.0,89.0,-8.98876404494382,19.0,23.456790123456788,9,4,4,6.0,Silver,4.0,C (Retain - Monthly),23.0
PH-0664,842456075,Kenneth,Johnson,Cardiology,T-005,West Jessicaside,WA,20,Wright-Miller Medical School,49.0,52.0,-5.769230769230769,20.0,40.81632653061224,7,4,8,6.4,Silver,6.0,A (Protect - Weekly),19.0
PH-0665,1227645793,Samantha,Berger,Rheumatology,T-031,Williamsmouth,MN,36,Thomas Ltd Medical School,485.0,474.0,2.320675105485232,96.0,19.79381443298969,10,6,4,7.0,Gold,5.0,C (Retain - Monthly),12.0
PH-0666,1681546602,Stephanie,Scott,Family Practice,T-015,Port Ritaville,WY,19,Duncan LLC Medical School,51.0,52.0,-1.9230769230769231,15.0,29.411764705882355,8,4,6,6.2,Silver,5.0,C (Retain - Monthly),26.0
PH-0667,9883059736,Joshua,Barker,Pulmonology,T-028,West Walter,AZ,5,"Ross, White and Mitchell Medical School",206.0,226.0,-8.849557522123893,66.0,32.03883495145632,10,4,6,7.0,Gold,5.0,C (Retain - Monthly),14.0
PH-0668,630624479,Kristy,Reid,Endocrinology,T-032,East Jeffreymouth,IN,8,Carr Ltd Medical School,19.0,26.0,-26.923076923076923,6.0,31.57894736842105,5,2,6,4.4,Bronze,4.0,D (Monitor - Quarterly),46.0
PH-0669,9796958678,Alexander,Peterson,Internal Medicine,T-038,Lynnberg,NH,32,"Porter, Patel and Jackson Medical School",3.0,3.0,0.0,0.0,0.0,2,5,1,2.6,Bronze,3.0,D (Monitor - Quarterly),51.0
PH-0670,6460917851,Jared,Mercer,Endocrinology,T-017,Kevinmouth,NV,31,"Mcdonald, Moore and Richards Medical School",18.0,23.0,-21.73913043478261,1.0,5.555555555555555,5,3,3,3.8,Bronze,3.0,D (Monitor - Quarterly),55.0
PH-0671,9596604873,Nicholas,Medina,Hematology,T-040,Lawsonville,CT,25,Robinson-Gay Medical School,2.0,3.0,-33.33333333333333,0.0,0.0,2,2,1,1.7,Bronze,1.5,D (Monitor - Quarterly),56.0
PH-0672,9422686536,Rachel,Ramirez,General Practice,T-015,Crystalmouth,NY,3,"Patel, Perez and Powell Medical School",28.0,37.0,-24.324324324324326,7.0,25.0,6,3,5,4.800000000000001,Bronze,4.0,D (Monitor - Quarterly),37.0
PH-0673,7472264085,Kathryn,Douglas,Internal Medicine,T-004,South Bettychester,MT,14,Lopez-Johnson Medical School,21.0,27.0,-22.22222222222222,6.0,28.57142857142857,5,3,6,4.699999999999999,Bronze,4.5,D (Monitor - Quarterly),39.0
PH-0674,3299819960,Mark,Wright,Cardiology,T-025,Cohenstad,AK,10,"Guzman, Clarke and Price Medical School",38.0,52.0,-26.923076923076923,20.0,52.63157894736842,7,2,9,6.1,Silver,5.5,C (Retain - Monthly),21.0
PH-0675,8327532735,David,Brown,Oncology,T-012,East Beckymouth,IA,27,"Morrison, Fritz and Robles Medical School",0.0,0.0,0.0,0.0,0.0,1,5,1,2.2,Bronze,3.0,D (Monitor - Quarterly),42.0
PH-0676,7819523710,Kaitlyn,Fleming,General Practice,T-013,Camachofort,VI,32,Jones-Butler Medical School,3.0,5.0,-40.0,3.0,100.0,2,2,10,4.4,Bronze,6.0,B (Grow - Bi-weekly),46.0
PH-0677,4819807704,Lisa,Clayton,Rheumatology,T-032,West Reginaldhaven,SC,32,"Alexander, Cobb and Garcia Medical School",19.0,19.0,0.0,0.0,0.0,5,5,1,3.8,Bronze,3.0,D (Monitor - Quarterly),53.0
PH-0678,4912565237,Jason,Davis,Pulmonology,T-011,South Rachelfort,WV,10,Sherman LLC Medical School,300.0,325.0,-7.6923076923076925,99.0,33.0,10,4,7,7.300000000000001,Gold,5.5,C (Retain - Monthly),12.0
PH-0679,4757494902,Earl,Roberts,Family Practice,T-040,West Anna,VT,18,Parker-Baldwin Medical School,14.0,15.0,-6.666666666666667,1.0,7.142857142857142,4,4,3,3.7,Bronze,3.5,D (Monitor - Quarterly),44.0
PH-0680,9477422294,Michele,Scott,Internal Medicine,T-025,North Melissa,OR,40,Hernandez-Smith Medical School,11.0,24.0,-54.16666666666666,8.0,72.72727272727273,4,1,10,4.9,Bronze,5.5,D (Monitor - Quarterly),35.0
PH-0681,5886792529,Melissa,Edwards,Family Practice,T-025,Nicholasfort,SD,22,Harrell Group Medical School,56.0,73.0,-23.28767123287671,19.0,33.92857142857143,8,3,7,6.199999999999999,Silver,5.0,C (Retain - Monthly),19.0
PH-0682,2760153433,Edward,Franklin,Internal Medicine,T-020,Lake Jamesfort,NH,21,"Durham, Escobar and Larsen Medical School",39.0,34.0,14.705882352941178,16.0,41.02564102564102,7,7,8,7.300000000000001,Gold,7.5,A (Protect - Weekly),8.0
PH-0683,8335061581,Joseph,Nixon,Pulmonology,T-021,Port Brianshire,NC,35,Sanchez Ltd Medical School,11.0,8.0,37.5,3.0,27.27272727272727,4,9,5,5.8,Bronze,7.0,B (Grow - Bi-weekly),29.0
PH-0684,2337209484,Christopher,Lee,Pulmonology,T-030,East Alexandraton,IL,39,Sanchez PLC Medical School,19.0,12.0,58.333333333333336,5.0,26.31578947368421,5,9,5,6.199999999999999,Silver,7.0,B (Grow - Bi-weekly),21.0
PH-0685,7718051371,Scott,Alvarez,Geriatrics,T-018,New Bridgetfort,ME,21,"Smith, Jordan and Stein Medical School",0.0,0.0,0.0,0.0,0.0,1,5,1,2.2,Bronze,3.0,D (Monitor - Quarterly),51.0
PH-0686,7399704694,Travis,Thompson,Rheumatology,T-021,Palmerport,KS,8,"Wright, Hill and Hoffman Medical School",429.0,428.0,0.233644859813084,116.0,27.03962703962704,10,6,5,7.3,Gold,5.5,C (Retain - Monthly),10.0
PH-0687,4712705877,Frank,Jones,Rheumatology,T-007,Chambersville,VI,23,Peterson-Mcdaniel Medical School,4.0,3.0,33.33333333333333,3.0,75.0,2,8,10,6.2,Silver,9.0,B (Grow - Bi-weekly),20.0
PH-0688,2313348458,Thomas,Cohen,Pulmonology,T-011,New Emily,MD,22,Lee Group Medical School,11.0,11.0,0.0,6.0,54.54545454545454,4,5,10,6.1,Silver,7.5,B (Grow - Bi-weekly),25.0
PH-0689,2292587964,Jeremy,Baker,Rheumatology,T-025,Nathanport,MA,22,"Gomez, Mcgee and Cole Medical School",0.0,0.0,0.0,0.0,0.0,1,5,1,2.2,Bronze,3.0,D (Monitor - Quarterly),46.0
PH-0690,6966060652,Theresa,Wang,Endocrinology,T-013,Port Janetborough,TN,18,"Scott, Wall and Johnson Medical School",8.0,2.0,300.0,0.0,0.0,3,10,1,4.5,Bronze,5.5,D (Monitor - Quarterly),42.0
PH-0691,6658833987,Melissa,Rodriguez,Cardiology,T-021,East Mark,NJ,15,"Watkins, Crane and Arroyo Medical School",107.0,94.0,13.829787234042554,46.0,42.99065420560748,9,7,8,8.1,Platinum,7.5,A (Protect - Weekly),2.0
PH-0692,6734996010,Danielle,Hill,Cardiology,T-031,Samuelport,DE,15,Taylor-Brady Medical School,12.0,5.0,140.0,2.0,16.666666666666664,4,10,3,5.5,Bronze,6.5,B (Grow - Bi-weekly),25.0
PH-0693,5622949381,Samuel,Murphy,Endocrinology,T-024,Angelaport,UT,13,Taylor Inc Medical School,0.0,0.0,0.0,0.0,0.0,1,5,1,2.2,Bronze,3.0,D (Monitor - Quarterly),53.0
PH-0694,5573257375,Mason,Byrd,Family Practice,T-037,Jonathantown,DC,33,May Group Medical School,18.0,25.0,-28.000000000000004,6.0,33.33333333333333,5,2,7,4.7,Bronze,4.5,D (Monitor - Quarterly),37.0
PH-0695,6708085096,Wendy,Moyer,Endocrinology,T-019,Kristyfort,LA,23,"Cook, Jones and Jones Medical School",0.0,0.0,0.0,0.0,0.0,1,5,1,2.2,Bronze,3.0,D (Monitor - Quarterly),61.0
PH-0696,1818281979,Debra,Lee,Pulmonology,T-039,Port Gabriellaview,NH,25,Preston-Gamble Medical School,0.0,0.0,0.0,0.0,0.0,1,5,1,2.2,Bronze,3.0,D (Monitor - Quarterly),45.0
PH-0697,2512957860,Richard,Carter,Hematology,T-008,Smithbury,MD,16,Hernandez-Foley Medical School,93.0,67.0,38.80597014925373,17.0,18.27956989247312,9,9,4,7.5,Gold,6.5,A (Protect - Weekly),11.0
PH-0698,9587395923,Kendra,Harris,Oncology,T-005,North Anthony,PA,3,Chan PLC Medical School,75.0,59.0,27.11864406779661,18.0,24.0,8,8,5,7.1,Gold,6.5,A (Protect - Weekly),12.0
PH-0699,5155333426,Vickie,Hall,General Practice,T-040,Port Michael,DC,35,Martinez-Gould Medical School,181.0,170.0,6.470588235294119,32.0,17.67955801104972,10,7,3,7.0,Gold,5.0,C (Retain - Monthly),14.0
PH-0700,736077633,Kelli,Lawrence,Family Practice,T-034,North Tanyahaven,PW,25,"Ramsey, Martinez and Sherman Medical School",135.0,136.0,-0.7352941176470588,47.0,34.81481481481482,9,5,7,7.199999999999999,Gold,6.0,A (Protect - Weekly),12.0
PH-0701,1795563318,Michael,Scott,Nephrology,T-039,South Allenfurt,AS,27,Ross-Mathews Medical School,49.0,22.0,122.72727272727272,3.0,6.122448979591836,7,10,3,6.700000000000001,Silver,6.5,A (Protect - Weekly),10.0
PH-0702,5541643167,Allen,Brandt,Internal Medicine,T-013,Brandonbury,HI,9,"Smith, Stone and Taylor Medical School",2.0,0.0,0.0,2.0,100.0,2,5,10,5.3,Bronze,7.5,B (Grow - Bi-weekly),37.0
PH-0703,7009345962,Robert,Thompson,Nephrology,T-022,Lake Lisa,TN,26,Diaz Inc Medical School,54.0,78.0,-30.76923076923077,10.0,18.51851851851852,8,2,4,5.0,Bronze,3.0,C (Retain - Monthly),35.0
PH-0704,2073465495,Anthony,Johnson,Oncology,T-012,South Austinberg,PW,17,Williams-Bennett Medical School,90.0,101.0,-10.891089108910892,11.0,12.22222222222222,9,4,3,5.699999999999999,Bronze,3.5,C (Retain - Monthly),23.0
PH-0705,9822105316,Vanessa,Rodriguez,Cardiology,T-034,Marshallchester,PR,20,"Alexander, Vincent and Pacheco Medical School",110.0,112.0,-1.7857142857142856,59.0,53.63636363636364,9,5,10,8.1,Platinum,7.5,A (Protect - Weekly),4.0
PH-0706,477425859,Elizabeth,Davis,Family Practice,T-031,Goodmanshire,ID,6,Robinson and Sons Medical School,28.0,23.0,21.73913043478261,8.0,28.57142857142857,6,8,6,6.6000000000000005,Silver,7.0,B (Grow - Bi-weekly),15.0
PH-0707,2311649133,John,Blair,Geriatrics,T-037,Markmouth,TN,4,"Meyer, Ray and Stephenson Medical School",4.0,6.0,-33.33333333333333,1.0,25.0,2,2,5,2.9,Bronze,3.5,D (Monitor - Quarterly),48.0
PH-0708,2565290603,Tiffany,Smith,Family Practice,T-004,Port Lauraburgh,MO,20,Smith-Castillo Medical School,141.0,102.0,38.23529411764706,55.0,39.00709219858156,9,9,8,8.7,Platinum,8.5,A (Protect - Weekly),1.0
PH-0709,5396737948,Scott,Mcgee,Hematology,T-035,Matthewburgh,KS,26,Roman-Freeman Medical School,49.0,51.0,-3.92156862745098,14.0,28.57142857142857,8,4,6,6.2,Silver,5.0,C (Retain - Monthly),27.0
PH-0710,8715841560,Tami,Martinez,Family Practice,T-021,South Maria,DE,40,"Marquez, Martinez and Bailey Medical School",826.0,967.0,-14.581178903826268,291.0,35.23002421307506,10,3,7,7.0,Gold,5.0,C (Retain - Monthly),13.0
PH-0711,7681826832,Mary,Walker,Internal Medicine,T-010,East Jessicastad,NC,38,"Chan, Hart and Schmidt Medical School",0.0,0.0,0.0,0.0,0.0,1,5,1,2.2,Bronze,3.0,D (Monitor - Quarterly),53.0
PH-0712,858382521,Erin,Reid,Internal Medicine,T-020,Port Sarah,VT,17,Fernandez PLC Medical School,11.0,1.0,1000.0,2.0,18.181818181818183,4,10,4,5.8,Bronze,7.0,B (Grow - Bi-weekly),27.0
PH-0713,6340646867,Taylor,Taylor,Nephrology,T-004,Aaronview,VT,29,"Barnett, Clark and Quinn Medical School",3.0,10.0,-70.0,0.0,0.0,2,1,1,1.4,Bronze,1.0,D (Monitor - Quarterly),53.0
PH-0714,9106227236,Kristie,Lucas,Neurology,T-024,Vargasbury,MP,37,Jones-Richmond Medical School,53.0,87.0,-39.08045977011494,7.0,13.20754716981132,8,2,3,4.7,Bronze,2.5,C (Retain - Monthly),37.0
PH-0715,4261923724,Kathleen,Smith,Nephrology,T-004,New Larryville,WI,24,"George, Hall and Gonzales Medical School",5.0,2.0,150.0,0.0,0.0,2,10,1,4.1,Bronze,5.5,D (Monitor - Quarterly),43.0
PH-0716,1897215406,Mary,Scott,Pulmonology,T-018,Simmonsburgh,FM,19,"Holt, Bauer and Blake Medical School",0.0,0.0,0.0,0.0,0.0,1,5,1,2.2,Bronze,3.0,D (Monitor - Quarterly),52.0
PH-0717,3811995376,Robert,Little,Internal Medicine,T-019,Meganview,MH,19,Bowman-Murphy Medical School,8747.0,8850.0,-1.1638418079096045,3050.0,34.86909797644907,10,5,7,7.6,Gold,6.0,A (Protect - Weekly),14.0
PH-0718,4510173973,Brittany,Wade,Cardiology,T-012,Port Margaretfort,OH,30,"Monroe, Bennett and Stone Medical School",0.0,0.0,0.0,0.0,0.0,1,5,1,2.2,Bronze,3.0,D (Monitor - Quarterly),43.0
PH-0719,6091919113,Michael,Chambers,General Practice,T-031,Ochoaton,MI,36,"French, Phelps and Berry Medical School",92.0,98.0,-6.122448979591836,21.0,22.82608695652174,9,4,4,6.0,Silver,4.0,C (Retain - Monthly),21.0
PH-0720,8066039205,Corey,Knapp,Endocrinology,T-036,Lake Stephenview,MI,30,"Cooper, Beltran and Wright Medical School",10.0,6.0,66.66666666666666,3.0,30.0,4,9,6,6.1,Silver,7.5,B (Grow - Bi-weekly),24.0
PH-0721,7057423885,Joy,Mullins,Family Practice,T-033,Port Vincent,CO,18,Bell-Medina Medical School,120.0,113.0,6.1946902654867255,43.0,35.833333333333336,9,7,7,7.800000000000001,Platinum,7.0,A (Protect - Weekly),3.0
PH-0722,3541165972,Katherine,Harris,Family Practice,T-028,Bellmouth,MH,11,Fischer-Chung Medical School,23.0,39.0,-41.02564102564102,9.0,39.130434782608695,6,2,8,5.4,Bronze,5.0,D (Monitor - Quarterly),35.0
PH-0723,5013948848,Amanda,Sanders,Rheumatology,T-033,East Clarencefurt,PR,17,Thomas-Peterson Medical School,142.0,182.0,-21.978021978021975,37.0,26.05633802816901,9,3,5,6.0,Silver,4.0,C (Retain - Monthly),26.0
PH-0724,5626149915,Yvonne,Ramos,Neurology,T-020,East Amyview,AK,27,Walker-Neal Medical School,202.0,195.0,3.589743589743589,56.0,27.72277227722773,10,7,5,7.6,Gold,6.0,A (Protect - Weekly),5.0
PH-0725,3337320430,Meredith,Webb,Pulmonology,T-014,Perryside,OK,11,Gutierrez PLC Medical School,0.0,0.0,0.0,0.0,0.0,1,5,1,2.2,Bronze,3.0,D (Monitor - Quarterly),38.0
PH-0726,9696454655,Rachel,Giles,Rheumatology,T-026,Amberland,UT,16,Morris Ltd Medical School,0.0,0.0,0.0,0.0,0.0,1,5,1,2.2,Bronze,3.0,D (Monitor - Quarterly),56.0
PH-0727,3892187851,Lindsay,Munoz,Internal Medicine,T-010,Jenniferside,GU,3,Marshall PLC Medical School,4.0,12.0,-66.66666666666666,2.0,50.0,2,1,9,3.8,Bronze,5.0,D (Monitor - Quarterly),46.0
PH-0728,797796120,Ann,Hansen,Cardiology,T-030,West Thomasberg,CA,6,"Gomez, Blevins and Hill Medical School",65.0,62.0,4.838709677419355,24.0,36.92307692307693,8,7,7,7.4,Gold,7.0,A (Protect - Weekly),10.0
PH-0729,4097626374,Amanda,Leonard,Endocrinology,T-019,Jessehaven,MT,35,Miranda Ltd Medical School,129.0,153.0,-15.68627450980392,31.0,24.031007751937985,9,3,5,6.0,Silver,4.0,C (Retain - Monthly),33.0
PH-0730,9509059119,Bryce,Gutierrez,Family Practice,T-005,Lake James,PA,29,Houston Inc Medical School,28.0,17.0,64.70588235294117,11.0,39.285714285714285,6,9,8,7.5,Gold,8.5,B (Grow - Bi-weekly),9.0
PH-0731,7151169666,Heather,Taylor,Family Practice,T-020,Isaacport,MI,21,Mann LLC Medical School,33.0,45.0,-26.666666666666668,12.0,36.36363636363637,7,2,7,5.5,Bronze,4.5,C (Retain - Monthly),32.0
PH-0732,7124633515,Shannon,Davis,Family Practice,T-005,Andrewton,OH,36,Fleming Inc Medical School,6.0,6.0,0.0,0.0,0.0,3,5,1,3.0,Bronze,3.0,D (Monitor - Quarterly),47.0
PH-0733,2080056409,Anna,Villarreal,Internal Medicine,T-004,East Dana,NM,39,Nichols LLC Medical School,114.0,81.0,40.74074074074074,38.0,33.33333333333333,9,9,7,8.4,Platinum,8.0,A (Protect - Weekly),3.0
PH-0734,1295927282,Lisa,Wallace,Emergency Medicine,T-035,New Pamelaville,AS,1,Donovan-Rodriguez Medical School,416.0,473.0,-12.050739957716702,88.0,21.153846153846157,10,3,4,6.1000000000000005,Silver,3.5,C (Retain - Monthly),28.0
PH-0735,2982173929,Samantha,Pace,Hematology,T-036,Bowersville,TN,6,"Jones, Sanchez and Thomas Medical School",8.0,5.0,60.0,2.0,25.0,3,9,5,5.4,Bronze,7.0,B (Grow - Bi-weekly),33.0
PH-0736,7360507918,Christopher,Pena,Cardiology,T-031,Shermanborough,LA,20,Taylor-Gallagher Medical School,35.0,37.0,-5.405405405405405,17.0,48.57142857142857,7,4,9,6.699999999999999,Silver,6.5,A (Protect - Weekly),14.0
PH-0737,4666617071,Marc,Webb,Pulmonology,T-036,Torresport,WI,21,"Hale, Rose and Williams Medical School",0.0,0.0,0.0,0.0,0.0,1,5,1,2.2,Bronze,3.0,D (Monitor - Quarterly),57.0
PH-0738,1499825080,Brandon,Turner,Cardiology,T-030,West Tamara,AR,22,"Russo, Rodgers and Warren Medical School",36.0,38.0,-5.263157894736842,11.0,30.55555555555556,7,4,6,5.8,Bronze,5.0,C (Retain - Monthly),27.0
PH-0739,2850317235,Charles,Harris,Internal Medicine,T-035,New Danielle,AL,28,Weeks and Sons Medical School,20.0,34.0,-41.17647058823529,8.0,40.0,5,2,8,5.0,Bronze,5.0,D (Monitor - Quarterly),38.0
PH-0740,1403526356,Bradley,Thomas,Hematology,T-010,New Elizabeth,FM,16,Becker-Mckinney Medical School,6.0,1.0,500.0,0.0,0.0,3,10,1,4.5,Bronze,5.5,D (Monitor - Quarterly),41.0
PH-0741,4346066643,Lisa,Freeman,Family Practice,T-031,Lake Heatherton,UT,25,Anderson-Norris Medical School,21.0,22.0,-4.545454545454546,8.0,38.095238095238095,5,4,8,5.6,Bronze,6.0,B (Grow - Bi-weekly),23.0
PH-0742,1112712852,Sherry,Scott,Hematology,T-009,Mitchellport,LA,36,"Green, Juarez and Foster Medical School",10.0,10.0,0.0,0.0,0.0,4,5,1,3.4,Bronze,3.0,D (Monitor - Quarterly),44.0
PH-0743,3187328077,Daniel,Perez,Cardiology,T-020,Lopezland,IA,18,Gilbert-Kim Medical School,29.0,29.0,0.0,17.0,58.620689655172406,6,5,10,6.9,Silver,7.5,B (Grow - Bi-weekly),16.0
PH-0744,2790833509,Alexis,Hernandez,Emergency Medicine,T-021,Sandrastad,NH,4,Valenzuela Inc Medical School,28.0,30.0,-6.666666666666667,1.0,3.571428571428571,6,4,3,4.5,Bronze,3.5,D (Monitor - Quarterly),39.0
PH-0745,6624813235,Diane,Gonzales,Internal Medicine,T-027,Jonesbury,PA,7,"Roberts, Martin and Payne Medical School",0.0,0.0,0.0,0.0,0.0,1,5,1,2.2,Bronze,3.0,D (Monitor - Quarterly),43.0
PH-0746,5011688092,Jennifer,Morris,Cardiology,T-015,East Rachelbury,AL,18,Smith-Brown Medical School,93.0,98.0,-5.1020408163265305,49.0,52.68817204301075,9,4,10,7.8,Gold,7.0,A (Protect - Weekly),5.0
PH-0747,6913098107,Sharon,Newman,Rheumatology,T-011,Ginafurt,NV,20,"Young, Henry and Wright Medical School",50.0,50.0,0.0,7.0,14.000000000000002,8,5,3,5.6,Bronze,4.0,C (Retain - Monthly),28.0
PH-0748,7727853242,Sylvia,Price,Internal Medicine,T-007,Nicolestad,WA,21,Reynolds LLC Medical School,20.0,14.0,42.85714285714285,5.0,25.0,5,9,5,6.199999999999999,Silver,7.0,B (Grow - Bi-weekly),21.0
PH-0749,2076836253,Sheri,Fisher,Cardiology,T-014,Murraymouth,NV,37,Ford-Morgan Medical School,0.0,0.0,0.0,0.0,0.0,1,5,1,2.2,Bronze,3.0,D (Monitor - Quarterly),39.0
PH-0750,6283333939,Michael,Ford,General Practice,T-018,Brooksport,IL,5,Thomas-Rodriguez Medical School,62.0,58.0,6.896551724137931,18.0,29.03225806451613,8,7,6,7.1000000000000005,Gold,6.5,A (Protect - Weekly),12.0
PH-0751,7496033582,Donna,Giles,Pulmonology,T-026,Whitemouth,AK,37,"Clark, Bradley and Jackson Medical School",351.0,319.0,10.031347962382444,73.0,20.7977207977208,10,7,4,7.3,Gold,5.5,C (Retain - Monthly),18.0
PH-0752,9269326573,Miranda,Anderson,Nephrology,T-019,Stewarthaven,WA,25,"Liu, Lowe and Buchanan Medical School",9.0,4.0,125.0,7.0,77.77777777777779,3,10,10,7.2,Gold,10.0,B (Grow - Bi-weekly),18.0
PH-0753,1000515532,Susan,Parker,Hospitalist,T-012,West Cindymouth,OR,33,Alvarez-Padilla Medical School,15.0,7.0,114.28571428571428,3.0,20.0,5,10,4,6.2,Silver,7.0,B (Grow - Bi-weekly),20.0
PH-0754,4418222618,Renee,Ortiz,Internal Medicine,T-004,Gravesview,UT,7,Cherry Ltd Medical School,7.0,5.0,40.0,2.0,28.57142857142857,3,9,6,5.699999999999999,Bronze,7.5,B (Grow - Bi-weekly),30.0
PH-0755,2710267672,Katie,Willis,Pulmonology,T-033,Sarahshire,OK,17,West Inc Medical School,34.0,22.0,54.54545454545454,9.0,26.47058823529412,7,9,5,7.0,Gold,7.0,A (Protect - Weekly),9.0
PH-0756,7955151229,Kevin,Long,General Practice,T-034,North Victoria,WY,28,"Gonzalez, Walters and Carter Medical School",6.0,2.0,200.0,6.0,100.0,3,10,10,7.2,Gold,10.0,B (Grow - Bi-weekly),11.0
PH-0757,1597099625,Melissa,Lee,Gastroenterology,T-039,Tinatown,NM,22,Bullock-Williams Medical School,14.0,10.0,40.0,3.0,21.428571428571427,4,9,4,5.5,Bronze,6.5,B (Grow - Bi-weekly),25.0
PH-0758,3447650471,Mason,Johnson,Endocrinology,T-034,Lake Ashleyport,MS,6,Conway Group Medical School,47.0,38.0,23.684210526315788,10.0,21.27659574468085,7,8,4,6.4,Silver,6.0,A (Protect - Weekly),22.0
PH-0759,6046558665,David,Reed,Internal Medicine,T-034,Andreafort,LA,1,Miller-Cole Medical School,35.0,28.0,25.0,15.0,42.85714285714285,7,8,8,7.6,Gold,8.0,A (Protect - Weekly),9.0
PH-0760,1581021312,Nathaniel,Moore,Family Practice,T-005,Port Christopher,CA,2,Sharp Ltd Medical School,14.0,14.0,0.0,5.0,35.714285714285715,4,5,7,5.2,Bronze,6.0,B (Grow - Bi-weekly),36.0
PH-0761,5912975191,Brian,Taylor,Pulmonology,T-002,East Christopherland,AL,10,Moody-Hall Medical School,21.0,11.0,90.9090909090909,8.0,38.095238095238095,6,10,8,7.800000000000001,Platinum,9.0,B (Grow - Bi-weekly),9.0
PH-0762,165837379,Jasmin,Harrison,Family Practice,T-039,South Jacksontown,CO,22,Mccann LLC Medical School,29.0,41.0,-29.268292682926827,9.0,31.03448275862069,6,2,6,4.800000000000001,Bronze,4.0,D (Monitor - Quarterly),28.0
PH-0763,2893113253,Francisco,Reid,Internal Medicine,T-040,Carolynhaven,SC,38,Robinson-King Medical School,0.0,0.0,0.0,0.0,0.0,1,5,1,2.2,Bronze,3.0,D (Monitor - Quarterly),52.0
PH-0764,5380442101,Troy,Orr,Oncology,T-010,New Katelynchester,CO,35,"Duran, Moran and Smith Medical School",3.0,0.0,0.0,0.0,0.0,2,5,1,2.6,Bronze,3.0,D (Monitor - Quarterly),51.0
PH-0765,1595919457,Michael,Shepherd,Cardiology,T-032,Victorfort,MD,7,"Duarte, Lee and Matthews Medical School",205.0,191.0,7.329842931937172,91.0,44.39024390243903,10,7,9,8.799999999999999,Platinum,8.0,A (Protect - Weekly),1.0
PH-0766,567756777,Eric,Rojas,Geriatrics,T-026,Barnestown,VI,4,Kramer Group Medical School,0.0,0.0,0.0,0.0,0.0,1,5,1,2.2,Bronze,3.0,D (Monitor - Quarterly),57.0
PH-0767,2650622923,Cody,Myers,Rheumatology,T-022,West Matthew,AK,15,Myers-Torres Medical School,45.0,44.0,2.272727272727273,15.0,33.33333333333333,7,6,7,6.699999999999999,Silver,6.5,A (Protect - Weekly),20.0
PH-0768,8433797662,Tony,Wade,Internal Medicine,T-021,Suzanneland,MD,15,"Woods, Roberts and Young Medical School",240.0,240.0,0.0,63.0,26.25,10,5,5,7.0,Gold,5.0,C (Retain - Monthly),14.0
PH-0769,7367042549,Roy,Martinez,Geriatrics,T-028,New Julian,VA,14,Roman-Shields Medical School,6.0,9.0,-33.33333333333333,2.0,33.33333333333333,3,2,7,3.9,Bronze,4.5,D (Monitor - Quarterly),44.0
PH-0770,5971075633,Shirley,Barker,Internal Medicine,T-040,Cynthiafort,WY,28,Peters-Ray Medical School,13.0,15.0,-13.333333333333334,2.0,15.384615384615383,4,3,3,3.4,Bronze,3.0,D (Monitor - Quarterly),47.0
PH-0771,5325939933,Tracy,Harrison,Hematology,T-002,West Williamville,MS,25,Hanson Inc Medical School,38.0,12.0,216.66666666666663,10.0,26.31578947368421,7,10,5,7.300000000000001,Gold,7.5,A (Protect - Weekly),15.0
PH-0772,8779417634,Jennifer,Cox,Cardiology,T-003,South Johntown,MD,8,Summers-Olson Medical School,171.0,230.0,-25.65217391304348,76.0,44.44444444444444,9,2,9,6.9,Silver,5.5,C (Retain - Monthly),19.0
PH-0773,2457598339,Cassie,Phillips,Internal Medicine,T-035,Lake Nicolehaven,AS,6,"Campbell, Gibbs and Henderson Medical School",349.0,306.0,14.052287581699346,119.0,34.097421203438394,10,7,7,8.2,Platinum,7.0,A (Protect - Weekly),3.0
PH-0774,443240061,Miguel,Parsons,Family Practice,T-023,South Connie,OH,25,Wheeler LLC Medical School,64.0,75.0,-14.666666666666666,23.0,35.9375,8,3,7,6.199999999999999,Silver,5.0,C (Retain - Monthly),30.0
PH-0775,1474397429,David,Blanchard,Family Practice,T-019,North Mindyside,NJ,5,Thomas-Decker Medical School,1.0,1.0,0.0,1.0,100.0,1,5,10,4.9,Bronze,7.5,B (Grow - Bi-weekly),43.0
PH-0776,6806562590,Dawn,Nguyen,Hospitalist,T-012,New Brianberg,NM,10,Mcintosh and Sons Medical School,31.0,39.0,-20.51282051282051,7.0,22.58064516129032,6,3,4,4.5,Bronze,3.5,D (Monitor - Quarterly),35.0
PH-0777,2182315551,Robert,Potter,Cardiology,T-028,Moraleston,NC,36,May-Foster Medical School,17.0,29.0,-41.37931034482759,11.0,64.70588235294117,5,1,10,5.3,Bronze,5.5,D (Monitor - Quarterly),36.0
PH-0778,2813721433,Brian,Vega,Internal Medicine,T-008,North Dawnbury,NJ,9,Williams and Sons Medical School,30.0,17.0,76.47058823529412,13.0,43.333333333333336,6,9,8,7.5,Gold,8.5,B (Grow - Bi-weekly),12.0
PH-0779,2285566084,Travis,Caldwell,Family Practice,T-040,Pierceton,ID,18,"Johnson, Perez and Henry Medical School",0.0,0.0,0.0,0.0,0.0,1,5,1,2.2,Bronze,3.0,D (Monitor - Quarterly),53.0
PH-0780,5195826328,Adrian,Burton,Internal Medicine,T-020,Josephstad,NY,6,Moore-Harris Medical School,10.0,4.0,150.0,10.0,100.0,4,10,10,7.6,Gold,10.0,B (Grow - Bi-weekly),6.0
PH-0781,9453546147,Anthony,Morrison,Oncology,T-007,Harrisville,AZ,16,Ballard-Newton Medical School,72.0,71.0,1.4084507042253522,12.0,16.666666666666664,8,6,3,5.9,Silver,4.5,C (Retain - Monthly),25.0
PH-0782,3394394570,Deborah,Hall,Geriatrics,T-003,Jaytown,ME,27,Robinson and Sons Medical School,10.0,17.0,-41.17647058823529,3.0,30.0,4,2,6,4.0,Bronze,4.0,D (Monitor - Quarterly),36.0
PH-0783,5376576927,Timothy,Carlson,Internal Medicine,T-040,North Christina,FM,38,Farrell PLC Medical School,10.0,12.0,-16.666666666666664,2.0,20.0,4,3,4,3.7,Bronze,3.5,D (Monitor - Quarterly),45.0
PH-0784,40476921,Brian,Lewis,Internal Medicine,T-001,South Judy,MN,8,Ramirez Ltd Medical School,26.0,14.0,85.71428571428571,5.0,19.230769230769237,6,10,4,6.6000000000000005,Silver,7.0,B (Grow - Bi-weekly),24.0
PH-0785,401424731,Samantha,Garner,Emergency Medicine,T-037,South Gregville,CO,4,"Young, Kane and Riley Medical School",123.0,106.0,16.037735849056602,37.0,30.08130081300813,9,8,6,7.8,Gold,7.0,A (Protect - Weekly),8.0
PH-0786,8440971231,Raymond,Bennett,Oncology,T-019,South Ryanmouth,MT,32,Dudley PLC Medical School,52.0,45.0,15.555555555555555,14.0,26.923076923076923,8,8,5,7.1,Gold,6.5,A (Protect - Weekly),22.0
PH-0787,144734043,Jimmy,West,Cardiology,T-011,Lake Bradleyshire,MP,16,Hansen-Warner Medical School,11.0,7.0,57.14285714285714,4.0,36.36363636363637,4,9,7,6.4,Silver,8.0,B (Grow - Bi-weekly),23.0
PH-0788,3045195778,Frank,Hopkins,General Practice,T-021,Jessicaside,FL,30,Moss-Reed Medical School,0.0,0.0,0.0,0.0,0.0,1,5,1,2.2,Bronze,3.0,D (Monitor - Quarterly),52.0
PH-0789,2965754278,Ricky,Ali,Neurology,T-004,New Jonberg,MA,28,Brewer-Hayes Medical School,2.0,7.0,-71.42857142857143,0.0,0.0,2,1,1,1.4,Bronze,1.0,D (Monitor - Quarterly),54.0
PH-0790,8205829582,Melissa,Berry,Emergency Medicine,T-031,Port Heather,CO,27,Gilmore-Mooney Medical School,204.0,200.0,2.0,51.0,25.0,10,6,5,7.3,Gold,5.5,C (Retain - Monthly),9.0
PH-0791,8081904823,Gabriella,French,Pulmonology,T-003,Wilsonstad,OH,33,Mills-Weiss Medical School,32.0,24.0,33.33333333333333,7.0,21.875,7,8,4,6.4,Silver,6.0,A (Protect - Weekly),22.0
PH-0792,3956137230,Patricia,Costa,Cardiology,T-020,South Drewland,UT,34,Allen-Sullivan Medical School,24.0,43.0,-44.18604651162791,9.0,37.5,6,1,8,5.1,Bronze,4.5,D (Monitor - Quarterly),35.0
PH-0793,3813000413,Jacob,Parsons,Internal Medicine,T-005,North Jonville,NE,35,Stanley-Smith Medical School,39.0,37.0,5.405405405405405,10.0,25.64102564102564,7,7,5,6.4,Silver,6.0,A (Protect - Weekly),20.0
PH-0794,9456534699,Samantha,Reid,Internal Medicine,T-029,Lake Traviston,NM,9,Bell-Scott Medical School,18.0,14.0,28.57142857142857,4.0,22.22222222222222,5,8,4,5.6000000000000005,Bronze,6.0,B (Grow - Bi-weekly),34.0
PH-0795,7681699570,Norman,Estes,Oncology,T-006,South Johnnyland,CO,19,Ramsey Ltd Medical School,65.0,86.0,-24.418604651162788,14.0,21.53846153846154,8,3,4,5.3,Bronze,3.5,C (Retain - Monthly),32.0
PH-0796,1765397054,Angela,Padilla,Rheumatology,T-011,Robinsonchester,CT,2,Sutton PLC Medical School,29.0,16.0,81.25,11.0,37.93103448275862,6,10,8,7.800000000000001,Platinum,9.0,B (Grow - Bi-weekly),8.0
PH-0797,871827496,Laurie,Nichols,Oncology,T-009,West Brendahaven,NM,21,Barrera LLC Medical School,0.0,0.0,0.0,0.0,0.0,1,5,1,2.2,Bronze,3.0,D (Monitor - Quarterly),49.0
PH-0798,2049561213,Timothy,Wright,Internal Medicine,T-022,Parsonsburgh,WI,3,Williams-White Medical School,6.0,3.0,100.0,3.0,50.0,3,10,9,6.9,Silver,9.5,B (Grow - Bi-weekly),13.0
PH-0799,5973711222,Joy,Potts,Geriatrics,T-030,South Tylerchester,AK,26,"Warren, Benson and Reid Medical School",27.0,22.0,22.727272727272727,11.0,40.74074074074074,6,8,8,7.200000000000001,Gold,8.0,B (Grow - Bi-weekly),12.0
PH-0800,1670468611,Christopher,Rich,Internal Medicine,T-028,Thomashaven,PW,26,Knox and Sons Medical School,307.0,313.0,-1.9169329073482428,101.0,32.89902280130293,10,5,7,7.6,Gold,6.0,A (Protect - Weekly),10.0
PH-0801,1021923785,Angela,Woods,Cardiology,T-021,New Robert,OH,35,Hall and Sons Medical School,15.0,11.0,36.36363636363637,7.0,46.66666666666666,5,9,9,7.399999999999999,Gold,9.0,B (Grow - Bi-weekly),9.0
PH-0802,4260508018,Elizabeth,Richards,Internal Medicine,T-018,West Nicoleberg,MD,11,Valencia and Sons Medical School,154.0,140.0,10.0,47.0,30.51948051948052,9,7,6,7.5,Gold,6.5,A (Protect - Weekly),7.0
PH-0803,3777312688,Michele,Jones,Pulmonology,T-022,Port William,VI,17,Woods Inc Medical School,64.0,66.0,-3.0303030303030303,9.0,14.0625,8,4,3,5.300000000000001,Bronze,3.5,C (Retain - Monthly),32.0
PH-0804,9236534606,Brad,Flores,Geriatrics,T-011,Johnsonstad,MO,30,Obrien-Camacho Medical School,9.0,2.0,350.0,4.0,44.44444444444444,3,10,9,6.9,Silver,9.5,B (Grow - Bi-weekly),17.0
PH-0805,2798623984,Tyler,Jones,General Practice,T-035,South Carlland,VT,33,Mejia Inc Medical School,0.0,0.0,0.0,0.0,0.0,1,5,1,2.2,Bronze,3.0,D (Monitor - Quarterly),58.0
PH-0806,5464754895,Samantha,Wyatt,Internal Medicine,T-016,Dixonfurt,WV,34,"Lawrence, Castro and Fleming Medical School",2.0,1.0,100.0,2.0,100.0,2,10,10,6.8,Silver,10.0,B (Grow - Bi-weekly),12.0
PH-0807,9927517588,Christina,Brown,Family Practice,T-040,Sarahport,PA,28,"Perez, Mcintosh and Nguyen Medical School",78.0,53.0,47.16981132075472,30.0,38.46153846153847,8,9,8,8.3,Platinum,8.5,A (Protect - Weekly),2.0
PH-0808,3935435864,Joseph,Coleman,Pulmonology,T-006,Port Chloe,WY,9,Pham Ltd Medical School,2.0,5.0,-60.0,1.0,50.0,2,1,9,3.8,Bronze,5.0,D (Monitor - Quarterly),44.0
PH-0809,4358853798,Glenn,Hardy,Pulmonology,T-001,Danielleborough,PA,8,"Greer, White and Holland Medical School",6.0,16.0,-62.5,3.0,50.0,3,1,9,4.2,Bronze,5.0,D (Monitor - Quarterly),46.0
PH-0810,7536749785,Dustin,Obrien,Cardiology,T-003,Davidfurt,GU,4,"Riggs, Smith and Lopez Medical School",26.0,30.0,-13.333333333333334,14.0,53.84615384615385,6,3,10,6.300000000000001,Silver,6.5,B (Grow - Bi-weekly),24.0
PH-0811,4778948963,Joseph,Jarvis,Geriatrics,T-038,Larsonfort,NE,15,Edwards-Taylor Medical School,42.0,55.0,-23.63636363636364,9.0,21.428571428571427,7,3,4,4.9,Bronze,3.5,C (Retain - Monthly),30.0
PH-0812,1500141884,David,Davis,Internal Medicine,T-035,Harrisshire,AR,14,Rodriguez PLC Medical School,3.0,4.0,-25.0,0.0,0.0,2,2,1,1.7,Bronze,1.5,D (Monitor - Quarterly),60.0
PH-0813,4463339994,Sarah,Gomez,Emergency Medicine,T-017,East Andrew,OR,39,Farmer-Jackson Medical School,14.0,8.0,75.0,1.0,7.142857142857142,4,9,3,5.199999999999999,Bronze,6.0,B (Grow - Bi-weekly),46.0
PH-0814,6389021994,Lisa,Martinez,Oncology,T-013,Port Richard,IA,15,Lynch-Mcclain Medical School,22.0,19.0,15.789473684210526,1.0,4.545454545454546,6,8,3,5.700000000000001,Bronze,5.5,D (Monitor - Quarterly),28.0
PH-0815,3410346996,Sean,Hall,Internal Medicine,T-033,South Jennifermouth,FL,6,"Beasley, Jefferson and Christensen Medical School",32.0,32.0,0.0,10.0,31.25,7,5,6,6.1000000000000005,Silver,5.5,C (Retain - Monthly),22.0
PH-0816,843768550,Victor,Gilbert,Pulmonology,T-023,Obrienstad,FL,27,"Jones, Hood and Vega Medical School",94.0,78.0,20.51282051282051,21.0,22.34042553191489,9,8,4,7.2,Gold,6.0,A (Protect - Weekly),16.0
PH-0817,2633556434,Rachel,Gray,Family Practice,T-038,Yushire,IA,14,"Wolfe, Chavez and Mcbride Medical School",4.0,9.0,-55.55555555555556,4.0,100.0,2,1,10,4.1,Bronze,5.5,D (Monitor - Quarterly),40.0
PH-0818,6955607676,Christopher,Scott,Geriatrics,T-008,West Michael,KS,35,Moore-Robinson Medical School,84.0,73.0,15.068493150684931,14.0,16.666666666666664,9,8,3,6.9,Silver,5.5,C (Retain - Monthly),18.0
PH-0819,9898306503,Christopher,Moon,Family Practice,T-014,New Heatherton,KS,20,Fox LLC Medical School,69.0,46.0,50.0,16.0,23.18840579710145,8,9,4,7.1000000000000005,Gold,6.5,A (Protect - Weekly),16.0
PH-0820,7242642364,Garrett,Jones,Cardiology,T-040,New Brettburgh,LA,24,"Harrison, Henderson and Jackson Medical School",37.0,40.0,-7.5,21.0,56.75675675675676,7,4,10,7.0,Gold,7.0,A (Protect - Weekly),15.0
PH-0821,391114281,Kimberly,Tran,Cardiology,T-038,Jenniferberg,ND,23,Sanchez Inc Medical School,68.0,58.0,17.24137931034483,37.0,54.41176470588235,8,8,10,8.6,Platinum,9.0,A (Protect - Weekly),1.0
PH-0822,5248088062,Gary,Harrison,Internal Medicine,T-019,East Michelle,MP,3,Berry-Ramirez Medical School,20.0,17.0,17.647058823529413,9.0,45.0,5,8,9,7.1,Gold,8.5,B (Grow - Bi-weekly),23.0
PH-0823,3721329016,Derek,Mitchell,Rheumatology,T-009,Byrdfurt,OH,28,"Barber, Oneal and Owens Medical School",2.0,3.0,-33.33333333333333,0.0,0.0,2,2,1,1.7,Bronze,1.5,D (Monitor - Quarterly),53.0
PH-0824,8599648628,Michaela,Martinez,Cardiology,T-007,East Charlesstad,MP,14,Wilson-Strong Medical School,68.0,47.0,44.680851063829785,39.0,57.35294117647059,8,9,10,8.9,Platinum,9.5,A (Protect - Weekly),1.0
PH-0825,6645057303,Ryan,Little,Gastroenterology,T-019,South Michelle,WY,14,"Taylor, Leon and Sanders Medical School",20.0,21.0,-4.761904761904762,5.0,25.0,5,4,5,4.7,Bronze,4.5,D (Monitor - Quarterly),45.0
PH-0826,2037476775,Nicole,Ford,Internal Medicine,T-036,Moyerbury,FL,40,"Livingston, Phillips and Brown Medical School",46.0,33.0,39.39393939393939,15.0,32.608695652173914,7,9,6,7.3,Gold,7.5,A (Protect - Weekly),10.0
PH-0827,7661945887,Billy,Jarvis,Internal Medicine,T-009,Jonesmouth,ID,33,Weeks-Martin Medical School,10.0,17.0,-41.17647058823529,7.0,70.0,4,2,10,5.2,Bronze,6.0,B (Grow - Bi-weekly),28.0
PH-0828,1284008385,Andrew,Powell,Family Practice,T-025,Reedmouth,LA,14,Williams-Black Medical School,228.0,197.0,15.736040609137056,81.0,35.526315789473685,10,8,7,8.5,Platinum,7.5,A (Protect - Weekly),3.0
PH-0829,1776808981,Yolanda,Hernandez,Nephrology,T-035,Riveramouth,VA,14,"Reid, Thomas and Gill Medical School",32.0,15.0,113.33333333333331,10.0,31.25,7,10,6,7.6,Gold,8.0,A (Protect - Weekly),6.0
PH-0830,3196463004,Alexander,Anderson,Rheumatology,T-004,Hudsonchester,AS,4,Simmons PLC Medical School,0.0,0.0,0.0,0.0,0.0,1,5,1,2.2,Bronze,3.0,D (Monitor - Quarterly),50.0
PH-0831,4301204713,Taylor,Zavala,Geriatrics,T-002,Wilsonmouth,AS,22,Jensen-Krause Medical School,20.0,10.0,100.0,3.0,15.0,5,10,3,5.9,Silver,6.5,B (Grow - Bi-weekly),30.0
PH-0832,7498855829,Abigail,Ramirez,Emergency Medicine,T-016,East Lisa,NE,29,Nelson-Case Medical School,66.0,49.0,34.69387755102041,15.0,22.727272727272727,8,9,4,7.1000000000000005,Gold,6.5,A (Protect - Weekly),10.0
PH-0833,4760944128,Jeffrey,Logan,Oncology,T-030,South Rebecca,CT,12,"Daniels, Cox and Newton Medical School",57.0,83.0,-31.32530120481928,14.0,24.561403508771928,8,2,5,5.300000000000001,Bronze,3.5,C (Retain - Monthly),30.0
PH-0834,6954132971,Kimberly,Howe,Nephrology,T-021,South Richardchester,FL,21,Kennedy-Johnson Medical School,31.0,11.0,181.8181818181818,11.0,35.483870967741936,6,10,7,7.5,Gold,8.5,B (Grow - Bi-weekly),7.0
PH-0835,5143776936,Russell,Young,Cardiology,T-020,New Linda,MA,37,Harper PLC Medical School,230.0,225.0,2.2222222222222223,115.0,50.0,10,6,9,8.5,Platinum,7.5,A (Protect - Weekly),1.0
PH-0836,6111102867,Peggy,Michael,Nephrology,T-033,North Aaron,HI,9,Anderson LLC Medical School,4.0,9.0,-55.55555555555556,0.0,0.0,2,1,1,1.4,Bronze,1.0,D (Monitor - Quarterly),51.0
PH-0837,5910245109,Christopher,Williams,Emergency Medicine,T-004,Port Sandraburgh,MH,35,Holloway-Henry Medical School,9.0,19.0,-52.63157894736842,1.0,11.11111111111111,3,1,3,2.4000000000000004,Bronze,2.0,D (Monitor - Quarterly),49.0
PH-0838,4949819421,Steven,Phelps,Oncology,T-024,Lake Kimberly,NY,32,Crawford and Sons Medical School,133.0,162.0,-17.901234567901234,24.0,18.045112781954884,9,3,4,5.7,Bronze,3.5,C (Retain - Monthly),25.0
PH-0839,4065277584,Kelly,Thornton,Nephrology,T-023,Butlerbury,WY,40,Wade-Clark Medical School,148.0,164.0,-9.75609756097561,44.0,29.72972972972973,9,4,6,6.6,Silver,5.0,C (Retain - Monthly),22.0
PH-0840,7220109121,Whitney,Martinez,Internal Medicine,T-012,West Kayleemouth,OR,15,Higgins Group Medical School,50.0,52.0,-3.8461538461538463,23.0,46.0,8,4,9,7.1,Gold,6.5,A (Protect - Weekly),11.0
PH-0841,6189437052,Peter,Reed,Neurology,T-026,North Maureenview,MS,29,Hess Group Medical School,96.0,114.0,-15.789473684210526,43.0,44.79166666666667,9,3,9,7.199999999999999,Gold,6.0,A (Protect - Weekly),21.0
PH-0842,6572565920,Misty,Martin,Internal Medicine,T-021,Robertfort,FM,38,Hernandez-Henson Medical School,0.0,0.0,0.0,0.0,0.0,1,5,1,2.2,Bronze,3.0,D (Monitor - Quarterly),53.0
PH-0843,3897432600,Crystal,Dawson,Nephrology,T-029,Matthewville,NJ,4,"Harris, Hernandez and Becker Medical School",123.0,118.0,4.23728813559322,28.0,22.76422764227642,9,7,4,6.9,Silver,5.5,C (Retain - Monthly),21.0
PH-0844,8486899936,Kayla,Simon,Pulmonology,T-028,South Tamarashire,OH,28,Ryan-Campos Medical School,6.0,10.0,-40.0,0.0,0.0,3,2,1,2.1,Bronze,1.5,D (Monitor - Quarterly),54.0
PH-0845,450691767,Robin,Lynch,Internal Medicine,T-012,West Mary,IN,3,Baker-Snow Medical School,6.0,4.0,50.0,3.0,50.0,3,9,9,6.6,Silver,9.0,B (Grow - Bi-weekly),18.0
PH-0846,394640830,Jeffrey,Underwood,Pulmonology,T-002,South Aaron,AR,24,Lang LLC Medical School,7.0,6.0,16.666666666666664,0.0,0.0,3,8,1,3.9,Bronze,4.5,D (Monitor - Quarterly),54.0
PH-0847,8860849079,Jason,Stanley,Neurology,T-001,Kimberlybury,MS,8,"Swanson, Thompson and Douglas Medical School",20.0,9.0,122.22222222222224,4.0,20.0,5,10,4,6.2,Silver,7.0,B (Grow - Bi-weekly),31.0
PH-0848,615370124,Gary,Carter,Neurology,T-006,Robertchester,IL,22,"Martin, Davis and Huynh Medical School",3.0,7.0,-57.14285714285714,0.0,0.0,2,1,1,1.4,Bronze,1.0,D (Monitor - Quarterly),51.0
PH-0849,4881121031,Kimberly,Bauer,Internal Medicine,T-017,Tammyville,WV,12,Morgan-Mason Medical School,16.0,7.0,128.57142857142858,5.0,31.25,5,10,6,6.8,Silver,8.0,B (Grow - Bi-weekly),22.0
PH-0850,8781794151,Michael,Hughes,Neurology,T-027,New Sierra,VA,8,Bartlett PLC Medical School,1.0,4.0,-75.0,0.0,0.0,1,1,1,1.0,Bronze,1.0,D (Monitor - Quarterly),45.0
PH-0851,1122528837,Vickie,Todd,Internal Medicine,T-001,Anthonyfurt,WY,29,Garcia-Hunt Medical School,22.0,1.0,2100.0,4.0,18.181818181818183,6,10,4,6.6000000000000005,Silver,7.0,B (Grow - Bi-weekly),25.0
PH-0852,6323979137,Angela,Ellis,Family Practice,T-035,Dawnborough,MH,40,Johnson and Sons Medical School,29.0,36.0,-19.444444444444446,16.0,55.172413793103445,6,3,10,6.300000000000001,Silver,6.5,B (Grow - Bi-weekly),24.0
PH-0853,950556057,Christopher,Cameron,Family Practice,T-020,New Derekfort,OH,13,"Swanson, Peterson and Weber Medical School",19.0,20.0,-5.0,8.0,42.10526315789473,5,4,8,5.6,Bronze,6.0,B (Grow - Bi-weekly),28.0
PH-0854,534864010,Sheila,Ortega,Endocrinology,T-008,Lake Jonathan,MS,20,Ramirez Group Medical School,8.0,9.0,-11.11111111111111,2.0,25.0,3,4,5,3.9,Bronze,4.5,D (Monitor - Quarterly),42.0
PH-0855,1851744600,Tina,Murphy,Cardiology,T-026,Port Derrickhaven,PA,39,"York, Cox and Davis Medical School",85.0,81.0,4.938271604938271,49.0,57.647058823529406,9,7,10,8.7,Platinum,8.5,A (Protect - Weekly),2.0
PH-0856,4551293913,Brandon,Collins,Oncology,T-009,Port Jennifershire,VI,24,"Payne, Escobar and Barrett Medical School",149.0,134.0,11.194029850746269,52.0,34.899328859060404,9,7,7,7.800000000000001,Platinum,7.0,A (Protect - Weekly),3.0
PH-0857,1604615402,Casey,Rush,Cardiology,T-017,North Patriciaton,NJ,24,Sullivan-Rodriguez Medical School,107.0,84.0,27.380952380952383,37.0,34.57943925233645,9,8,7,8.1,Platinum,7.5,A (Protect - Weekly),5.0
PH-0858,2983152291,Crystal,Smith,Endocrinology,T-039,Lake Jean,GA,39,"Bernard, Shields and Hicks Medical School",8.0,11.0,-27.27272727272727,2.0,25.0,3,2,5,3.3000000000000003,Bronze,3.5,D (Monitor - Quarterly),36.0
PH-0859,6084937830,Russell,Austin,Family Practice,T-011,Leehaven,LA,19,Taylor-Beltran Medical School,52.0,84.0,-38.095238095238095,12.0,23.07692307692308,8,2,4,5.0,Bronze,3.0,C (Retain - Monthly),33.0
PH-0860,6944391649,Tyler,Levine,Family Practice,T-001,Garzaview,UT,40,Ray Ltd Medical School,3.0,5.0,-40.0,0.0,0.0,2,2,1,1.7,Bronze,1.5,D (Monitor - Quarterly),56.0
PH-0861,9132033016,Dean,Robinson,Family Practice,T-012,New Aaronborough,VT,8,Greer Inc Medical School,3.0,4.0,-25.0,0.0,0.0,2,2,1,1.7,Bronze,1.5,D (Monitor - Quarterly),45.0
PH-0862,6153722155,Tiffany,Gray,Emergency Medicine,T-012,Scottborough,PR,33,"Thomas, Price and Lopez Medical School",16.0,6.0,166.66666666666669,0.0,0.0,5,10,1,5.3,Bronze,5.5,D (Monitor - Quarterly),29.0
PH-0863,3774604067,Eric,Harrington,Oncology,T-039,Lake Stephenport,IL,28,Rodriguez-Mitchell Medical School,54.0,109.0,-50.45871559633027,10.0,18.51851851851852,8,1,4,4.7,Bronze,2.5,C (Retain - Monthly),29.0
PH-0864,4426078197,Michael,Newman,Oncology,T-008,Harrisview,MP,25,Stuart-Nelson Medical School,10.0,4.0,150.0,2.0,20.0,4,10,4,5.8,Bronze,7.0,B (Grow - Bi-weekly),32.0
PH-0865,7372037638,William,Villa,Neurology,T-023,West Jenniferhaven,KS,30,"Garcia, Atkins and Black Medical School",0.0,0.0,0.0,0.0,0.0,1,5,1,2.2,Bronze,3.0,D (Monitor - Quarterly),71.0
PH-0866,4601913443,Katherine,Barnett,Internal Medicine,T-023,Lake Tyler,NC,20,Hernandez Inc Medical School,10.0,0.0,0.0,3.0,30.0,4,5,6,4.9,Bronze,5.5,D (Monitor - Quarterly),47.0
PH-0867,5869507321,Jessica,Le,Pulmonology,T-002,Kingview,OR,4,Fuller Ltd Medical School,108.0,103.0,4.854368932038835,25.0,23.14814814814815,9,7,4,6.9,Silver,5.5,C (Retain - Monthly),17.0
PH-0868,9995167933,Mark,Hodge,Family Practice,T-036,Thomasbury,ND,18,Snyder-Jordan Medical School,46.0,40.0,15.0,12.0,26.08695652173913,7,8,5,6.7,Silver,6.5,A (Protect - Weekly),19.0
PH-0869,8011923603,Stuart,Nichols,Cardiology,T-028,North Erinside,NV,40,"Taylor, Rojas and Robinson Medical School",16.0,2.0,700.0,14.0,87.5,5,10,10,8.0,Platinum,10.0,B (Grow - Bi-weekly),4.0
PH-0870,1040961497,Patricia,Davis,Rheumatology,T-033,New David,AS,12,Moody-Herrera Medical School,27.0,27.0,0.0,0.0,0.0,6,5,1,4.2,Bronze,3.0,D (Monitor - Quarterly),41.0
PH-0871,3074820736,Paige,Garcia,Cardiology,T-015,New Joshua,NE,39,"Bailey, Kelly and Chavez Medical School",28.0,34.0,-17.647058823529413,10.0,35.714285714285715,6,3,7,5.4,Bronze,5.0,D (Monitor - Quarterly),34.0
PH-0872,2019043223,Joan,Oconnor,Family Practice,T-029,Port Jason,DC,10,Murray-Stanley Medical School,49.0,42.0,16.666666666666664,16.0,32.6530612244898,8,8,6,7.399999999999999,Gold,7.0,A (Protect - Weekly),15.0
PH-0873,3920135462,Hailey,Bass,Family Practice,T-011,South Nicholas,GA,13,Johnson-Thompson Medical School,5.0,7.0,-28.57142857142857,1.0,20.0,2,2,4,2.6,Bronze,3.0,D (Monitor - Quarterly),43.0
PH-0874,6112312616,Jermaine,Hess,Cardiology,T-018,Jenniferside,FM,9,"Schmidt, Santana and Vargas Medical School",191.0,180.0,6.111111111111111,113.0,59.16230366492147,10,7,10,9.1,Platinum,8.5,A (Protect - Weekly),1.0
PH-0875,9572989376,George,Copeland,Neurology,T-028,Ramirezview,PA,3,Howe Inc Medical School,10.0,5.0,100.0,1.0,10.0,4,10,3,5.5,Bronze,6.5,B (Grow - Bi-weekly),34.0
PH-0876,3646871912,Rachel,Hall,Gastroenterology,T-027,New Timothyshire,VT,2,"Velasquez, Brown and White Medical School",39.0,43.0,-9.30232558139535,9.0,23.07692307692308,7,4,4,5.2,Bronze,4.0,C (Retain - Monthly),28.0
PH-0877,3230898138,Andrea,Morgan,Endocrinology,T-003,West Joseside,DC,16,Williams Group Medical School,0.0,0.0,0.0,0.0,0.0,1,5,1,2.2,Bronze,3.0,D (Monitor - Quarterly),48.0
PH-0878,3231829716,Jennifer,Payne,General Practice,T-002,Stevenview,PR,17,Johnson-Cannon Medical School,8.0,12.0,-33.33333333333333,2.0,25.0,3,2,5,3.3000000000000003,Bronze,3.5,D (Monitor - Quarterly),56.0
PH-0879,1529113,Timothy,Trujillo,Gastroenterology,T-012,Bowersside,SD,35,Brown-Mccoy Medical School,11.0,17.0,-35.294117647058826,6.0,54.54545454545454,4,2,10,5.2,Bronze,6.0,B (Grow - Bi-weekly),30.0
PH-0880,9025561844,Jose,Miller,Family Practice,T-015,New Elizabeth,ND,26,Mitchell-Boyd Medical School,30.0,26.0,15.384615384615383,12.0,40.0,6,8,8,7.200000000000001,Gold,8.0,B (Grow - Bi-weekly),14.0
PH-0881,1224890567,Billy,Hamilton,Emergency Medicine,T-031,North Caroltown,TN,25,Blackwell-Gray Medical School,0.0,0.0,0.0,0.0,0.0,1,5,1,2.2,Bronze,3.0,D (Monitor - Quarterly),48.0
PH-0882,5158482669,David,Gutierrez,Gastroenterology,T-038,Williammouth,MN,28,"Williams, Collins and Jackson Medical School",68.0,69.0,-1.4492753623188406,25.0,36.76470588235294,8,5,7,6.800000000000001,Silver,6.0,A (Protect - Weekly),13.0
PH-0883,9608070633,Robert,Chase,Family Practice,T-018,Montgomerytown,WI,36,"Osborne, Benton and Chase Medical School",4.0,7.0,-42.85714285714285,3.0,75.0,2,1,10,4.1,Bronze,5.5,D (Monitor - Quarterly),40.0
PH-0884,8221040164,Mary,Martinez,Pulmonology,T-009,West Connieview,PR,38,"Thompson, Fry and Jimenez Medical School",46.0,38.0,21.052631578947366,16.0,34.78260869565217,7,8,7,7.300000000000001,Gold,7.5,A (Protect - Weekly),8.0
PH-0885,3836381643,Eric,Jones,Hematology,T-034,Montgomeryport,VA,32,Boyd Ltd Medical School,78.0,66.0,18.181818181818183,21.0,26.923076923076923,8,8,5,7.1,Gold,6.5,A (Protect - Weekly),14.0
PH-0886,4642036258,Ryan,Garcia,Oncology,T-028,Christopherton,GU,15,Carter-Hendrix Medical School,28.0,18.0,55.55555555555556,3.0,10.714285714285714,6,9,3,6.0,Silver,6.0,B (Grow - Bi-weekly),28.0
PH-0887,6255402635,Matthew,Vega,Rheumatology,T-023,Jamestown,TN,40,Harrison LLC Medical School,49.0,56.0,-12.5,12.0,24.489795918367346,8,3,5,5.6,Bronze,4.0,C (Retain - Monthly),37.0
PH-0888,6448988031,Micheal,Hawkins,Emergency Medicine,T-032,Port Toni,MA,36,"Compton, Owens and Decker Medical School",35.0,46.0,-23.91304347826087,10.0,28.57142857142857,7,3,6,5.5,Bronze,4.5,C (Retain - Monthly),36.0
PH-0889,504043333,Tara,Holloway,Family Practice,T-024,Port Alicia,OR,39,Stephenson-Martinez Medical School,10.0,19.0,-47.368421052631575,4.0,40.0,4,1,8,4.3,Bronze,4.5,D (Monitor - Quarterly),41.0
PH-0890,3211197871,Amy,Obrien,Endocrinology,T-028,East Brittney,SC,37,"Gonzalez, Robinson and Sullivan Medical School",71.0,85.0,-16.470588235294116,27.0,38.0281690140845,8,3,8,6.5,Silver,5.5,C (Retain - Monthly),21.0
PH-0891,5306011987,Katherine,Murphy,Neurology,T-037,Davishaven,PR,1,Maxwell-Cortez Medical School,9.0,6.0,50.0,5.0,55.55555555555556,3,9,10,6.9,Silver,9.5,B (Grow - Bi-weekly),16.0
PH-0892,8002300915,Kimberly,Rodriguez,Family Practice,T-020,Port Carla,AL,19,Barker LLC Medical School,47.0,23.0,104.34782608695652,16.0,34.04255319148936,7,10,7,7.9,Platinum,8.5,A (Protect - Weekly),3.0
PH-0893,7744916093,Peter,Lynch,Cardiology,T-018,Denniston,CA,28,Munoz-Stokes Medical School,94.0,93.0,1.0752688172043012,29.0,30.851063829787236,9,6,6,7.2,Gold,6.0,A (Protect - Weekly),10.0
PH-0894,8941843368,Thomas,Massey,Cardiology,T-031,Port Wendy,ID,27,Briggs and Sons Medical School,20.0,18.0,11.11111111111111,8.0,40.0,5,7,8,6.5,Silver,7.5,B (Grow - Bi-weekly),16.0
PH-0895,3998213745,Matthew,Jones,Family Practice,T-038,Sarahport,DC,5,"Herrera, Shepard and Williams Medical School",8.0,13.0,-38.46153846153847,1.0,12.5,3,2,3,2.7,Bronze,2.5,D (Monitor - Quarterly),50.0
PH-0896,5053766608,Heather,Wilson,Endocrinology,T-012,South Kimberly,AK,38,Acevedo Inc Medical School,14.0,23.0,-39.130434782608695,4.0,28.57142857142857,4,2,6,4.0,Bronze,4.0,D (Monitor - Quarterly),36.0
PH-0897,8356691062,Gail,Jones,Family Practice,T-004,North Stephanie,WI,5,King LLC Medical School,104.0,105.0,-0.9523809523809524,40.0,38.46153846153847,9,5,8,7.5,Gold,6.5,A (Protect - Weekly),13.0
PH-0898,5068826917,Connie,Washington,Internal Medicine,T-024,New Jason,NC,3,Roberts-Mccarty Medical School,292.0,238.0,22.689075630252105,117.0,40.06849315068493,10,8,8,8.8,Platinum,8.0,A (Protect - Weekly),2.0
PH-0899,1348087354,John,Roy,Hospitalist,T-004,South Brandon,IN,26,"Brooks, Ramsey and Brown Medical School",18.0,28.0,-35.714285714285715,1.0,5.555555555555555,5,2,3,3.5,Bronze,2.5,D (Monitor - Quarterly),45.0
PH-0900,5709085991,Linda,Mitchell,Cardiology,T-027,North Jennifer,NV,6,Aguilar-Martin Medical School,62.0,60.0,3.333333333333333,35.0,56.451612903225815,8,7,10,8.3,Platinum,8.5,A (Protect - Weekly),1.0
PH-0901,9996996489,Katherine,Reese,Rheumatology,T-015,Davishaven,LA,30,Nichols LLC Medical School,165.0,175.0,-5.714285714285714,43.0,26.060606060606062,9,4,5,6.3,Silver,4.5,C (Retain - Monthly),25.0
PH-0902,9693259140,Kelsey,Clay,Internal Medicine,T-037,East Pamela,CT,37,Combs and Sons Medical School,4.0,0.0,0.0,0.0,0.0,2,5,1,2.6,Bronze,3.0,D (Monitor - Quarterly),53.0
PH-0903,4266980690,Veronica,Kennedy,Family Practice,T-006,Bowmanmouth,WV,4,Compton-Johnson Medical School,7.0,5.0,40.0,4.0,57.14285714285714,3,9,10,6.9,Silver,9.5,B (Grow - Bi-weekly),16.0
PH-0904,7234838935,Elizabeth,Morrison,General Practice,T-009,Debrahaven,DC,29,"Prince, Sherman and Huff Medical School",31.0,59.0,-47.45762711864407,11.0,35.483870967741936,6,1,7,4.800000000000001,Bronze,4.0,D (Monitor - Quarterly),33.0
PH-0905,4056129965,Anthony,Ballard,Internal Medicine,T-017,South Brittany,MI,32,"Rhodes, Hamilton and Adams Medical School",132.0,92.0,43.47826086956522,33.0,25.0,9,9,5,7.8,Gold,7.0,A (Protect - Weekly),8.0
PH-0906,8696561308,Timothy,Simmons,Family Practice,T-004,Port James,NC,5,Duncan-Hooper Medical School,142.0,124.0,14.516129032258066,66.0,46.478873239436616,9,7,9,8.4,Platinum,8.0,A (Protect - Weekly),4.0
PH-0907,1434682394,Melissa,Nelson,Internal Medicine,T-013,Port Anthonyburgh,NJ,34,Smith Ltd Medical School,34.0,7.0,385.7142857142857,10.0,29.411764705882355,7,10,6,7.6,Gold,8.0,A (Protect - Weekly),12.0
PH-0908,8696610168,James,Miller,Internal Medicine,T-023,Port Cheryl,GU,3,Williams Inc Medical School,3.0,2.0,50.0,3.0,100.0,2,9,10,6.5,Silver,9.5,B (Grow - Bi-weekly),26.0
PH-0909,6809414915,Brian,Russell,Internal Medicine,T-032,Port Crystal,ID,21,"Avery, May and Sims Medical School",21.0,22.0,-4.545454545454546,11.0,52.38095238095239,6,4,9,6.300000000000001,Silver,6.5,B (Grow - Bi-weekly),27.0
PH-0910,534407779,Juan,Martin,Family Practice,T-021,Mcclurefurt,WV,11,Powers-Carlson Medical School,13.0,1.0,1200.0,8.0,61.53846153846154,4,10,10,7.6,Gold,10.0,B (Grow - Bi-weekly),5.0
PH-0911,5081776029,Holly,Guzman,Nephrology,T-001,Andrewhaven,TX,28,"Baker, Waller and Gonzalez Medical School",11.0,8.0,37.5,4.0,36.36363636363637,4,9,7,6.4,Silver,8.0,B (Grow - Bi-weekly),29.0
PH-0912,7312552356,Daniel,Stephens,Nephrology,T-035,South Alexburgh,TX,13,Miller and Sons Medical School,66.0,57.0,15.789473684210526,20.0,30.303030303030305,8,8,6,7.399999999999999,Gold,7.0,A (Protect - Weekly),9.0
PH-0913,613638527,Tyler,Berry,Neurology,T-011,Nicholasborough,IL,36,Jones-Contreras Medical School,0.0,0.0,0.0,0.0,0.0,1,5,1,2.2,Bronze,3.0,D (Monitor - Quarterly),44.0
PH-0914,4449029502,Michelle,Carter,Family Practice,T-017,Port Codyview,LA,35,Young and Sons Medical School,107.0,117.0,-8.547008547008547,51.0,47.66355140186916,9,4,9,7.5,Gold,6.5,A (Protect - Weekly),12.0
PH-0915,4167812778,George,Lopez,Emergency Medicine,T-040,Port Evanland,FM,22,Shannon-Chapman Medical School,12.0,16.0,-25.0,4.0,33.33333333333333,4,2,7,4.300000000000001,Bronze,4.5,D (Monitor - Quarterly),40.0
PH-0916,2134862985,Jessica,Henry,Nephrology,T-019,Hallchester,VI,37,Baxter PLC Medical School,35.0,20.0,75.0,14.0,40.0,7,9,8,7.9,Platinum,8.5,A (Protect - Weekly),9.0
PH-0917,3182856053,Ashley,Cole,Rheumatology,T-008,South Kristenshire,ND,28,"Fields, Powell and Ho Medical School",1.0,0.0,0.0,0.0,0.0,1,5,1,2.2,Bronze,3.0,D (Monitor - Quarterly),55.0
PH-0918,1770673682,Michelle,Smith,Geriatrics,T-037,South Amberland,TN,36,White Ltd Medical School,3.0,13.0,-76.92307692307693,1.0,33.33333333333333,2,1,7,3.2,Bronze,4.0,D (Monitor - Quarterly),44.0
PH-0919,5521650587,Sharon,Mcdaniel,Emergency Medicine,T-027,Hudsonland,NC,34,"Carrillo, Thompson and Holden Medical School",2.0,0.0,0.0,0.0,0.0,2,5,1,2.6,Bronze,3.0,D (Monitor - Quarterly),40.0
PH-0920,2596790898,Kendra,Adams,Gastroenterology,T-012,Hansonside,LA,21,"Parrish, Benton and Martinez Medical School",396.0,406.0,-2.4630541871921183,104.0,26.262626262626267,10,4,5,6.7,Silver,4.5,C (Retain - Monthly),17.0
PH-0921,509386948,Tanya,Wong,Rheumatology,T-039,Nicolemouth,PR,28,"Lynch, Spencer and Jones Medical School",90.0,68.0,32.35294117647059,20.0,22.22222222222222,9,8,4,7.2,Gold,6.0,A (Protect - Weekly),5.0
PH-0922,1457887071,Michael,White,Cardiology,T-020,Westfort,ID,12,"Hammond, Douglas and Johnson Medical School",30.0,16.0,87.5,9.0,30.0,6,10,6,7.2,Gold,8.0,B (Grow - Bi-weekly),11.0
PH-0923,9746191779,Amanda,Cruz,Hospitalist,T-019,Port Cindy,PW,26,Wagner-Higgins Medical School,6.0,3.0,100.0,3.0,50.0,3,10,9,6.9,Silver,9.5,B (Grow - Bi-weekly),25.0
PH-0924,2258937085,Erin,Smith,General Practice,T-032,Lake Colleen,IA,6,Williams-Adams Medical School,233.0,226.0,3.0973451327433628,66.0,28.32618025751073,10,7,6,7.899999999999999,Platinum,6.5,A (Protect - Weekly),6.0
PH-0925,566957900,Emily,Jackson,Nephrology,T-036,Port Julie,PR,38,Adams-White Medical School,11.0,5.0,120.0,2.0,18.181818181818183,4,10,4,5.8,Bronze,7.0,B (Grow - Bi-weekly),28.0
PH-0926,8679632594,Jacob,Wright,Endocrinology,T-024,Lake Amanda,OK,23,Clarke-Greer Medical School,4.0,2.0,100.0,2.0,50.0,2,10,9,6.5,Silver,9.5,B (Grow - Bi-weekly),16.0
PH-0927,3389156241,Gabrielle,Moon,Family Practice,T-011,New Kathleen,VA,17,Thompson-Landry Medical School,37.0,29.0,27.58620689655172,14.0,37.83783783783784,7,8,8,7.6,Gold,8.0,A (Protect - Weekly),9.0
PH-0928,6292693358,Cathy,Parks,Geriatrics,T-014,East Michellehaven,CT,27,"Page, Wood and Johnson Medical School",279.0,267.0,4.49438202247191,74.0,26.523297491039425,10,7,5,7.6,Gold,6.0,A (Protect - Weekly),10.0
PH-0929,7846850957,Kendra,Mitchell,Family Practice,T-004,Jeffreyborough,ME,7,"Hanson, Rich and English Medical School",0.0,0.0,0.0,0.0,0.0,1,5,1,2.2,Bronze,3.0,D (Monitor - Quarterly),51.0
PH-0930,9117972038,Marissa,Cook,Hospitalist,T-009,West Laura,CO,8,Clark-Parker Medical School,6.0,5.0,20.0,1.0,16.666666666666664,3,8,3,4.5,Bronze,5.5,D (Monitor - Quarterly),37.0
PH-0931,5471553132,Michael,Mercado,Geriatrics,T-017,Alvarezhaven,CT,17,Lindsey Group Medical School,242.0,265.0,-8.679245283018867,38.0,15.702479338842975,10,4,3,6.1,Silver,3.5,C (Retain - Monthly),35.0
PH-0932,5009421410,Kimberly,Thompson,Geriatrics,T-032,Gilbertville,UT,8,"Mills, Hoffman and Jacobs Medical School",2.0,5.0,-60.0,0.0,0.0,2,1,1,1.4,Bronze,1.0,D (Monitor - Quarterly),63.0
PH-0933,2704523888,Melissa,Bailey,Cardiology,T-038,East Savannah,OH,3,Butler-Sosa Medical School,0.0,0.0,0.0,0.0,0.0,1,5,1,2.2,Bronze,3.0,D (Monitor - Quarterly),53.0
PH-0934,9867874422,Trevor,Morgan,Family Practice,T-013,Tonyaview,ND,31,"Morgan, Chapman and Oconnell Medical School",26.0,34.0,-23.52941176470588,9.0,34.61538461538461,6,3,7,5.4,Bronze,5.0,D (Monitor - Quarterly),35.0
PH-0935,5942824911,Lisa,Patterson,Rheumatology,T-032,Anthonytown,FM,22,Williams LLC Medical School,109.0,100.0,9.0,30.0,27.522935779816518,9,7,5,7.2,Gold,6.0,A (Protect - Weekly),14.0
PH-0936,5393132155,Chad,Smith,Pulmonology,T-003,Timothyhaven,IL,10,"Schultz, Peters and White Medical School",17.0,22.0,-22.727272727272727,5.0,29.411764705882355,5,3,6,4.699999999999999,Bronze,4.5,D (Monitor - Quarterly),34.0
PH-0937,1444889669,Christine,Moran,Internal Medicine,T-021,South Sylvia,UT,16,Henderson Ltd Medical School,2790.0,2657.0,5.005645464809936,988.0,35.412186379928315,10,7,7,8.2,Platinum,7.0,A (Protect - Weekly),1.0
PH-0938,7462025825,Keith,Herring,Oncology,T-024,New Jefferyburgh,VT,35,"Morton, Rodriguez and Anderson Medical School",55.0,31.0,77.41935483870968,6.0,10.909090909090908,8,9,3,6.800000000000001,Silver,6.0,A (Protect - Weekly),13.0
PH-0939,1239204910,Nicholas,Smith,Internal Medicine,T-030,New Johnview,NM,35,Harris PLC Medical School,0.0,0.0,0.0,0.0,0.0,1,5,1,2.2,Bronze,3.0,D (Monitor - Quarterly),49.0
PH-0940,7508276817,Gregory,White,General Practice,T-008,Timothymouth,KS,26,"Mcpherson, Hart and Baker Medical School",1772.0,1721.0,2.9633933759442184,441.0,24.88713318284424,10,7,5,7.6,Gold,6.0,A (Protect - Weekly),9.0
PH-0941,2629052918,Lisa,Bond,Oncology,T-007,Reyesside,IA,30,"Garcia, Brown and Melton Medical School",15.0,12.0,25.0,5.0,33.33333333333333,5,8,7,6.5,Silver,7.5,B (Grow - Bi-weekly),15.0
PH-0942,7172173373,Sara,Rios,Cardiology,T-001,Port Sara,MD,36,Thompson PLC Medical School,11.0,17.0,-35.294117647058826,8.0,72.72727272727273,4,2,10,5.2,Bronze,6.0,B (Grow - Bi-weekly),41.0
PH-0943,9936216591,Danielle,Young,Oncology,T-001,East Peggy,MD,15,"Cox, Brandt and Clarke Medical School",20.0,33.0,-39.39393939393939,6.0,30.0,5,2,6,4.4,Bronze,4.0,D (Monitor - Quarterly),45.0
PH-0944,8358446177,Jillian,Khan,Internal Medicine,T-040,East Lindsey,LA,8,Mcmahon PLC Medical School,11.0,14.0,-21.428571428571427,6.0,54.54545454545454,4,3,10,5.5,Bronze,6.5,B (Grow - Bi-weekly),27.0
PH-0945,5449791279,Mallory,Valencia,Hematology,T-009,Smithshire,HI,1,Jones-Brown Medical School,0.0,0.0,0.0,0.0,0.0,1,5,1,2.2,Bronze,3.0,D (Monitor - Quarterly),50.0
PH-0946,3978713752,Bethany,Grant,Geriatrics,T-002,East Edward,AS,40,"Mullins, Garcia and Mcguire Medical School",0.0,0.0,0.0,0.0,0.0,1,5,1,2.2,Bronze,3.0,D (Monitor - Quarterly),67.0
PH-0947,6083200487,Catherine,Case,Family Practice,T-034,Stonehaven,VI,14,"Gonzales, Sutton and Steele Medical School",16.0,29.0,-44.82758620689656,5.0,31.25,5,1,6,4.1,Bronze,3.5,D (Monitor - Quarterly),49.0
PH-0948,5852386003,Andre,Spence,Family Practice,T-030,South Deanna,GU,31,"Wyatt, Berry and Rodriguez Medical School",123.0,118.0,4.23728813559322,38.0,30.89430894308943,9,7,6,7.5,Gold,6.5,A (Protect - Weekly),9.0
PH-0949,1523910292,Kimberly,Blair,Cardiology,T-035,Elizabethland,ME,8,Woods Ltd Medical School,54.0,33.0,63.63636363636363,35.0,64.81481481481481,8,9,10,8.9,Platinum,9.5,A (Protect - Weekly),1.0
PH-0950,8309309671,Jason,Watkins,Cardiology,T-013,New Tammyberg,MO,32,Schultz Ltd Medical School,17756.0,17612.0,0.8176243470361118,7962.0,44.84118044604641,10,6,9,8.5,Platinum,7.5,A (Protect - Weekly),4.0
PH-0951,2132176720,Darius,Wise,Cardiology,T-019,North Danielfurt,CT,38,Gentry Inc Medical School,11.0,13.0,-15.384615384615383,3.0,27.27272727272727,4,3,5,4.0,Bronze,4.0,D (Monitor - Quarterly),49.0
PH-0952,1907258733,Sara,Francis,Internal Medicine,T-040,North Kelly,ID,17,James-Clark Medical School,11.0,9.0,22.22222222222222,0.0,0.0,4,8,1,4.3,Bronze,4.5,D (Monitor - Quarterly),41.0
PH-0953,274812421,Christopher,Johnson,Endocrinology,T-016,Garrettberg,MA,38,Ray LLC Medical School,0.0,0.0,0.0,0.0,0.0,1,5,1,2.2,Bronze,3.0,D (Monitor - Quarterly),32.0
PH-0954,2294620935,Virginia,Bell,Cardiology,T-002,Francoland,AS,26,"Fitzgerald, Smith and Galvan Medical School",7.0,3.0,133.33333333333331,1.0,14.285714285714285,3,10,3,5.1,Bronze,6.5,B (Grow - Bi-weekly),39.0
PH-0955,9952970137,David,Hill,Family Practice,T-031,Mcconnellside,MD,34,"Richardson, Parker and Bradshaw Medical School",10.0,9.0,11.11111111111111,5.0,50.0,4,7,9,6.4,Silver,8.0,B (Grow - Bi-weekly),18.0
PH-0956,3041202706,David,Mendez,Internal Medicine,T-008,Hallfort,KY,23,Jackson PLC Medical School,75.0,103.0,-27.184466019417474,32.0,42.66666666666667,8,2,8,6.2,Silver,5.0,C (Retain - Monthly),29.0
PH-0957,716690632,David,Campbell,Emergency Medicine,T-027,West Luisburgh,GU,29,"Welch, Smith and Haynes Medical School",160.0,160.0,0.0,47.0,29.375,9,5,6,6.9,Silver,5.5,C (Retain - Monthly),7.0
PH-0958,4030109567,Anne,Tate,Nephrology,T-039,Richardsonport,RI,1,Wood PLC Medical School,588.0,557.0,5.565529622980251,127.0,21.598639455782312,10,7,4,7.3,Gold,5.5,C (Retain - Monthly),4.0
PH-0959,5546234712,Mary,King,Endocrinology,T-030,Smithton,OH,13,Hammond PLC Medical School,5.0,8.0,-37.5,2.0,40.0,3,2,8,4.2,Bronze,5.0,D (Monitor - Quarterly),38.0
PH-0960,1030683176,Joshua,Harding,Neurology,T-019,Martinhaven,AZ,25,"Smith, Davis and Acosta Medical School",123.0,154.0,-20.12987012987013,23.0,18.69918699186992,9,3,4,5.7,Bronze,3.5,C (Retain - Monthly),35.0
PH-0961,5712901507,Christopher,Romero,Internal Medicine,T-017,Chavezbury,AR,23,Marquez-Cook Medical School,19.0,6.0,216.66666666666663,6.0,31.57894736842105,5,10,6,6.8,Silver,8.0,B (Grow - Bi-weekly),23.0
PH-0962,458474362,Danny,Gonzalez,Geriatrics,T-010,New Ryanstad,ND,10,"Rhodes, Griffin and Warner Medical School",5.0,0.0,0.0,2.0,40.0,3,5,8,5.1,Bronze,6.5,B (Grow - Bi-weekly),35.0
PH-0963,9470318053,Yvonne,Lara,Oncology,T-020,New Richard,GU,32,Weeks-Massey Medical School,103.0,142.0,-27.464788732394368,18.0,17.475728155339805,9,2,3,5.1,Bronze,2.5,C (Retain - Monthly),36.0
PH-0964,6621591832,Holly,Alvarez,Endocrinology,T-028,North Tinafurt,MT,24,Garcia-Hanna Medical School,34.0,38.0,-10.526315789473683,10.0,29.411764705882355,7,4,6,5.8,Bronze,5.0,C (Retain - Monthly),32.0
PH-0965,9011079771,Robin,Johnson,Internal Medicine,T-030,Brendaside,WI,4,"Jones, Espinoza and Todd Medical School",3.0,4.0,-25.0,1.0,33.33333333333333,2,2,7,3.5,Bronze,4.5,D (Monitor - Quarterly),45.0
PH-0966,4905315204,Cheryl,Shaw,Internal Medicine,T-023,Deborahfort,PW,8,Logan-Rice Medical School,19.0,15.0,26.666666666666668,5.0,26.31578947368421,5,8,5,5.9,Silver,6.5,B (Grow - Bi-weekly),34.0
PH-0967,7313797166,Carrie,Brady,Internal Medicine,T-031,South Rebeccaville,FL,14,Washington Inc Medical School,10.0,11.0,-9.090909090909092,3.0,30.0,4,4,6,4.6,Bronze,5.0,D (Monitor - Quarterly),36.0
PH-0968,7794332562,Jason,Barker,Emergency Medicine,T-034,Brandiville,RI,11,Roman-Jones Medical School,46.0,62.0,-25.806451612903224,8.0,17.391304347826086,7,2,3,4.300000000000001,Bronze,2.5,C (Retain - Monthly),45.0
PH-0969,4262037087,Lori,Fernandez,Internal Medicine,T-015,North Christopher,AR,31,Guerrero Ltd Medical School,21.0,21.0,0.0,5.0,23.809523809523807,6,5,4,5.1000000000000005,Bronze,4.5,D (Monitor - Quarterly),35.0
PH-0970,418135998,Caitlin,Dyer,Internal Medicine,T-029,Lesterville,CO,26,Estes-Simon Medical School,1520.0,1521.0,-0.0657462195923734,539.0,35.46052631578947,10,5,7,7.6,Gold,6.0,A (Protect - Weekly),12.0
PH-0971,8894801864,Kevin,Taylor,Gastroenterology,T-022,South Staceystad,NC,38,"Mclaughlin, Hall and Mcgrath Medical School",0.0,0.0,0.0,0.0,0.0,1,5,1,2.2,Bronze,3.0,D (Monitor - Quarterly),49.0
PH-0972,8570820048,Brandon,Wells,Emergency Medicine,T-024,Estradaburgh,MP,8,James Inc Medical School,13.0,10.0,30.0,5.0,38.46153846153847,4,8,8,6.4,Silver,8.0,B (Grow - Bi-weekly),19.0
PH-0973,4961128794,Lacey,Greene,Cardiology,T-005,Castrohaven,FL,29,Barber-Myers Medical School,24.0,33.0,-27.27272727272727,9.0,37.5,6,2,8,5.4,Bronze,5.0,D (Monitor - Quarterly),31.0
PH-0974,7040953141,Kristy,Henderson,Hospitalist,T-001,Ronaldfort,MH,19,"May, Thompson and Mitchell Medical School",17.0,25.0,-32.0,7.0,41.17647058823529,5,2,8,5.0,Bronze,5.0,D (Monitor - Quarterly),43.0
PH-0975,8835651796,Hunter,Bowman,Nephrology,T-034,Milesport,MP,4,"Bennett, Payne and Le Medical School",12.0,10.0,20.0,5.0,41.66666666666667,4,8,8,6.4,Silver,8.0,B (Grow - Bi-weekly),23.0
PH-0976,9604784217,Alexander,Hoffman,Hematology,T-015,South Douglasstad,OR,13,Petersen Group Medical School,56.0,51.0,9.803921568627452,19.0,33.92857142857143,8,7,7,7.4,Gold,7.0,A (Protect - Weekly),10.0
PH-0977,4882089348,Ricardo,Horton,Family Practice,T-006,New Blake,NE,12,Mercer Group Medical School,156.0,155.0,0.6451612903225806,60.0,38.46153846153847,9,6,8,7.800000000000001,Platinum,7.0,A (Protect - Weekly),5.0
PH-0978,7287991609,Marissa,Davis,Pulmonology,T-017,East Yolandaville,OR,23,"Wright, Guerrero and Benitez Medical School",227.0,267.0,-14.9812734082397,49.0,21.58590308370044,10,3,4,6.1000000000000005,Silver,3.5,C (Retain - Monthly),34.0
PH-0979,2361337605,Jacob,Wright,Family Practice,T-033,Manuelhaven,CT,27,Cook-Greer Medical School,95.0,99.0,-4.040404040404041,32.0,33.68421052631579,9,4,7,6.9,Silver,5.5,C (Retain - Monthly),12.0
PH-0980,254472419,Connor,Stewart,Geriatrics,T-010,Port Jamesport,KY,23,French Group Medical School,105.0,115.0,-8.695652173913043,30.0,28.57142857142857,9,4,6,6.6,Silver,5.0,C (Retain - Monthly),18.0
PH-0981,6177182498,Ashley,Payne,Internal Medicine,T-013,New Ambertown,VI,37,Murray-Arnold Medical School,29.0,32.0,-9.375,9.0,31.03448275862069,6,4,6,5.4,Bronze,5.0,D (Monitor - Quarterly),36.0
PH-0982,1417468135,Cindy,Ellison,Hospitalist,T-011,Valentineside,NE,17,"Alvarado, Williamson and Herman Medical School",89.0,86.0,3.488372093023256,11.0,12.359550561797752,9,7,3,6.6,Silver,5.0,C (Retain - Monthly),18.0
PH-0983,9698748694,Haley,Delacruz,Pulmonology,T-025,Matthewview,MD,30,"Williams, Martinez and Taylor Medical School",6.0,11.0,-45.45454545454545,2.0,33.33333333333333,3,1,7,3.6000000000000005,Bronze,4.0,D (Monitor - Quarterly),42.0
PH-0984,9207536051,Chad,Miller,Internal Medicine,T-020,East Marissaside,WV,19,"Aguirre, Clark and Edwards Medical School",23.0,9.0,155.55555555555557,7.0,30.434782608695656,6,10,6,7.2,Gold,8.0,B (Grow - Bi-weekly),12.0
PH-0985,6218945590,Nicholas,Smith,Neurology,T-037,New Dianashire,ME,17,Evans PLC Medical School,7.0,9.0,-22.22222222222222,1.0,14.285714285714285,3,3,3,3.0,Bronze,3.0,D (Monitor - Quarterly),47.0
PH-0986,4204664896,Ryan,Jenkins,Family Practice,T-039,Kristinaview,GA,28,Wilkins LLC Medical School,16.0,25.0,-36.0,5.0,31.25,5,2,6,4.4,Bronze,4.0,D (Monitor - Quarterly),33.0
PH-0987,5657758097,Kimberly,Parker,Geriatrics,T-035,Tamiborough,WY,18,"Trujillo, Johnson and Anderson Medical School",5.0,13.0,-61.53846153846154,3.0,60.0,3,1,10,4.5,Bronze,5.5,D (Monitor - Quarterly),42.0
PH-0988,5466226540,Daniel,Chen,Neurology,T-035,Jeremyton,AL,7,"Frederick, Coleman and Foley Medical School",424.0,353.0,20.113314447592067,94.0,22.16981132075472,10,8,4,7.6,Gold,6.0,A (Protect - Weekly),7.0
PH-0989,1224276774,Richard,Gallagher,Hematology,T-018,South Anthonyland,HI,37,Fletcher-Garcia Medical School,6.0,10.0,-40.0,2.0,33.33333333333333,3,2,7,3.9,Bronze,4.5,D (Monitor - Quarterly),41.0
PH-0990,5848860080,Daniel,Chapman,Oncology,T-031,Olsonfort,OH,2,Gonzalez Inc Medical School,0.0,0.0,0.0,0.0,0.0,1,5,1,2.2,Bronze,3.0,D (Monitor - Quarterly),49.0
PH-0991,2995704726,Laura,Farrell,Internal Medicine,T-009,Jonesville,PW,38,Brown PLC Medical School,41.0,25.0,64.0,22.0,53.65853658536586,7,9,10,8.5,Platinum,9.5,A (Protect - Weekly),1.0
PH-0992,4375365968,Brandon,Spencer,Family Practice,T-022,West Tonya,NY,33,Collins Inc Medical School,0.0,0.0,0.0,0.0,0.0,1,5,1,2.2,Bronze,3.0,D (Monitor - Quarterly),50.0
PH-0993,8385454006,Jonathan,Delgado,Oncology,T-023,Denisemouth,WA,34,Kane Inc Medical School,3.0,0.0,0.0,0.0,0.0,2,5,1,2.6,Bronze,3.0,D (Monitor - Quarterly),68.0
PH-0994,1232748979,Jessica,Lucero,Family Practice,T-008,Gonzalesfurt,WV,7,Sanchez LLC Medical School,6.0,9.0,-33.33333333333333,3.0,50.0,3,2,9,4.5,Bronze,5.5,D (Monitor - Quarterly),39.0
PH-0995,2720388621,Rachael,Gomez,Internal Medicine,T-003,Lake Amyland,PA,28,Rivers-Serrano Medical School,29.0,15.0,93.33333333333331,10.0,34.48275862068966,6,10,7,7.5,Gold,8.5,B (Grow - Bi-weekly),12.0
PH-0996,4530693588,Maria,Adams,General Practice,T-021,West Melanie,FM,28,Smith-Hodge Medical School,22.0,8.0,175.0,11.0,50.0,6,10,9,8.1,Platinum,9.5,B (Grow - Bi-weekly),3.0
PH-0997,1816778481,Megan,Reed,Gastroenterology,T-001,West Jonathan,PW,36,"Moses, Green and Simmons Medical School",93.0,71.0,30.985915492957744,17.0,18.27956989247312,9,8,4,7.2,Gold,6.0,A (Protect - Weekly),15.0
PH-0998,8385179937,Janet,Tran,Cardiology,T-035,Lake Ginamouth,IA,13,"Larson, Thomas and Bryant Medical School",90.0,69.0,30.434782608695656,35.0,38.88888888888889,9,8,8,8.4,Platinum,8.0,A (Protect - Weekly),2.0
PH-0999,8848699969,Allison,Frank,Cardiology,T-010,West Victoriamouth,NJ,10,"Warner, Monroe and Garcia Medical School",32.0,13.0,146.15384615384613,14.0,43.75,7,10,8,8.200000000000001,Platinum,9.0,A (Protect - Weekly),4.0
PH-1000,7246301986,Jennifer,Thompson,Cardiology,T-037,East Marie,SD,38,Vargas and Sons Medical School,12.0,18.0,-33.33333333333333,2.0,16.666666666666664,4,2,3,3.1,Bronze,2.5,D (Monitor - Quarterly),45.0
PH-1001,8339121870,Philip,Montoya,Family Practice,T-022,East Zachary,NY,17,Joseph PLC Medical School,13.0,13.0,0.0,7.0,53.84615384615385,4,5,10,6.1,Silver,7.5,B (Grow - Bi-weekly),29.0
PH-1002,3221010232,Pamela,Smith,Internal Medicine,T-010,Murrayfurt,DE,35,Kent PLC Medical School,71.0,81.0,-12.34567901234568,30.0,42.25352112676056,8,3,8,6.5,Silver,5.5,C (Retain - Monthly),19.0
PH-1003,9876108143,Nathan,Robles,Family Practice,T-038,Bryanbury,MH,17,"Roberts, Flores and Sanchez Medical School",2.0,0.0,0.0,2.0,100.0,2,5,10,5.3,Bronze,7.5,B (Grow - Bi-weekly),27.0
PH-1004,1980746823,Leslie,Ortiz,Emergency Medicine,T-024,Marilynville,AZ,29,Gonzalez Inc Medical School,0.0,0.0,0.0,0.0,0.0,1,5,1,2.2,Bronze,3.0,D (Monitor - Quarterly),54.0
PH-1005,7620545967,Mary,Rivera,Family Practice,T-036,South Ryanfurt,NE,26,Davis-Smith Medical School,104.0,71.0,46.478873239436616,45.0,43.26923076923077,9,9,8,8.7,Platinum,8.5,A (Protect - Weekly),1.0
PH-1006,6541134078,Mario,Ross,Pulmonology,T-020,Kelseyfort,AZ,28,"Gilbert, Richardson and Hoffman Medical School",16.0,14.0,14.285714285714285,4.0,25.0,5,7,5,5.6,Bronze,6.0,B (Grow - Bi-weekly),29.0
PH-1007,3668348268,Jessica,Cunningham,Internal Medicine,T-017,Mooremouth,WY,40,Rice PLC Medical School,5.0,3.0,66.66666666666666,0.0,0.0,3,9,1,4.2,Bronze,5.0,D (Monitor - Quarterly),52.0
PH-1008,6888917879,Charles,Johnson,Internal Medicine,T-012,Whitemouth,PR,27,Hudson Group Medical School,8.0,5.0,60.0,7.0,87.5,3,9,10,6.9,Silver,9.5,B (Grow - Bi-weekly),14.0
PH-1009,932012657,Melinda,Welch,Nephrology,T-030,South Alexis,CO,34,"Bond, Juarez and Baird Medical School",227.0,238.0,-4.621848739495799,41.0,18.06167400881057,10,4,4,6.4,Silver,4.0,C (Retain - Monthly),17.0
PH-1010,9521755851,Steven,Bryant,Internal Medicine,T-007,Lake Juliefort,LA,32,Guzman-Bowers Medical School,125.0,162.0,-22.839506172839503,53.0,42.4,9,3,8,6.9,Silver,5.5,C (Retain - Monthly),11.0
PH-1011,1882419962,Ryan,Thompson,Family Practice,T-025,New Sherry,MA,33,"Matthews, Cole and Shepherd Medical School",55.0,70.0,-21.428571428571427,15.0,27.27272727272727,8,3,5,5.6,Bronze,4.0,C (Retain - Monthly),24.0
PH-1012,4542185457,Martha,Williams,Rheumatology,T-007,Chanberg,AL,12,"Thomas, Richard and Richardson Medical School",17.0,18.0,-5.555555555555555,5.0,29.411764705882355,5,4,6,5.0,Bronze,5.0,D (Monitor - Quarterly),32.0
PH-1013,900163564,Stephanie,Stevens,Cardiology,T-036,Port Derek,PR,13,Braun-Gordon Medical School,31.0,33.0,-6.0606060606060606,12.0,38.70967741935484,6,4,8,6.0,Silver,6.0,B (Grow - Bi-weekly),25.0
PH-1014,8954001788,Ian,Barker,General Practice,T-009,Allenberg,MT,32,Price PLC Medical School,601.0,582.0,3.264604810996564,157.0,26.12312811980033,10,7,5,7.6,Gold,6.0,A (Protect - Weekly),5.0
PH-1015,5071058011,Autumn,Villegas,Emergency Medicine,T-033,Port Steven,AS,23,Zavala Ltd Medical School,399.0,469.0,-14.925373134328357,87.0,21.804511278195488,10,3,4,6.1000000000000005,Silver,3.5,C (Retain - Monthly),23.0
PH-1016,1526105370,Lori,Taylor,Hematology,T-008,North Stevenchester,OR,22,Becker-Smith Medical School,3.0,9.0,-66.66666666666666,0.0,0.0,2,1,1,1.4,Bronze,1.0,D (Monitor - Quarterly),57.0
PH-1017,7418948543,Lisa,Thomas,Internal Medicine,T-040,Gutierrezside,OK,3,Grimes Group Medical School,129.0,79.0,63.29113924050633,42.0,32.55813953488372,9,9,6,8.1,Platinum,7.5,A (Protect - Weekly),6.0
PH-1018,5294471619,Laura,Robertson,Gastroenterology,T-029,South James,ME,34,"Miller, Winters and Swanson Medical School",7.0,0.0,0.0,1.0,14.285714285714285,3,5,3,3.6,Bronze,4.0,D (Monitor - Quarterly),49.0
PH-1019,1045025896,Jeffrey,White,Neurology,T-013,Staffordborough,FM,15,"Ward, Scott and Gallagher Medical School",2.0,10.0,-80.0,2.0,100.0,2,1,10,4.1,Bronze,5.5,D (Monitor - Quarterly),48.0
PH-1020,3526806486,Benjamin,Patterson,Cardiology,T-026,New Amy,VT,4,Macdonald-Galvan Medical School,51.0,64.0,-20.3125,21.0,41.17647058823529,8,3,8,6.5,Silver,5.5,C (Retain - Monthly),31.0
PH-1021,8384253646,Robyn,Fernandez,Hospitalist,T-009,Matthewmouth,GU,5,Mcintosh-Bush Medical School,13.0,13.0,0.0,3.0,23.07692307692308,4,5,4,4.3,Bronze,4.5,D (Monitor - Quarterly),40.0
PH-1022,6579551562,Jamie,White,Endocrinology,T-020,New Austinmouth,MH,11,Rodriguez-Snyder Medical School,212.0,237.0,-10.548523206751057,58.0,27.358490566037734,10,4,5,6.7,Silver,4.5,C (Retain - Monthly),20.0
PH-1023,4091311178,Shelly,Davis,Hospitalist,T-028,East Markport,VT,22,Fleming-Brown Medical School,0.0,0.0,0.0,0.0,0.0,1,5,1,2.2,Bronze,3.0,D (Monitor - Quarterly),53.0
PH-1024,2206953541,Felicia,Bolton,Family Practice,T-026,Lake Derekmouth,MH,7,Glover-Mccullough Medical School,20.0,30.0,-33.33333333333333,9.0,45.0,5,2,9,5.3,Bronze,5.5,D (Monitor - Quarterly),38.0
PH-1025,5002601515,Jason,Ball,Internal Medicine,T-026,West Tammy,SD,25,"Parks, Green and Schultz Medical School",239.0,238.0,0.4201680672268907,95.0,39.74895397489539,10,6,8,8.2,Platinum,7.0,A (Protect - Weekly),8.0
PH-1026,9507407173,Megan,Ford,Hematology,T-019,West Jeanetteshire,TX,11,Schneider-Mcintyre Medical School,148.0,177.0,-16.38418079096045,21.0,14.18918918918919,9,3,3,5.4,Bronze,3.0,C (Retain - Monthly),38.0
PH-1027,1006493403,Hannah,Riley,General Practice,T-008,West Michaelton,FM,40,Patterson PLC Medical School,4.0,3.0,33.33333333333333,0.0,0.0,2,8,1,3.5,Bronze,4.5,D (Monitor - Quarterly),44.0
PH-1028,9411849135,Nicole,Jensen,Emergency Medicine,T-031,New Michael,WV,28,Blankenship Ltd Medical School,17.0,8.0,112.5,4.0,23.52941176470588,5,10,4,6.2,Silver,7.0,B (Grow - Bi-weekly),19.0
PH-1029,9520561006,Tamara,Hudson,Neurology,T-001,Lake Andrewshire,NE,38,"Brown, Payne and Love Medical School",24.0,39.0,-38.46153846153847,2.0,8.333333333333332,6,2,3,3.9,Bronze,2.5,D (Monitor - Quarterly),48.0
PH-1030,7403784233,Ashley,Roberts,Internal Medicine,T-031,Michelletown,AL,26,Henry-Bennett Medical School,7.0,1.0,600.0,2.0,28.57142857142857,3,10,6,6.0,Silver,8.0,B (Grow - Bi-weekly),22.0
PH-1031,2550325017,Jason,Gray,Internal Medicine,T-005,Davidfurt,HI,20,Rodriguez-Medina Medical School,566.0,598.0,-5.351170568561873,196.0,34.62897526501767,10,4,7,7.300000000000001,Gold,5.5,C (Retain - Monthly),10.0
PH-1032,2902923345,Melissa,Jones,Neurology,T-011,New Billchester,MP,33,"Williams, Sanchez and Walsh Medical School",202.0,173.0,16.76300578034682,50.0,24.752475247524757,10,8,5,7.9,Platinum,6.5,A (Protect - Weekly),7.0
PH-1033,8868430211,Patrick,Wallace,Hospitalist,T-027,New Sara,LA,34,"Cook, Hester and Barr Medical School",5.0,5.0,0.0,3.0,60.0,3,5,10,5.7,Bronze,7.5,B (Grow - Bi-weekly),21.0
PH-1034,5988759212,Brittney,Watkins,Internal Medicine,T-021,Collinsfurt,AZ,5,Ashley and Sons Medical School,6.0,0.0,0.0,0.0,0.0,3,5,1,3.0,Bronze,3.0,D (Monitor - Quarterly),48.0
PH-1035,6202755821,Jonathan,Lucero,Neurology,T-022,Lake Caitlintown,PW,18,Wilson-Owen Medical School,3.0,0.0,0.0,3.0,100.0,2,5,10,5.3,Bronze,7.5,B (Grow - Bi-weekly),34.0
PH-1036,2380236219,Jessica,Jackson,Endocrinology,T-013,Rebeccahaven,WY,31,Boyd Group Medical School,195.0,161.0,21.11801242236025,59.0,30.256410256410252,10,8,6,8.2,Platinum,7.0,A (Protect - Weekly),7.0
PH-1037,591611863,Amanda,Cook,Cardiology,T-030,Lake Briannamouth,OK,6,"Ford, Kaufman and Jackson Medical School",11.0,6.0,83.33333333333334,1.0,9.090909090909092,4,10,3,5.5,Bronze,6.5,B (Grow - Bi-weekly),29.0
PH-1038,1688005378,Kathy,Lyons,Family Practice,T-033,North Amy,MS,17,"Bender, Romero and Perkins Medical School",21.0,12.0,75.0,6.0,28.57142857142857,6,9,6,6.9,Silver,7.5,B (Grow - Bi-weekly),13.0
PH-1039,2845401822,Jennifer,Woods,General Practice,T-013,North Gregoryborough,RI,11,Herrera-Garrett Medical School,20.0,12.0,66.66666666666666,3.0,15.0,5,9,3,5.6,Bronze,6.0,B (Grow - Bi-weekly),29.0
PH-1040,3220414474,Diana,Simon,Family Practice,T-006,North Robertstad,OK,16,"Page, Haynes and Nunez Medical School",34.0,32.0,6.25,15.0,44.11764705882353,7,7,9,7.6,Gold,8.0,A (Protect - Weekly),9.0
PH-1041,203042322,Jennifer,Jimenez,Neurology,T-026,Lake Nancy,IA,12,Robbins-Williams Medical School,0.0,0.0,0.0,0.0,0.0,1,5,1,2.2,Bronze,3.0,D (Monitor - Quarterly),58.0
PH-1042,2816506463,Aaron,Joyce,Internal Medicine,T-025,West Jenniferbury,MP,18,Bryant-Kelly Medical School,7.0,8.0,-12.5,2.0,28.57142857142857,3,3,6,3.9,Bronze,4.5,D (Monitor - Quarterly),41.0
PH-1043,9198321029,Christopher,Fleming,Nephrology,T-038,South Kennethton,VI,18,Perkins PLC Medical School,249.0,210.0,18.571428571428573,65.0,26.10441767068273,10,8,5,7.9,Platinum,6.5,A (Protect - Weekly),3.0
PH-1044,3104384196,Philip,Hernandez,General Practice,T-004,Port Mistyville,MT,29,Smith-Brown Medical School,165.0,161.0,2.484472049689441,43.0,26.060606060606062,9,6,5,6.9,Silver,5.5,C (Retain - Monthly),18.0
PH-1045,6856670636,Sarah,Miller,Emergency Medicine,T-034,Coxton,ME,17,"Mitchell, Hines and Scott Medical School",94.0,48.0,95.83333333333334,26.0,27.659574468085108,9,10,5,8.1,Platinum,7.5,A (Protect - Weekly),5.0
PH-1046,766349339,Robert,Smith,Hospitalist,T-016,Jacksonborough,DC,2,Cruz Group Medical School,0.0,0.0,0.0,0.0,0.0,1,5,1,2.2,Bronze,3.0,D (Monitor - Quarterly),33.0
PH-1047,1142436258,Heather,Adams,Hospitalist,T-008,North Erin,PR,13,"Fields, Friedman and Ferguson Medical School",14.0,7.0,100.0,3.0,21.428571428571427,4,10,4,5.8,Bronze,7.0,B (Grow - Bi-weekly),33.0
PH-1048,7991962341,Diane,Duncan,Geriatrics,T-030,Bakerborough,OH,32,Ballard-Clay Medical School,34.0,33.0,3.0303030303030303,1.0,2.941176470588235,7,7,3,5.800000000000001,Silver,5.0,C (Retain - Monthly),26.0
PH-1049,4725058333,Jose,Harris,Internal Medicine,T-030,Port Hannahland,CO,1,"Davenport, Charles and Rice Medical School",11.0,12.0,-8.333333333333332,3.0,27.27272727272727,4,4,5,4.3,Bronze,4.5,D (Monitor - Quarterly),37.0
PH-1050,6054576947,Mark,Chavez,Family Practice,T-017,Jennifermouth,ID,20,Rasmussen-Kim Medical School,238.0,207.0,14.975845410628018,90.0,37.81512605042017,10,8,8,8.8,Platinum,8.0,A (Protect - Weekly),2.0
PH-1051,9746698616,Jason,Ramirez,Nephrology,T-022,East Matthewstad,AK,29,"Wolfe, Smith and Rivera Medical School",37.0,30.0,23.33333333333333,10.0,27.027027027027028,7,8,5,6.7,Silver,6.5,A (Protect - Weekly),18.0
PH-1052,9481526925,Kristin,Watson,Family Practice,T-009,Sandersmouth,HI,37,Castaneda and Sons Medical School,6.0,0.0,0.0,0.0,0.0,3,5,1,3.0,Bronze,3.0,D (Monitor - Quarterly),45.0
PH-1053,742359142,Paul,Fitzpatrick,Cardiology,T-037,Brianview,SD,28,"Silva, Wright and Merritt Medical School",233.0,283.0,-17.6678445229682,100.0,42.91845493562232,10,3,8,7.300000000000001,Gold,5.5,C (Retain - Monthly),13.0
PH-1054,6145430796,Jeffrey,Townsend,Emergency Medicine,T-021,North Susan,TX,24,Johnson Ltd Medical School,364.0,355.0,2.535211267605634,116.0,31.868131868131865,10,6,6,7.6,Gold,6.0,A (Protect - Weekly),6.0
PH-1055,1785221158,Sean,Hendricks,Oncology,T-040,Lucasborough,MN,2,"Ramirez, Kemp and Hamilton Medical School",0.0,0.0,0.0,0.0,0.0,1,5,1,2.2,Bronze,3.0,D (Monitor - Quarterly),54.0
PH-1056,8744701732,Molly,Peck,Endocrinology,T-027,Lake Allisonmouth,FM,22,"Hoover, Walker and Wallace Medical School",30.0,17.0,76.47058823529412,4.0,13.333333333333334,6,9,3,6.0,Silver,6.0,B (Grow - Bi-weekly),18.0
PH-1057,7296656337,Adam,Ramirez,Family Practice,T-029,Lake Mariastad,GU,3,Cervantes PLC Medical School,12.0,11.0,9.090909090909092,6.0,50.0,4,7,9,6.4,Silver,8.0,B (Grow - Bi-weekly),29.0
PH-1058,1055800027,Melissa,Thompson,Emergency Medicine,T-010,North Kyle,MD,36,Bates-Dougherty Medical School,11.0,10.0,10.0,5.0,45.45454545454545,4,7,9,6.4,Silver,8.0,B (Grow - Bi-weekly),20.0
PH-1059,1609439136,Allison,Burton,Internal Medicine,T-027,South Victoriaton,ID,34,Gonzalez PLC Medical School,6.0,4.0,50.0,0.0,0.0,3,9,1,4.2,Bronze,5.0,D (Monitor - Quarterly),31.0
PH-1060,5528620929,Jessica,Chase,General Practice,T-032,West David,MN,25,"Bell, Barry and Hopkins Medical School",39.0,18.0,116.66666666666669,5.0,12.82051282051282,7,10,3,6.700000000000001,Silver,6.5,A (Protect - Weekly),22.0
PH-1061,3322273938,Carrie,Thompson,Hematology,T-003,Michaelfort,UT,20,"Clayton, Harrington and Walker Medical School",339.0,392.0,-13.520408163265309,108.0,31.858407079646017,10,3,6,6.7,Silver,4.5,C (Retain - Monthly),20.0
PH-1062,5323661850,Terrence,Davis,Cardiology,T-030,New Theresaton,NY,35,Price Group Medical School,37.0,29.0,27.58620689655172,21.0,56.75675675675676,7,8,10,8.2,Platinum,9.0,A (Protect - Weekly),5.0
PH-1063,1823601071,Eric,Garcia,Cardiology,T-039,New Erica,SC,27,Mccarthy Group Medical School,4.0,0.0,0.0,0.0,0.0,2,5,1,2.6,Bronze,3.0,D (Monitor - Quarterly),42.0
PH-1064,6484673574,David,Clark,Internal Medicine,T-017,Lake Toni,FL,18,Gillespie PLC Medical School,42.0,40.0,5.0,14.0,33.33333333333333,7,7,7,7.0,Gold,7.0,A (Protect - Weekly),18.0
PH-1065,194425892,Jennifer,Ortega,General Practice,T-029,East Jessica,MI,20,Brown-White Medical School,7.0,13.0,-46.15384615384615,2.0,28.57142857142857,3,1,6,3.3,Bronze,3.5,D (Monitor - Quarterly),50.0
PH-1066,9535063731,Melissa,Wilson,Nephrology,T-018,West Randyfort,KY,4,Carey Inc Medical School,84.0,119.0,-29.411764705882355,18.0,21.428571428571427,9,2,4,5.4,Bronze,3.0,C (Retain - Monthly),30.0
PH-1067,7538418520,Pamela,Jones,Geriatrics,T-001,Thompsonton,NY,26,Beck-Perez Medical School,19.0,11.0,72.72727272727273,6.0,31.57894736842105,5,9,6,6.499999999999999,Silver,7.5,B (Grow - Bi-weekly),28.0
PH-1068,7561547055,John,Jones,Emergency Medicine,T-023,Lake Donna,MN,10,Patterson Ltd Medical School,7.0,1.0,600.0,0.0,0.0,3,10,1,4.5,Bronze,5.5,D (Monitor - Quarterly),53.0
PH-1069,4119556409,Sarah,Davis,Oncology,T-005,Vargasborough,OR,1,Hayes-Crawford Medical School,0.0,0.0,0.0,0.0,0.0,1,5,1,2.2,Bronze,3.0,D (Monitor - Quarterly),54.0
PH-1070,2070204262,Elizabeth,Jones,Internal Medicine,T-034,Davisland,FL,29,Jones-Harris Medical School,92.0,68.0,35.294117647058826,29.0,31.521739130434785,9,9,6,8.1,Platinum,7.5,A (Protect - Weekly),6.0
PH-1071,3696789760,Ashley,Mills,Family Practice,T-011,North Frederick,NM,21,Hall-Yates Medical School,13.0,3.0,333.33333333333337,4.0,30.76923076923077,4,10,6,6.4,Silver,8.0,B (Grow - Bi-weekly),24.0
PH-1072,2276075988,Christy,Wong,Endocrinology,T-026,Gomezborough,SC,19,"Armstrong, Moon and Steele Medical School",58.0,64.0,-9.375,20.0,34.48275862068966,8,4,7,6.5,Silver,5.5,C (Retain - Monthly),32.0
PH-1073,3191654308,Emily,Floyd,Internal Medicine,T-007,Hunterville,FL,7,Moore PLC Medical School,9.0,3.0,200.0,9.0,100.0,3,10,10,7.2,Gold,10.0,B (Grow - Bi-weekly),8.0
PH-1074,1505764497,Lauren,Mitchell,Geriatrics,T-005,Lake Brendanberg,MT,21,"Marshall, Torres and Gardner Medical School",16.0,2.0,700.0,0.0,0.0,5,10,1,5.3,Bronze,5.5,D (Monitor - Quarterly),33.0
PH-1075,6764979741,Robert,Harris,Hematology,T-023,Ronaldton,KS,20,Johnson-Russell Medical School,16.0,18.0,-11.11111111111111,4.0,25.0,5,4,5,4.7,Bronze,4.5,D (Monitor - Quarterly),50.0
PH-1076,5537309649,Ronald,Lopez,Family Practice,T-029,Alexanderville,FM,8,"Cunningham, Howard and Hudson Medical School",381.0,313.0,21.72523961661342,139.0,36.48293963254593,10,8,7,8.5,Platinum,7.5,A (Protect - Weekly),2.0
PH-1077,6353059702,Micheal,Rodriguez,Internal Medicine,T-019,South Robert,IL,39,Evans-Archer Medical School,295.0,259.0,13.8996138996139,109.0,36.94915254237288,10,7,7,8.2,Platinum,7.0,A (Protect - Weekly),4.0
PH-1078,5948989596,Michael,Campbell,Cardiology,T-027,Wrightmouth,WV,4,Baxter-Mcmahon Medical School,12.0,6.0,100.0,2.0,16.666666666666664,4,10,3,5.5,Bronze,6.5,B (Grow - Bi-weekly),24.0
PH-1079,4344149169,Sarah,Chapman,Internal Medicine,T-035,Port Janice,PR,37,Hill-Hayes Medical School,6.0,22.0,-72.72727272727273,1.0,16.666666666666664,3,1,3,2.4000000000000004,Bronze,2.0,D (Monitor - Quarterly),54.0
PH-1080,3946408822,Jeffrey,Watkins,Family Practice,T-024,Andersonfort,VA,27,Mcneil Ltd Medical School,3.0,2.0,50.0,0.0,0.0,2,9,1,3.8,Bronze,5.0,D (Monitor - Quarterly),45.0
PH-1081,8894132109,Sean,Brown,Oncology,T-036,North Michelle,WV,34,Mendoza LLC Medical School,15.0,24.0,-37.5,6.0,40.0,5,2,8,5.0,Bronze,5.0,D (Monitor - Quarterly),37.0
PH-1082,8534655792,Michele,Martinez,Hematology,T-024,North Brad,KY,4,"Reynolds, Torres and Hickman Medical School",18.0,17.0,5.88235294117647,4.0,22.22222222222222,5,7,4,5.3,Bronze,5.5,D (Monitor - Quarterly),31.0
PH-1083,2939002512,Kimberly,Harris,Internal Medicine,T-023,Cookfurt,VI,23,Rice-Larson Medical School,190.0,203.0,-6.403940886699508,77.0,40.526315789473685,10,4,8,7.6,Gold,6.0,A (Protect - Weekly),12.0
PH-1084,3595708619,Chelsea,Blackburn,Hospitalist,T-031,Janiceside,ME,6,Green LLC Medical School,216.0,227.0,-4.845814977973569,55.0,25.462962962962965,10,4,5,6.7,Silver,4.5,C (Retain - Monthly),13.0
PH-1085,6631138850,Nicole,Phillips,Cardiology,T-010,East Maria,GA,40,"Yang, Johnson and Wright Medical School",28.0,6.0,366.6666666666666,15.0,53.57142857142857,6,10,10,8.4,Platinum,10.0,B (Grow - Bi-weekly),3.0
PH-1086,4742463104,Jesse,Hayes,Internal Medicine,T-038,Gordonfurt,WY,21,"Guerra, Johnson and Moody Medical School",17.0,25.0,-32.0,4.0,23.52941176470588,5,2,4,3.8,Bronze,3.0,D (Monitor - Quarterly),41.0
PH-1087,5294690217,Samuel,Mitchell,Internal Medicine,T-003,Bakerton,ME,22,Skinner Inc Medical School,201.0,195.0,3.076923076923077,56.0,27.860696517412936,10,7,5,7.6,Gold,6.0,A (Protect - Weekly),10.0
PH-1088,2385022894,Robert,Morgan,Gastroenterology,T-028,Waltonburgh,ID,12,Anderson and Sons Medical School,76.0,76.0,0.0,14.0,18.421052631578945,8,5,4,5.9,Silver,4.5,C (Retain - Monthly),29.0
PH-1089,9302025691,Jason,Rich,Internal Medicine,T-036,North Jeffrey,KS,5,Mcdonald-Jones Medical School,0.0,0.0,0.0,0.0,0.0,1,5,1,2.2,Bronze,3.0,D (Monitor - Quarterly),58.0
PH-1090,1675076279,Chelsea,Potter,Rheumatology,T-030,Johnton,HI,37,May-Clark Medical School,4.0,19.0,-78.94736842105263,3.0,75.0,2,1,10,4.1,Bronze,5.5,D (Monitor - Quarterly),40.0
PH-1091,1239847230,Jay,Moran,Gastroenterology,T-027,North David,LA,14,Jones-Stanton Medical School,13.0,15.0,-13.333333333333334,6.0,46.15384615384615,4,3,9,5.199999999999999,Bronze,6.0,B (Grow - Bi-weekly),29.0
PH-1092,9017222405,Brian,Olsen,Internal Medicine,T-036,Hendricksview,TN,39,"Ford, Parsons and Garcia Medical School",9.0,4.0,125.0,3.0,33.33333333333333,3,10,7,6.300000000000001,Silver,8.5,B (Grow - Bi-weekly),23.0
PH-1093,7754619924,Brendan,Ward,Internal Medicine,T-022,New Monique,NV,21,Kramer Group Medical School,10.0,3.0,233.33333333333331,4.0,40.0,4,10,8,7.0,Gold,9.0,B (Grow - Bi-weekly),10.0
PH-1094,2581225909,Kimberly,Cooper,Endocrinology,T-008,Changport,VT,16,Melendez-Hardy Medical School,0.0,0.0,0.0,0.0,0.0,1,5,1,2.2,Bronze,3.0,D (Monitor - Quarterly),56.0
PH-1095,2373379121,David,Miller,Cardiology,T-031,North Alyssahaven,AZ,10,Terry Ltd Medical School,63.0,45.0,40.0,28.0,44.44444444444444,8,9,9,8.6,Platinum,9.0,A (Protect - Weekly),1.0
PH-1096,8690170740,Lauren,Cantu,Cardiology,T-034,West Dale,RI,9,"King, Kelly and George Medical School",12.0,10.0,20.0,4.0,33.33333333333333,4,8,7,6.1,Silver,7.5,B (Grow - Bi-weekly),31.0
PH-1097,1712227643,Jeffrey,Gibson,Internal Medicine,T-032,North Michael,LA,10,Thomas Group Medical School,0.0,0.0,0.0,0.0,0.0,1,5,1,2.2,Bronze,3.0,D (Monitor - Quarterly),60.0
PH-1098,2654963308,Lisa,Harris,Family Practice,T-017,Kellymouth,FM,4,Torres PLC Medical School,11.0,4.0,175.0,3.0,27.27272727272727,4,10,5,6.1,Silver,7.5,B (Grow - Bi-weekly),36.0
PH-1099,7899504702,Alex,Brooks,Hospitalist,T-025,Cannonstad,CA,21,"Miranda, Edwards and French Medical School",90.0,65.0,38.46153846153847,32.0,35.55555555555556,9,9,7,8.4,Platinum,8.0,A (Protect - Weekly),4.0
PH-1100,7749266329,Joyce,Gutierrez,Nephrology,T-001,Jacksonfort,NJ,25,Norton-Moore Medical School,108.0,112.0,-3.571428571428571,22.0,20.37037037037037,9,4,4,6.0,Silver,4.0,C (Retain - Monthly),33.0
PH-1101,5920616581,Donald,Jacobs,Internal Medicine,T-017,Lake Miguelburgh,FL,24,"Mitchell, Jones and Glass Medical School",23.0,25.0,-8.0,11.0,47.82608695652174,6,4,9,6.300000000000001,Silver,6.5,B (Grow - Bi-weekly),29.0
PH-1102,6302955963,Ryan,Ford,Internal Medicine,T-015,Lake Ricky,GU,32,"Sharp, Beck and Finley Medical School",14.0,21.0,-33.33333333333333,5.0,35.714285714285715,4,2,7,4.300000000000001,Bronze,4.5,D (Monitor - Quarterly),40.0
PH-1103,661549808,Matthew,Lee,Cardiology,T-006,East Dianaton,AZ,1,Berry-York Medical School,930.0,1028.0,-9.53307392996109,431.0,46.344086021505376,10,4,9,7.9,Platinum,6.5,A (Protect - Weekly),4.0
PH-1104,3211221215,Kara,Dixon,Internal Medicine,T-039,Lake Nathanberg,VI,17,Stephens-Nichols Medical School,6.0,4.0,50.0,4.0,66.66666666666666,3,9,10,6.9,Silver,9.5,B (Grow - Bi-weekly),8.0
PH-1105,6401918548,Amanda,Price,Cardiology,T-029,Karentown,AZ,9,Thompson-Reilly Medical School,3.0,11.0,-72.72727272727273,3.0,100.0,2,1,10,4.1,Bronze,5.5,D (Monitor - Quarterly),46.0
PH-1106,7787358566,Juan,Berg,Family Practice,T-006,Kimberlyville,PA,20,Ramsey-Robinson Medical School,11.0,9.0,22.22222222222222,4.0,36.36363636363637,4,8,7,6.1,Silver,7.5,B (Grow - Bi-weekly),27.0
PH-1107,2192622132,Andre,Vaughn,General Practice,T-003,West Frankview,ND,17,Flynn Inc Medical School,4.0,3.0,33.33333333333333,2.0,50.0,2,9,9,6.199999999999999,Silver,9.0,B (Grow - Bi-weekly),26.0
PH-1108,4789117972,Marcia,Sullivan,Gastroenterology,T-012,Barbarahaven,CT,1,"Martin, Hale and Rodriguez Medical School",11.0,10.0,10.0,0.0,0.0,4,7,1,4.0,Bronze,4.0,D (Monitor - Quarterly),37.0
PH-1109,8003666020,Bryan,Bailey,Internal Medicine,T-026,Lake Evan,MA,15,Stephens and Sons Medical School,197.0,248.0,-20.56451612903226,64.0,32.48730964467005,10,3,6,6.7,Silver,4.5,C (Retain - Monthly),26.0
PH-1110,1050524383,Andrea,Smith,Endocrinology,T-032,Angelaburgh,MT,4,"Jackson, Osborne and Saunders Medical School",39.0,17.0,129.41176470588235,5.0,12.82051282051282,7,10,3,6.700000000000001,Silver,6.5,A (Protect - Weekly),23.0
PH-1111,76862763,Michaela,Thompson,Family Practice,T-019,Port Walter,MH,35,Nunez-Andrade Medical School,25.0,12.0,108.33333333333331,13.0,52.0,6,10,9,8.1,Platinum,9.5,B (Grow - Bi-weekly),7.0
PH-1112,3376185186,Gregory,Gibson,Cardiology,T-033,South Andrea,WI,14,Smith Inc Medical School,348.0,351.0,-0.8547008547008548,153.0,43.96551724137931,10,5,9,8.2,Platinum,7.0,A (Protect - Weekly),1.0
PH-1113,3282339218,Melinda,Simon,Geriatrics,T-004,West Rachael,NH,24,"Greene, Chase and Rice Medical School",0.0,0.0,0.0,0.0,0.0,1,6,1,2.5,Bronze,3.5,D (Monitor - Quarterly),48.0
PH-1114,5067761065,Margaret,Jackson,Gastroenterology,T-019,Port Destinyview,IA,6,Howell Group Medical School,2.0,5.0,-60.0,0.0,0.0,2,1,1,1.4,Bronze,1.0,D (Monitor - Quarterly),65.0
PH-1115,9761781596,Bethany,Ferguson,Endocrinology,T-040,New Heather,MI,19,"Jimenez, Navarro and Smith Medical School",23.0,24.0,-4.166666666666666,6.0,26.08695652173913,6,4,5,5.1000000000000005,Bronze,4.5,D (Monitor - Quarterly),33.0
PH-1116,2665686295,Bailey,Davis,Family Practice,T-005,Shaneport,RI,27,"Watkins, Vance and Martin Medical School",37.0,38.0,-2.631578947368421,13.0,35.13513513513514,7,4,7,6.1,Silver,5.5,C (Retain - Monthly),24.0
PH-1117,5394607429,Michelle,Johnson,Family Practice,T-040,Courtneyberg,WV,13,"Jenkins, Garza and Shea Medical School",0.0,0.0,0.0,0.0,0.0,1,6,2,2.8,Bronze,4.0,D (Monitor - Quarterly),48.0
PH-1118,1799670808,Kimberly,Ellis,Hospitalist,T-035,Scottstad,TX,19,"Jefferson, Mitchell and Hill Medical School",15.0,8.0,87.5,5.0,33.33333333333333,5,10,7,7.1,Gold,8.5,B (Grow - Bi-weekly),12.0
PH-1119,8398416734,Mary,Stone,Family Practice,T-010,Jamieshire,ND,25,"Rodriguez, James and Frank Medical School",45.0,51.0,-11.76470588235294,21.0,46.66666666666666,7,4,9,6.699999999999999,Silver,6.5,A (Protect - Weekly),15.0
PH-1120,8044509286,Nancy,Murphy,Internal Medicine,T-004,North Mary,AZ,23,Ross Group Medical School,52.0,57.0,-8.771929824561402,23.0,44.230769230769226,8,4,9,7.1,Gold,6.5,A (Protect - Weekly),16.0
PH-1121,664890082,Joseph,Bass,Internal Medicine,T-022,Abigailbury,AL,37,"Wiley, Berry and Lee Medical School",49.0,36.0,36.11111111111111,18.0,36.734693877551024,8,9,7,8.0,Platinum,8.0,A (Protect - Weekly),3.0
PH-1122,574883997,Jose,Bond,Cardiology,T-014,New Michaelbury,AL,3,Schaefer Group Medical School,18.0,14.0,28.57142857142857,7.0,38.88888888888889,5,8,8,6.800000000000001,Silver,8.0,B (Grow - Bi-weekly),19.0
PH-1123,5000305661,Brittany,Booth,Geriatrics,T-019,Deannatown,PW,18,Hughes-Davis Medical School,0.0,0.0,0.0,0.0,0.0,1,6,2,2.8,Bronze,4.0,D (Monitor - Quarterly),54.0
PH-1124,4937846790,Wayne,Castillo,Internal Medicine,T-008,Lake Davidfort,GA,33,Humphrey-Lara Medical School,18.0,19.0,-5.263157894736842,6.0,33.33333333333333,5,4,7,5.300000000000001,Bronze,5.5,D (Monitor - Quarterly),35.0
PH-1125,136510344,Kevin,Novak,Endocrinology,T-011,New Caitlin,AZ,5,Webb-Ortega Medical School,1.0,2.0,-50.0,0.0,0.0,1,1,2,1.2999999999999998,Bronze,1.5,D (Monitor - Quarterly),46.0
PH-1126,6865240622,Darryl,Kent,Family Practice,T-017,Brennanberg,MD,6,Tate-Lopez Medical School,435.0,321.0,35.51401869158878,160.0,36.7816091954023,10,9,7,8.799999999999999,Platinum,8.0,A (Protect - Weekly),3.0
PH-1127,2190533470,Jonathan,Parker,Family Practice,T-028,Torresport,TX,14,Watson-Walker Medical School,32.0,15.0,113.33333333333331,17.0,53.125,7,10,10,8.8,Platinum,10.0,A (Protect - Weekly),1.0
PH-1128,6521383507,Maria,Montes,Neurology,T-033,Masonstad,IL,19,Martin PLC Medical School,5.0,15.0,-66.66666666666666,3.0,60.0,3,1,10,4.5,Bronze,5.5,D (Monitor - Quarterly),37.0
PH-1129,36221173,Sandra,Bowman,Pulmonology,T-002,Simpsonchester,WI,30,Herrera-Gardner Medical School,85.0,60.0,41.66666666666667,26.0,30.58823529411765,9,9,6,8.1,Platinum,7.5,A (Protect - Weekly),1.0
PH-1130,3958558522,Breanna,Torres,Family Practice,T-004,Donaldmouth,CT,33,Wilson-Shaw Medical School,31.0,21.0,47.61904761904761,17.0,54.83870967741935,6,9,10,8.1,Platinum,9.5,B (Grow - Bi-weekly),7.0
PH-1131,7591710508,Melissa,Williams,Neurology,T-007,Carolview,NV,15,Parker-Ruiz Medical School,9.0,10.0,-10.0,0.0,0.0,4,4,2,3.4,Bronze,3.0,D (Monitor - Quarterly),44.0
PH-1132,5352478417,David,Carpenter,Cardiology,T-023,Gonzalezport,PR,19,"Harris, Cook and Freeman Medical School",123.0,115.0,6.956521739130435,60.0,48.78048780487805,9,7,9,8.4,Platinum,8.0,A (Protect - Weekly),4.0
PH-1133,8033183611,Haley,Allen,Hematology,T-029,South Sharon,NY,20,Hunter-Preston Medical School,123.0,103.0,19.41747572815534,34.0,27.64227642276423,9,8,5,7.5,Gold,6.5,A (Protect - Weekly),14.0
PH-1134,8152787304,Margaret,Graham,Internal Medicine,T-018,Gabriellemouth,HI,10,Wallace LLC Medical School,41.0,52.0,-21.153846153846157,15.0,36.58536585365854,7,3,7,5.800000000000001,Silver,5.0,C (Retain - Monthly),24.0
PH-1135,6535378018,Anne,Rodriguez,Emergency Medicine,T-008,Jenningsborough,LA,26,Booth-Crawford Medical School,0.0,0.0,0.0,0.0,0.0,1,6,2,2.8,Bronze,4.0,D (Monitor - Quarterly),47.0
PH-1136,7762969143,Jason,Foster,Family Practice,T-010,Pamelachester,KS,17,Williams-Matthews Medical School,25.0,41.0,-39.02439024390244,8.0,32.0,6,2,6,4.800000000000001,Bronze,4.0,D (Monitor - Quarterly),37.0
PH-1137,9001089857,Jeremy,Smith,Cardiology,T-005,Port Sarah,VT,28,Martin-Padilla Medical School,108.0,86.0,25.58139534883721,55.0,50.92592592592593,9,8,9,8.7,Platinum,8.5,A (Protect - Weekly),1.0
PH-1138,8968442464,Jill,Robertson,Family Practice,T-005,Christinemouth,OR,18,Kim-Hoffman Medical School,4.0,3.0,33.33333333333333,4.0,100.0,2,9,10,6.5,Silver,9.5,B (Grow - Bi-weekly),16.0
PH-1139,5759582819,Brett,Thomas,Gastroenterology,T-027,Mcgeemouth,VA,12,"Lynch, Prince and Singleton Medical School",1.0,8.0,-87.5,1.0,100.0,1,1,10,3.7,Bronze,5.5,D (Monitor - Quarterly),35.0
PH-1140,1248839717,Alexis,Murphy,Cardiology,T-003,Ruthview,MA,10,Tyler and Sons Medical School,212.0,199.0,6.532663316582915,96.0,45.28301886792453,10,7,9,8.799999999999999,Platinum,8.0,A (Protect - Weekly),1.0
PH-1141,6728681123,Danielle,Clark,Endocrinology,T-035,Karenside,DE,16,Lane PLC Medical School,0.0,0.0,0.0,0.0,0.0,1,6,2,2.8,Bronze,4.0,D (Monitor - Quarterly),47.0
PH-1142,7814590099,Crystal,Jackson,Neurology,T-024,South Taylorton,MN,10,Hernandez-Hensley Medical School,53.0,59.0,-10.16949152542373,18.0,33.9622641509434,8,4,7,6.5,Silver,5.5,C (Retain - Monthly),17.0
PH-1143,6933515880,Karen,Marshall,Pulmonology,T-026,Port Marymouth,ID,39,Nunez Inc Medical School,13.0,20.0,-35.0,5.0,38.46153846153847,4,2,8,4.6,Bronze,5.0,D (Monitor - Quarterly),44.0
PH-1144,1193910382,Melissa,Rollins,Internal Medicine,T-038,Dennismouth,MI,20,Sanchez Group Medical School,14.0,24.0,-41.66666666666667,1.0,7.142857142857142,4,1,3,2.8,Bronze,2.0,D (Monitor - Quarterly),45.0
PH-1145,908581810,Justin,Brown,Internal Medicine,T-020,West Jason,NH,19,Morales LLC Medical School,0.0,0.0,0.0,0.0,0.0,1,6,2,2.8,Bronze,4.0,D (Monitor - Quarterly),50.0
PH-1146,8736627135,William,Greene,Neurology,T-002,East Michael,AS,30,"Brown, Smith and Cook Medical School",83.0,83.0,0.0,21.0,25.301204819277107,9,6,5,6.9,Silver,5.5,C (Retain - Monthly),18.0
PH-1147,5615473156,Lori,Allen,Neurology,T-022,Carrollstad,MI,3,Garcia LLC Medical School,11.0,9.0,22.22222222222222,0.0,0.0,4,8,2,4.6,Bronze,5.0,D (Monitor - Quarterly),38.0
PH-1148,3690283772,Stephen,Wyatt,Family Practice,T-027,Barajasfurt,MT,10,Cooper and Sons Medical School,28.0,24.0,16.666666666666664,8.0,28.57142857142857,6,8,6,6.6000000000000005,Silver,7.0,B (Grow - Bi-weekly),12.0
PH-1149,4281644161,Austin,Garcia,Family Practice,T-032,Haleymouth,SC,6,Cook Ltd Medical School,33.0,64.0,-48.4375,9.0,27.27272727272727,7,1,5,4.6,Bronze,3.0,C (Retain - Monthly),43.0
PH-1150,4640510388,Aaron,Henry,Internal Medicine,T-036,North Joseph,NM,2,Clark-Taylor Medical School,61.0,56.0,8.928571428571429,25.0,40.98360655737705,8,7,8,7.700000000000001,Gold,7.5,A (Protect - Weekly),6.0
PH-1151,8144471893,Brittany,Bauer,Geriatrics,T-001,New Robertton,MT,19,Morales-Neal Medical School,307.0,374.0,-17.914438502673796,73.0,23.778501628664493,10,3,4,6.1000000000000005,Silver,3.5,C (Retain - Monthly),32.0
PH-1152,9092288498,Shawn,Nelson,Cardiology,T-010,Karenstad,DE,15,"Young, Decker and Murphy Medical School",43.0,26.0,65.38461538461539,27.0,62.7906976744186,7,9,10,8.5,Platinum,9.5,A (Protect - Weekly),1.0
PH-1153,7271743068,Susan,Galloway,Internal Medicine,T-021,Port Patrickview,WI,22,"Cannon, Johnson and Torres Medical School",28.0,6.0,366.6666666666666,9.0,32.142857142857146,6,10,6,7.2,Gold,8.0,B (Grow - Bi-weekly),11.0
PH-1154,3988187387,Scott,Burgess,Neurology,T-030,Lake Jim,MO,25,Juarez-Cole Medical School,346.0,307.0,12.703583061889251,95.0,27.45664739884393,10,7,5,7.6,Gold,6.0,A (Protect - Weekly),8.0
PH-1155,4130909153,William,Walsh,Cardiology,T-001,Costaburgh,ND,4,Foster LLC Medical School,59.0,50.0,18.0,25.0,42.3728813559322,8,8,8,8.0,Platinum,8.0,A (Protect - Weekly),5.0
PH-1156,4204123190,Jennifer,Kelly,Hospitalist,T-009,Andersonview,WV,36,Jones-Brown Medical School,9.0,6.0,50.0,3.0,33.33333333333333,4,9,7,6.4,Silver,8.0,B (Grow - Bi-weekly),17.0
PH-1157,7941932453,Mary,Day,Hospitalist,T-010,New Timothyport,CT,36,"Mclean, Thomas and Hill Medical School",5.0,0.0,0.0,3.0,60.0,3,6,10,6.0,Silver,8.0,B (Grow - Bi-weekly),26.0
PH-1158,7098726496,Jamie,Thompson,Gastroenterology,T-032,South Meganberg,HI,32,Smith-Collier Medical School,92.0,99.0,-7.07070707070707,6.0,6.521739130434782,9,4,3,5.699999999999999,Bronze,3.5,C (Retain - Monthly),32.0
PH-1159,3261189003,Kevin,Fox,Internal Medicine,T-038,Lake Patrickton,NJ,17,Hernandez Group Medical School,16.0,11.0,45.45454545454545,1.0,6.25,5,9,3,5.6,Bronze,6.0,B (Grow - Bi-weekly),24.0
PH-1160,7202009536,Patricia,Gutierrez,Family Practice,T-027,North Ashley,ID,35,Mullen-Silva Medical School,36.0,56.0,-35.714285714285715,18.0,50.0,7,2,9,6.1,Silver,5.5,C (Retain - Monthly),17.0
PH-1161,577950017,John,Cook,Emergency Medicine,T-021,North Laurenborough,RI,25,Davis-Goodwin Medical School,17.0,18.0,-5.555555555555555,4.0,23.52941176470588,5,4,4,4.4,Bronze,4.0,D (Monitor - Quarterly),40.0
PH-1162,722113869,Blake,Hicks,Family Practice,T-015,Lake Peterberg,HI,4,Johnson LLC Medical School,6.0,5.0,20.0,4.0,66.66666666666666,3,8,10,6.6,Silver,9.0,B (Grow - Bi-weekly),21.0
PH-1163,5461719281,Thomas,Smith,Family Practice,T-009,Kirkchester,AR,27,Bryan LLC Medical School,30.0,44.0,-31.818181818181817,13.0,43.333333333333336,6,2,8,5.4,Bronze,5.0,D (Monitor - Quarterly),27.0
PH-1164,4225216025,Herbert,Pruitt,Cardiology,T-028,Karinaberg,VA,17,"Cross, Aguilar and Torres Medical School",0.0,0.0,0.0,0.0,0.0,1,6,2,2.8,Bronze,4.0,D (Monitor - Quarterly),47.0
PH-1165,7726903265,Leslie,Walker,Endocrinology,T-020,South Robert,SD,40,Morrison-Evans Medical School,10.0,19.0,-47.368421052631575,5.0,50.0,4,1,9,4.6,Bronze,5.0,D (Monitor - Quarterly),41.0
PH-1166,8024559851,Patrick,Anderson,Pulmonology,T-023,New Elizabethmouth,ND,32,"Nielsen, Davis and Trujillo Medical School",21.0,24.0,-12.5,5.0,23.809523809523807,6,3,5,4.800000000000001,Bronze,4.0,D (Monitor - Quarterly),49.0
PH-1167,8649864786,Kylie,Odonnell,Emergency Medicine,T-033,Martinezmouth,MS,5,Velez PLC Medical School,11.0,21.0,-47.61904761904761,7.0,63.63636363636363,4,1,10,4.9,Bronze,5.5,D (Monitor - Quarterly),35.0
PH-1168,8447408378,Tiffany,Davila,Cardiology,T-034,New Antonioport,RI,40,"Anderson, Kim and Williams Medical School",73.0,84.0,-13.095238095238097,29.0,39.72602739726028,8,3,8,6.5,Silver,5.5,C (Retain - Monthly),20.0
PH-1169,6983692353,Joshua,Adams,Family Practice,T-003,Nelsonton,NY,33,Wilson PLC Medical School,119.0,102.0,16.666666666666664,32.0,26.89075630252101,9,8,5,7.5,Gold,6.5,A (Protect - Weekly),13.0
PH-1170,8654622021,Whitney,Gonzalez,Pulmonology,T-018,Parksberg,VI,30,Howard LLC Medical School,56.0,75.0,-25.333333333333336,10.0,17.857142857142858,8,2,3,4.7,Bronze,2.5,C (Retain - Monthly),35.0
PH-1171,330000886,John,Carter,Hospitalist,T-010,Chavezshire,DE,18,"Smith, Black and Armstrong Medical School",0.0,0.0,0.0,0.0,0.0,1,6,2,2.8,Bronze,4.0,D (Monitor - Quarterly),48.0
PH-1172,9114160091,Patrick,Mullins,Oncology,T-019,Port Jimmy,TX,36,Harris-Bryant Medical School,4.0,3.0,33.33333333333333,0.0,0.0,2,9,2,4.1,Bronze,5.5,D (Monitor - Quarterly),47.0
PH-1173,9897906085,Kevin,Zhang,Hospitalist,T-013,Port Michelleside,NE,3,Cooke-Price Medical School,20.0,29.0,-31.03448275862069,11.0,55.00000000000001,5,2,10,5.6,Bronze,6.0,B (Grow - Bi-weekly),30.0
PH-1174,9984336,David,Davis,Neurology,T-001,South Christopher,CT,27,"Khan, Flores and Bates Medical School",193.0,269.0,-28.25278810408922,43.0,22.279792746113987,10,2,4,5.8,Bronze,3.0,C (Retain - Monthly),34.0
PH-1175,8545829420,Jaime,Green,Endocrinology,T-017,North Michaelmouth,WV,9,Ramirez Group Medical School,91.0,105.0,-13.333333333333334,29.0,31.868131868131865,9,3,6,6.3,Silver,4.5,C (Retain - Monthly),30.0
PH-1176,756999449,Pamela,Nelson,Internal Medicine,T-025,Reynoldsberg,VT,39,Davis PLC Medical School,146.0,118.0,23.728813559322035,35.0,23.972602739726025,9,8,5,7.5,Gold,6.5,A (Protect - Weekly),11.0
PH-1177,2402818223,William,Carlson,Internal Medicine,T-028,Tammyberg,MH,33,Taylor-Schmidt Medical School,1.0,21.0,-95.23809523809524,1.0,100.0,2,1,10,4.1,Bronze,5.5,D (Monitor - Quarterly),42.0
PH-1178,8174527353,Robert,Moore,Emergency Medicine,T-009,West Wendy,AK,18,Phillips and Sons Medical School,18.0,16.0,12.5,7.0,38.88888888888889,5,7,8,6.5,Silver,7.5,B (Grow - Bi-weekly),14.0
PH-1179,9182851816,Shawna,Fuller,Hematology,T-021,Michaeltown,LA,2,"Cline, Sanders and Ware Medical School",20.0,14.0,42.85714285714285,1.0,5.0,5,9,3,5.6,Bronze,6.0,B (Grow - Bi-weekly),30.0
PH-1180,792304660,Brian,Anderson,Neurology,T-038,New Douglas,CO,40,Davis Ltd Medical School,4.0,2.0,100.0,0.0,0.0,2,10,2,4.4,Bronze,6.0,B (Grow - Bi-weekly),36.0
PH-1181,2329615120,Diana,Baker,Family Practice,T-037,Alexanderchester,NE,15,Walker-Briggs Medical School,0.0,0.0,0.0,0.0,0.0,1,6,2,2.8,Bronze,4.0,D (Monitor - Quarterly),49.0
PH-1182,4460422763,Melissa,Evans,Cardiology,T-034,North Christymouth,IA,22,Diaz Ltd Medical School,391.0,489.0,-20.040899795501023,174.0,44.50127877237852,10,3,9,7.6,Gold,6.0,A (Protect - Weekly),10.0
PH-1183,3472435861,Travis,Ortiz,Hematology,T-013,East Shelby,WV,4,Brady and Sons Medical School,12.0,4.0,200.0,0.0,0.0,4,10,2,5.199999999999999,Bronze,6.0,B (Grow - Bi-weekly),38.0
PH-1184,7267086665,Sarah,Logan,Nephrology,T-007,Port David,CA,24,"Suarez, Henson and Ortiz Medical School",5.0,10.0,-50.0,0.0,0.0,3,1,2,2.1,Bronze,1.5,D (Monitor - Quarterly),51.0
PH-1185,8784947712,Belinda,Fowler,Emergency Medicine,T-015,Alexischester,CT,1,"Turner, Cunningham and Holder Medical School",3.0,0.0,0.0,0.0,0.0,2,6,2,3.2,Bronze,4.0,D (Monitor - Quarterly),47.0
PH-1186,2235434046,Natasha,Molina,Hematology,T-014,North Edward,MA,38,"Reynolds, King and Rodgers Medical School",246.0,167.0,47.30538922155689,66.0,26.82926829268293,10,9,5,8.2,Platinum,7.0,A (Protect - Weekly),3.0
PH-1187,5254920644,Dawn,Miller,Pulmonology,T-001,North Ellenfort,WI,38,Payne Inc Medical School,27.0,29.0,-6.896551724137931,12.0,44.44444444444444,6,4,9,6.300000000000001,Silver,6.5,B (Grow - Bi-weekly),30.0
PH-1188,8273063435,Erica,Mccormick,Internal Medicine,T-029,Lake Calvin,NC,5,Willis-Barnes Medical School,44.0,48.0,-8.333333333333332,5.0,11.363636363636363,7,4,3,4.9,Bronze,3.5,C (Retain - Monthly),38.0
PH-1189,664051102,Christopher,Ochoa,Hematology,T-028,Larryview,CO,21,"Lopez, Roy and Wilson Medical School",166.0,191.0,-13.089005235602096,50.0,30.120481927710845,9,3,6,6.3,Silver,4.5,C (Retain - Monthly),25.0
PH-1190,6049860372,Craig,Blair,Rheumatology,T-003,Brownton,ID,20,Brown Ltd Medical School,12.0,8.0,50.0,0.0,0.0,4,9,2,4.9,Bronze,5.5,D (Monitor - Quarterly),33.0
PH-1191,3197899901,Christopher,Hill,Family Practice,T-004,East Kennethfort,GU,5,Allen Ltd Medical School,39.0,48.0,-18.75,19.0,48.71794871794872,7,3,9,6.4,Silver,6.0,A (Protect - Weekly),22.0
PH-1192,7197860162,Kathleen,Case,Cardiology,T-012,Lake Williamville,OR,27,"Mitchell, Spence and Owens Medical School",0.0,0.0,0.0,0.0,0.0,1,6,2,2.8,Bronze,4.0,D (Monitor - Quarterly),39.0
PH-1193,8550113753,Matthew,Martin,Endocrinology,T-023,North Thomasburgh,OH,25,"Lowe, Hood and Mills Medical School",7.0,1.0,600.0,1.0,14.285714285714285,3,10,3,5.1,Bronze,6.5,B (Grow - Bi-weekly),46.0
PH-1194,727903716,Daniel,Johnson,Family Practice,T-024,Port Christinaberg,DC,25,Rhodes PLC Medical School,109.0,106.0,2.8301886792452837,42.0,38.53211009174312,9,7,8,8.1,Platinum,7.5,A (Protect - Weekly),3.0
PH-1195,6477183753,Billy,Johns,Oncology,T-032,North Ianport,OH,32,Nunez Ltd Medical School,68.0,59.0,15.254237288135592,19.0,27.94117647058824,8,8,5,7.1,Gold,6.5,A (Protect - Weekly),17.0
PH-1196,8557800244,James,Tate,Hematology,T-039,South Tamara,GA,16,Myers Inc Medical School,11.0,10.0,10.0,5.0,45.45454545454545,4,7,9,6.4,Silver,8.0,B (Grow - Bi-weekly),15.0
PH-1197,6968574670,Paul,Ramos,Geriatrics,T-021,Carlville,IA,9,"Atkinson, Rocha and Diaz Medical School",11.0,11.0,0.0,5.0,45.45454545454545,4,6,9,6.1,Silver,7.5,B (Grow - Bi-weekly),24.0
PH-1198,2150164261,Adam,Pennington,Cardiology,T-035,East Michael,GU,39,"Mills, Scott and Casey Medical School",31.0,35.0,-11.428571428571429,8.0,25.806451612903224,6,4,5,5.1000000000000005,Bronze,4.5,D (Monitor - Quarterly),37.0
PH-1199,4319839248,Melissa,Gordon,Internal Medicine,T-005,North Alejandro,PW,23,Rodgers PLC Medical School,0.0,0.0,0.0,0.0,0.0,1,6,2,2.8,Bronze,4.0,D (Monitor - Quarterly),48.0
PH-1200,1053021516,Thomas,Diaz,Oncology,T-023,Wolfefurt,VT,16,Hall PLC Medical School,7.0,7.0,0.0,3.0,42.85714285714285,3,6,8,5.4,Bronze,7.0,B (Grow - Bi-weekly),38.0
PH-1201,5348110501,Nicole,Hill,Rheumatology,T-022,Fisherberg,NM,9,"Wilkins, Richards and Coleman Medical School",7.0,2.0,250.0,0.0,0.0,3,10,2,4.8,Bronze,6.0,B (Grow - Bi-weekly),36.0
PH-1202,1573855128,Kaylee,Bullock,Internal Medicine,T-037,Riveraville,DC,23,Vargas PLC Medical School,8.0,4.0,100.0,2.0,25.0,3,10,5,5.7,Bronze,7.5,B (Grow - Bi-weekly),32.0
PH-1203,7815542609,Steven,Perez,Internal Medicine,T-023,Smithport,WY,17,Graham-Rojas Medical School,93.0,106.0,-12.264150943396226,25.0,26.881720430107524,9,3,5,6.0,Silver,4.0,C (Retain - Monthly),32.0
PH-1204,5467720517,Cristian,Murray,Rheumatology,T-021,Port Vincentville,MN,2,Trujillo-Fischer Medical School,5.0,10.0,-50.0,0.0,0.0,3,1,2,2.1,Bronze,1.5,D (Monitor - Quarterly),54.0
PH-1205,7837031754,Tiffany,Moreno,Endocrinology,T-018,South Kenneth,CA,30,Gordon-Nguyen Medical School,3.0,5.0,-40.0,0.0,0.0,2,2,2,2.0,Bronze,2.0,D (Monitor - Quarterly),53.0
PH-1206,7260292546,Gina,Powell,Internal Medicine,T-033,South Jacob,NC,30,Shea-West Medical School,23.0,35.0,-34.285714285714285,17.0,73.91304347826086,6,2,10,6.0,Silver,6.0,B (Grow - Bi-weekly),27.0
PH-1207,6420763271,Michele,Mccarthy,Cardiology,T-032,Jaredside,PW,14,Alvarez-Holt Medical School,174.0,170.0,2.3529411764705883,82.0,47.12643678160919,10,6,9,8.5,Platinum,7.5,A (Protect - Weekly),3.0
PH-1208,5923868790,Richard,Powers,Internal Medicine,T-036,Port Josehaven,MO,34,"Shelton, Thompson and Benson Medical School",6.0,9.0,-33.33333333333333,1.0,16.666666666666664,3,2,3,2.7,Bronze,2.5,D (Monitor - Quarterly),53.0
PH-1209,5340508927,James,Barnes,Endocrinology,T-028,West Caitlynmouth,NE,11,Frank-Edwards Medical School,0.0,0.0,0.0,0.0,0.0,1,6,2,2.8,Bronze,4.0,D (Monitor - Quarterly),48.0
PH-1210,5670789775,Max,Moore,Internal Medicine,T-019,New Janettown,IA,15,"Green, Bruce and Woods Medical School",14.0,17.0,-17.647058823529413,7.0,50.0,4,3,9,5.199999999999999,Bronze,6.0,B (Grow - Bi-weekly),42.0
PH-1211,6273202227,Dakota,Juarez,Rheumatology,T-024,Greerfort,NE,8,"Martinez, Vasquez and Henderson Medical School",58.0,52.0,11.538461538461538,18.0,31.03448275862069,8,7,6,7.1000000000000005,Gold,6.5,A (Protect - Weekly),7.0
PH-1212,429851448,Richard,Tran,General Practice,T-009,West Gregoryville,MP,33,Moses-Smith Medical School,25.0,20.0,25.0,6.0,24.0,6,8,5,6.300000000000001,Silver,6.5,B (Grow - Bi-weekly),19.0
PH-1213,9220269801,Wendy,Zamora,Family Practice,T-019,Lake Raymond,NM,3,Brown PLC Medical School,113.0,104.0,8.653846153846153,38.0,33.6283185840708,9,7,7,7.800000000000001,Platinum,7.0,A (Protect - Weekly),10.0
PH-1214,177031637,Paige,Williams,Gastroenterology,T-001,Ginaton,LA,29,"Gonzalez, Lopez and Conley Medical School",380.0,371.0,2.4258760107816717,122.0,32.10526315789474,10,6,6,7.6,Gold,6.0,A (Protect - Weekly),10.0
PH-1215,2446931729,Joshua,Wallace,Endocrinology,T-013,New Adam,IN,1,"Johnson, Sanders and Spears Medical School",84.0,69.0,21.73913043478261,31.0,36.90476190476191,9,8,7,8.1,Platinum,7.5,A (Protect - Weekly),8.0
PH-1216,4025998519,Jeffery,Jacobs,Neurology,T-013,South Jaclyn,WV,29,White-Callahan Medical School,27.0,28.0,-3.571428571428571,3.0,11.11111111111111,6,4,3,4.5,Bronze,3.5,D (Monitor - Quarterly),43.0
PH-1217,2916350496,Brian,Rivas,Family Practice,T-024,Chavezmouth,GU,26,Chavez and Sons Medical School,17.0,29.0,-41.37931034482759,3.0,17.647058823529413,5,1,3,3.2,Bronze,2.0,D (Monitor - Quarterly),48.0
PH-1218,8453974995,Andrew,Sharp,Endocrinology,T-013,Turnertown,MT,5,"Simpson, Cox and Gutierrez Medical School",0.0,0.0,0.0,0.0,0.0,1,6,2,2.8,Bronze,4.0,D (Monitor - Quarterly),59.0
PH-1219,208019290,Gabriel,Ingram,Hematology,T-003,Kimberlyport,FM,7,Harvey LLC Medical School,883.0,872.0,1.261467889908257,203.0,22.989807474518685,10,6,4,7.0,Gold,5.0,C (Retain - Monthly),18.0
PH-1220,4890932253,John,Thompson,Hematology,T-039,East Michael,AZ,1,Pacheco Ltd Medical School,8.0,15.0,-46.66666666666666,2.0,25.0,3,1,5,3.0,Bronze,3.0,D (Monitor - Quarterly),39.0
PH-1221,5501935450,Jeremy,Sullivan,Cardiology,T-017,Heatherborough,RI,25,Fischer and Sons Medical School,6.0,2.0,200.0,5.0,83.33333333333334,3,10,10,7.2,Gold,10.0,B (Grow - Bi-weekly),17.0
PH-1222,3243629620,Lisa,Johnson,Pulmonology,T-003,North David,WY,15,Goodwin-Davis Medical School,38.0,32.0,18.75,7.0,18.421052631578945,7,8,4,6.4,Silver,6.0,A (Protect - Weekly),23.0
PH-1223,9075965999,Dennis,Brown,Emergency Medicine,T-032,East Tammy,MO,26,Jones Group Medical School,6.0,11.0,-45.45454545454545,0.0,0.0,3,1,2,2.1,Bronze,1.5,D (Monitor - Quarterly),61.0
PH-1224,4954210629,Kimberly,Adams,Internal Medicine,T-025,New Jamesmouth,MA,28,"Odom, Davis and Anderson Medical School",21.0,52.0,-59.61538461538461,10.0,47.61904761904761,6,1,9,5.4,Bronze,5.0,D (Monitor - Quarterly),27.0
PH-1225,6713175362,Sherry,Wyatt,Gastroenterology,T-001,Thomasberg,TN,29,"Soto, Ross and Reyes Medical School",29.0,26.0,11.538461538461538,2.0,6.896551724137931,6,7,3,5.4,Bronze,5.0,D (Monitor - Quarterly),39.0
PH-1226,2096173009,Brittany,Keller,Oncology,T-016,Leslieberg,KY,7,Lee Ltd Medical School,12.0,21.0,-42.85714285714285,5.0,41.66666666666667,4,1,8,4.3,Bronze,4.5,D (Monitor - Quarterly),26.0
PH-1227,1153550514,Jason,Ingram,Family Practice,T-019,New Danielleport,IA,19,"Skinner, Holmes and Alexander Medical School",117.0,110.0,6.363636363636363,28.0,23.93162393162393,9,7,5,7.2,Gold,6.0,A (Protect - Weekly),19.0
PH-1228,9724792542,Eric,Davis,Geriatrics,T-015,Lake Lori,SC,3,"Morris, Huynh and Moody Medical School",7.0,7.0,0.0,0.0,0.0,3,6,2,3.6,Bronze,4.0,D (Monitor - Quarterly),45.0
PH-1229,9204877067,Cynthia,Gallegos,Cardiology,T-030,East Nicole,WV,40,Chapman PLC Medical School,16.0,33.0,-51.51515151515152,10.0,62.5,5,1,10,5.3,Bronze,5.5,D (Monitor - Quarterly),31.0
PH-1230,6515902578,Elizabeth,Choi,Cardiology,T-002,Brianhaven,MA,32,"Gordon, Mueller and Moss Medical School",29.0,34.0,-14.705882352941178,16.0,55.172413793103445,6,3,10,6.300000000000001,Silver,6.5,B (Grow - Bi-weekly),26.0
PH-1231,8382567262,Andrew,Romero,Cardiology,T-006,Olsonshire,WI,12,Cox and Sons Medical School,39.0,65.0,-40.0,21.0,53.84615384615385,7,2,10,6.4,Silver,6.0,A (Protect - Weekly),20.0
PH-1232,5519628222,Molly,Smith,Internal Medicine,T-040,New Isaacfurt,GA,36,West-Tran Medical School,78.0,95.0,-17.894736842105264,28.0,35.8974358974359,8,3,7,6.199999999999999,Silver,5.0,C (Retain - Monthly),24.0
PH-1233,3942012234,Christopher,Hudson,Geriatrics,T-018,New Alexander,AL,2,"Park, Butler and Jackson Medical School",6.0,19.0,-68.42105263157895,2.0,33.33333333333333,3,1,7,3.6000000000000005,Bronze,4.0,D (Monitor - Quarterly),42.0
PH-1234,7026604509,Michael,Lee,Endocrinology,T-015,South Maryton,AK,20,"Hall, Jones and Mclaughlin Medical School",35.0,37.0,-5.405405405405405,13.0,37.142857142857146,7,4,7,6.1,Silver,5.5,C (Retain - Monthly),28.0
PH-1235,1933538922,Ethan,Huff,General Practice,T-029,North Stefaniebury,MS,3,Neal Group Medical School,3.0,2.0,50.0,3.0,100.0,2,9,10,6.5,Silver,9.5,B (Grow - Bi-weekly),28.0
PH-1236,827705646,Daniel,Cohen,Internal Medicine,T-014,Guerraton,NJ,40,Berg-Myers Medical School,305.0,265.0,15.09433962264151,115.0,37.704918032786885,10,8,8,8.8,Platinum,8.0,A (Protect - Weekly),2.0
PH-1237,3850095372,James,Henderson,Cardiology,T-004,Mckenzieberg,PR,11,Nunez and Sons Medical School,20.0,15.0,33.33333333333333,4.0,20.0,5,9,4,5.9,Silver,6.5,B (Grow - Bi-weekly),27.0
PH-1238,3610944164,Derrick,Gonzalez,Pulmonology,T-032,South Michaelport,DE,27,"Gonzalez, White and Harrison Medical School",44.0,66.0,-33.33333333333333,9.0,20.454545454545457,7,2,4,4.6000000000000005,Bronze,3.0,C (Retain - Monthly),42.0
PH-1239,6857606349,Kelly,Hanson,Family Practice,T-002,Port Joshuachester,AS,9,Kennedy LLC Medical School,0.0,0.0,0.0,0.0,0.0,1,6,2,2.8,Bronze,4.0,D (Monitor - Quarterly),58.0
PH-1240,1887017999,Jacob,Evans,Cardiology,T-034,North Nicole,LA,15,"Robinson, Parker and Ingram Medical School",6.0,11.0,-45.45454545454545,3.0,50.0,3,1,9,4.2,Bronze,5.0,D (Monitor - Quarterly),46.0
PH-1241,1723456538,Madison,Armstrong,Cardiology,T-036,Hudsontown,GA,8,Sawyer-Mejia Medical School,20.0,37.0,-45.94594594594595,9.0,45.0,5,1,9,5.0,Bronze,5.0,D (Monitor - Quarterly),38.0
PH-1242,5362689047,Gerald,Black,Family Practice,T-037,Bryantown,AL,39,"Morgan, Mason and Rogers Medical School",148.0,167.0,-11.377245508982035,34.0,22.972972972972972,9,4,4,6.0,Silver,4.0,C (Retain - Monthly),29.0
PH-1243,5742164359,Carrie,Conley,Pulmonology,T-017,New Kimberlyfort,ND,35,Green Group Medical School,26.0,17.0,52.94117647058824,7.0,26.923076923076923,6,9,5,6.6,Silver,7.0,B (Grow - Bi-weekly),26.0
PH-1244,476143788,Jose,Lewis,Pulmonology,T-029,South Jessicaland,ND,7,Bridges-Mccarty Medical School,230.0,213.0,7.981220657276995,66.0,28.695652173913043,10,7,6,7.899999999999999,Platinum,6.5,A (Protect - Weekly),7.0
PH-1245,5646726368,Sandy,Valenzuela,Pulmonology,T-028,West Donnaland,NC,6,Velasquez-Francis Medical School,15.0,21.0,-28.57142857142857,3.0,20.0,5,2,4,3.8,Bronze,3.0,D (Monitor - Quarterly),45.0
PH-1246,9002772910,Kimberly,Parker,Rheumatology,T-017,Lake Shawnside,MS,16,Roberts and Sons Medical School,22.0,14.0,57.14285714285714,5.0,22.727272727272727,6,9,4,6.3,Silver,6.5,B (Grow - Bi-weekly),31.0
PH-1247,5660503374,Robin,Vargas,Rheumatology,T-003,East Anthony,NJ,21,"Alexander, Clark and Roth Medical School",0.0,0.0,0.0,0.0,0.0,1,6,2,2.8,Bronze,4.0,D (Monitor - Quarterly),42.0
PH-1248,7182226679,Dawn,Parsons,Pulmonology,T-036,Port Williamhaven,SD,37,"Jordan, Robinson and Wolf Medical School",81.0,63.0,28.57142857142857,9.0,11.11111111111111,9,8,3,6.9,Silver,5.5,C (Retain - Monthly),11.0
PH-1249,9067396342,Heather,Steele,Endocrinology,T-012,Archertown,WA,13,Lindsey-Little Medical School,7.0,2.0,250.0,0.0,0.0,3,10,2,4.8,Bronze,6.0,B (Grow - Bi-weekly),32.0
PH-1250,492217048,Roberto,Graves,Gastroenterology,T-016,New Michellemouth,AK,8,Myers-Lopez Medical School,172.0,137.0,25.547445255474454,52.0,30.23255813953488,10,8,6,8.2,Platinum,7.0,A (Protect - Weekly),4.0
PH-1251,162907399,Gregory,Hood,Nephrology,T-040,Lake Wandaside,GA,2,Wilson-Moore Medical School,185.0,163.0,13.496932515337424,39.0,21.08108108108108,10,7,4,7.3,Gold,5.5,C (Retain - Monthly),12.0
PH-1252,5337170864,Cheryl,Jackson,Family Practice,T-012,Ericborough,VT,10,"Garza, Mcdaniel and Ortega Medical School",340.0,354.0,-3.954802259887006,104.0,30.58823529411765,10,4,6,7.0,Gold,5.0,C (Retain - Monthly),13.0
PH-1253,1354901459,Cheryl,Barnes,Endocrinology,T-015,South Carolland,RI,16,Weiss-Gonzales Medical School,20.0,28.0,-28.57142857142857,6.0,30.0,5,2,6,4.4,Bronze,4.0,D (Monitor - Quarterly),39.0
PH-1254,549824388,Julia,Ramirez,Cardiology,T-002,Port Brian,FL,12,"Gregory, Yang and Owens Medical School",44.0,92.0,-52.17391304347826,23.0,52.27272727272727,7,1,9,5.8,Bronze,5.0,C (Retain - Monthly),33.0
PH-1255,8167806643,Erica,Cooper,Family Practice,T-023,North Noahview,FM,18,"Mccall, Barrett and Valenzuela Medical School",87.0,75.0,16.0,38.0,43.67816091954023,9,8,8,8.4,Platinum,8.0,A (Protect - Weekly),5.0
PH-1256,8150370170,Sharon,Madden,Hospitalist,T-038,Mccoyton,NV,3,Harris PLC Medical School,5.0,1.0,400.0,0.0,0.0,3,10,2,4.8,Bronze,6.0,B (Grow - Bi-weekly),31.0
PH-1257,8081726282,Caroline,Perry,Hospitalist,T-030,Lake Molly,LA,1,Kirby-Nguyen Medical School,30.0,27.0,11.11111111111111,8.0,26.666666666666668,6,7,5,6.0,Silver,6.0,B (Grow - Bi-weekly),24.0
PH-1258,72889592,Darlene,Owens,Endocrinology,T-032,Christopherchester,ND,28,Henderson PLC Medical School,0.0,0.0,0.0,0.0,0.0,1,6,2,2.8,Bronze,4.0,D (Monitor - Quarterly),55.0
PH-1259,1961276620,Angela,Moreno,Family Practice,T-013,East Colleenmouth,AR,27,"Todd, Thompson and Livingston Medical School",26.0,29.0,-10.344827586206897,12.0,46.15384615384615,6,4,9,6.300000000000001,Silver,6.5,B (Grow - Bi-weekly),21.0
PH-1260,3444359624,Matthew,Boyd,Nephrology,T-022,Yoderland,HI,10,Fitzgerald LLC Medical School,1.0,4.0,-75.0,0.0,0.0,2,1,2,1.7000000000000002,Bronze,1.5,D (Monitor - Quarterly),51.0
PH-1261,2425369091,Sheila,Moore,Pulmonology,T-015,South Michael,AL,15,Arnold LLC Medical School,4.0,0.0,0.0,1.0,25.0,2,6,5,4.1,Bronze,5.5,D (Monitor - Quarterly),42.0
PH-1262,9760396702,Samantha,Carter,Hematology,T-023,Floresport,AZ,6,Kelly-Hale Medical School,11.0,11.0,0.0,0.0,0.0,4,6,2,4.0,Bronze,4.0,D (Monitor - Quarterly),60.0
PH-1263,6481875403,Morgan,Wilcox,Hematology,T-037,Maryhaven,ND,20,Wilson Ltd Medical School,21.0,6.0,250.0,3.0,14.285714285714285,6,10,3,6.300000000000001,Silver,6.5,B (Grow - Bi-weekly),25.0
PH-1264,9773854662,Yolanda,Yu,Family Practice,T-028,South Benjamin,MO,8,Munoz-Weber Medical School,46.0,37.0,24.324324324324326,8.0,17.391304347826086,7,8,3,6.1,Silver,5.5,C (Retain - Monthly),27.0
PH-1265,8649125949,Lisa,Faulkner,Cardiology,T-022,East Kaitlyn,KS,6,Jacobs Group Medical School,2.0,2.0,0.0,2.0,100.0,2,6,10,5.6,Bronze,8.0,B (Grow - Bi-weekly),31.0
PH-1266,2269920666,Charles,Chavez,Family Practice,T-032,Thompsonstad,MS,35,"Galloway, Kerr and Gould Medical School",28.0,20.0,40.0,11.0,39.285714285714285,6,9,8,7.5,Gold,8.5,B (Grow - Bi-weekly),11.0
PH-1267,2998335876,Angela,Marshall,Oncology,T-006,Hayesburgh,MN,25,Smith-Martinez Medical School,4.0,5.0,-20.0,1.0,25.0,2,3,5,3.2,Bronze,4.0,D (Monitor - Quarterly),46.0
PH-1268,4820849315,James,Rice,Emergency Medicine,T-040,Port Carol,FL,29,Powell Inc Medical School,18.0,30.0,-40.0,2.0,11.11111111111111,5,2,3,3.5,Bronze,2.5,D (Monitor - Quarterly),46.0
PH-1269,144076291,Sue,Torres,Family Practice,T-013,Port Arthur,LA,38,"Boyle, Jones and Turner Medical School",38.0,41.0,-7.317073170731707,12.0,31.57894736842105,7,4,6,5.8,Bronze,5.0,C (Retain - Monthly),27.0
PH-1270,389752872,Antonio,Salazar,Cardiology,T-008,Newmanfurt,ME,11,Newton Ltd Medical School,44.0,29.0,51.72413793103448,11.0,25.0,7,9,5,7.0,Gold,7.0,A (Protect - Weekly),16.0
PH-1271,2405920823,Matthew,Hall,Oncology,T-038,Holderchester,PA,27,Dean LLC Medical School,47.0,57.0,-17.543859649122805,7.0,14.893617021276595,7,3,3,4.6,Bronze,3.0,C (Retain - Monthly),34.0
PH-1272,8962980568,David,Smith,General Practice,T-031,Hopkinsbury,SC,27,West Group Medical School,9.0,14.0,-35.714285714285715,6.0,66.66666666666666,4,2,10,5.2,Bronze,6.0,B (Grow - Bi-weekly),29.0
PH-1273,6186957240,Kyle,Pope,Oncology,T-010,Travisville,VT,3,Stewart Inc Medical School,46.0,63.0,-26.984126984126984,6.0,13.043478260869565,7,2,3,4.300000000000001,Bronze,2.5,C (Retain - Monthly),43.0
PH-1274,3795610077,Tyler,Day,General Practice,T-035,South Vickistad,AR,31,Barnes PLC Medical School,9.0,20.0,-55.00000000000001,0.0,0.0,4,1,2,2.5,Bronze,1.5,D (Monitor - Quarterly),53.0
PH-1275,2025999193,Zachary,Lee,Cardiology,T-013,Williamsport,VA,35,Patrick LLC Medical School,30.0,24.0,25.0,10.0,33.33333333333333,6,8,7,6.9,Silver,7.5,B (Grow - Bi-weekly),17.0
PH-1276,4748904760,Scott,Benjamin,Cardiology,T-021,Clinebury,MD,11,Leblanc Inc Medical School,50.0,55.0,-9.090909090909092,16.0,32.0,8,4,6,6.2,Silver,5.0,C (Retain - Monthly),21.0
PH-1277,7651917085,Christopher,Neal,Cardiology,T-035,Port Amanda,MI,22,Adams Group Medical School,0.0,0.0,0.0,0.0,0.0,1,6,2,2.8,Bronze,4.0,D (Monitor - Quarterly),48.0
PH-1278,3409185805,Michael,Harmon,Cardiology,T-014,West Paulamouth,KS,24,Higgins-Harvey Medical School,80.0,31.0,158.06451612903226,43.0,53.75,8,10,10,9.2,Platinum,10.0,A (Protect - Weekly),1.0
PH-1279,5391607700,Justin,Matthews,Neurology,T-032,Lake Larryport,DE,36,"Hill, Smith and Juarez Medical School",31.0,29.0,6.896551724137931,3.0,9.67741935483871,6,7,3,5.4,Bronze,5.0,D (Monitor - Quarterly),37.0
PH-1280,9822180396,Phillip,Martin,Cardiology,T-015,East Willieside,OH,35,Cohen-Ramirez Medical School,14.0,10.0,40.0,8.0,57.14285714285714,4,9,10,7.3,Gold,9.5,B (Grow - Bi-weekly),12.0
PH-1281,788026529,Heidi,Davis,Hospitalist,T-005,Campbellchester,VT,21,"Clark, Harris and Young Medical School",3.0,0.0,0.0,0.0,0.0,2,6,2,3.2,Bronze,4.0,D (Monitor - Quarterly),46.0
PH-1282,6230397440,Wesley,Hunter,Family Practice,T-019,Port Kaylachester,NM,25,Wagner PLC Medical School,1.0,2.0,-50.0,0.0,0.0,2,1,2,1.7000000000000002,Bronze,1.5,D (Monitor - Quarterly),63.0
PH-1283,8709201991,Amber,Sharp,Cardiology,T-029,Michelleland,CO,19,Becker and Sons Medical School,295.0,306.0,-3.594771241830065,147.0,49.83050847457628,10,4,9,7.9,Platinum,6.5,A (Protect - Weekly),6.0
PH-1284,6611584858,Brandon,Martin,Family Practice,T-010,Allenville,DE,25,"Douglas, Johnson and Gamble Medical School",49.0,54.0,-9.25925925925926,24.0,48.97959183673469,8,4,9,7.1,Gold,6.5,A (Protect - Weekly),9.0
PH-1285,2205397077,Stephanie,Cox,Internal Medicine,T-019,Kennethton,VI,23,"Shelton, Shelton and Taylor Medical School",3.0,4.0,-25.0,0.0,0.0,2,2,2,2.0,Bronze,2.0,D (Monitor - Quarterly),62.0
PH-1286,3171461995,Jessica,Ray,Emergency Medicine,T-034,Walterfort,AS,28,Cuevas-Anderson Medical School,7.0,22.0,-68.18181818181817,3.0,42.85714285714285,3,1,8,3.9,Bronze,4.5,D (Monitor - Quarterly),50.0
PH-1287,6235960530,Devin,Cruz,Endocrinology,T-005,Allenstad,NM,21,"Solomon, Smith and Meadows Medical School",33.0,28.0,17.857142857142858,6.0,18.181818181818183,7,8,4,6.4,Silver,6.0,A (Protect - Weekly),21.0
PH-1288,8605063066,John,Calderon,General Practice,T-004,Bradleyhaven,FM,20,"Miller, Schultz and Adams Medical School",105.0,82.0,28.04878048780488,33.0,31.428571428571427,9,8,6,7.8,Gold,7.0,A (Protect - Weekly),9.0
PH-1289,989103909,David,Martin,Hospitalist,T-014,Lake Anthony,MN,11,Johnson LLC Medical School,0.0,0.0,0.0,0.0,0.0,1,6,2,2.8,Bronze,4.0,D (Monitor - Quarterly),30.0
PH-1290,5237597953,Meredith,Andrews,Hospitalist,T-018,South Bobby,RI,27,"Ferguson, Williams and Roy Medical School",6.0,7.0,-14.285714285714285,4.0,66.66666666666666,3,3,10,5.1,Bronze,6.5,B (Grow - Bi-weekly),32.0
PH-1291,7574544920,Luis,Burgess,Pulmonology,T-018,Heathermouth,IN,23,"Davis, Grant and Mccoy Medical School",121.0,160.0,-24.375,26.0,21.487603305785125,9,3,4,5.7,Bronze,3.5,C (Retain - Monthly),26.0
PH-1292,1896558344,Kathleen,Sanders,Emergency Medicine,T-005,Mooreburgh,PA,23,"Watson, Martinez and Jensen Medical School",0.0,0.0,0.0,0.0,0.0,1,6,2,2.8,Bronze,4.0,D (Monitor - Quarterly),49.0
PH-1293,566036162,Kyle,Henderson,Gastroenterology,T-025,Smithmouth,VI,10,"Moore, Fisher and Dorsey Medical School",7.0,1.0,600.0,3.0,42.85714285714285,3,10,8,6.6,Silver,9.0,B (Grow - Bi-weekly),15.0
PH-1294,235158501,Nicholas,Gonzalez,Nephrology,T-001,North Scottland,NE,7,Lamb-Stewart Medical School,371.0,384.0,-3.3854166666666665,92.0,24.797843665768195,10,4,5,6.7,Silver,4.5,C (Retain - Monthly),21.0
PH-1295,587905224,Kevin,Clark,Nephrology,T-015,Kyleshire,KS,40,Mckinney LLC Medical School,36.0,32.0,12.5,5.0,13.88888888888889,7,7,3,5.800000000000001,Silver,5.0,C (Retain - Monthly),30.0
PH-1296,5315790571,Ashley,Moss,Gastroenterology,T-022,Grahamport,PR,17,"Sullivan, Lewis and Rivera Medical School",5.0,6.0,-16.666666666666664,0.0,0.0,3,3,2,2.7,Bronze,2.5,D (Monitor - Quarterly),46.0
PH-1297,1833597487,Randy,Blevins,Oncology,T-014,Gloriaton,WI,20,Waller Ltd Medical School,0.0,0.0,0.0,0.0,0.0,1,6,2,2.8,Bronze,4.0,D (Monitor - Quarterly),31.0
PH-1298,7718430192,Frank,Morrison,Pulmonology,T-033,Burnsborough,ID,15,Vaughn PLC Medical School,0.0,0.0,0.0,0.0,0.0,1,6,2,2.8,Bronze,4.0,D (Monitor - Quarterly),43.0
PH-1299,7323964402,Misty,Dorsey,Oncology,T-020,Johnburgh,GU,30,Donovan-Huang Medical School,9.0,7.0,28.57142857142857,0.0,0.0,4,8,2,4.6,Bronze,5.0,D (Monitor - Quarterly),42.0
PH-1300,7699242773,Christy,Fletcher,Emergency Medicine,T-028,Lake Amanda,MA,26,"Taylor, Taylor and Parks Medical School",129.0,121.0,6.6115702479338845,34.0,26.356589147286822,9,7,5,7.2,Gold,6.0,A (Protect - Weekly),13.0
PH-1301,914016933,Kathleen,Thompson,Family Practice,T-013,Kellyborough,ME,2,Keller-Jacobs Medical School,21.0,18.0,16.666666666666664,12.0,57.14285714285714,6,8,10,7.800000000000001,Platinum,9.0,B (Grow - Bi-weekly),10.0
PH-1302,8290755154,Hannah,Martinez,Nephrology,T-038,Brownmouth,MD,2,Carroll-Lynch Medical School,61.0,44.0,38.63636363636363,26.0,42.62295081967213,8,9,8,8.3,Platinum,8.5,A (Protect - Weekly),2.0
PH-1303,1383100643,Jason,Moore,Emergency Medicine,T-026,Haneyberg,PW,11,Vasquez Group Medical School,172.0,196.0,-12.244897959183673,44.0,25.58139534883721,10,3,5,6.4,Silver,4.0,C (Retain - Monthly),33.0
PH-1304,7331680664,Jessica,Johnson,Nephrology,T-040,Smithside,MN,22,Young Inc Medical School,14.0,8.0,75.0,7.0,50.0,4,9,9,7.0,Gold,9.0,B (Grow - Bi-weekly),16.0
PH-1305,5952984241,Jessica,Johnson,Gastroenterology,T-029,Moodyport,VA,40,Anderson Group Medical School,5.0,3.0,66.66666666666666,0.0,0.0,3,9,2,4.5,Bronze,5.5,D (Monitor - Quarterly),42.0
PH-1306,4067582676,Devin,Carroll,Internal Medicine,T-017,Port Saraburgh,AL,20,Sanchez Group Medical School,32.0,17.0,88.23529411764706,14.0,43.75,7,10,8,8.200000000000001,Platinum,9.0,A (Protect - Weekly),4.0
PH-1307,3856461497,Joseph,Larson,Emergency Medicine,T-016,North Alexandra,IL,7,"Hale, Duncan and Washington Medical School",144.0,195.0,-26.15384615384616,28.0,19.444444444444446,9,2,4,5.4,Bronze,3.0,C (Retain - Monthly),19.0
PH-1308,9849149860,Bridget,Oliver,Endocrinology,T-027,Lisatown,VI,23,Harper-Mcbride Medical School,79.0,75.0,5.333333333333334,18.0,22.78481012658228,8,7,4,6.500000000000001,Silver,5.5,C (Retain - Monthly),14.0
PH-1309,3266432239,Jonathan,James,Internal Medicine,T-009,North Eric,OH,35,"Padilla, Gilmore and Shaffer Medical School",0.0,0.0,0.0,0.0,0.0,1,6,2,2.8,Bronze,4.0,D (Monitor - Quarterly),46.0
PH-1310,1159485340,Adam,Jones,Internal Medicine,T-037,Kimburgh,DC,17,Velasquez PLC Medical School,38.0,79.0,-51.89873417721519,9.0,23.684210526315788,7,1,4,4.3,Bronze,2.5,C (Retain - Monthly),40.0
PH-1311,4742256787,Caleb,Palmer,Neurology,T-008,East Jamie,NC,15,"Payne, Webb and Rivera Medical School",23.0,34.0,-32.35294117647059,3.0,13.043478260869565,6,2,3,3.9,Bronze,2.5,D (Monitor - Quarterly),43.0
PH-1312,8416806134,Barbara,Wood,Geriatrics,T-030,Taylorshire,PA,20,"Compton, Schmitt and Myers Medical School",155.0,181.0,-14.3646408839779,45.0,29.03225806451613,9,3,6,6.3,Silver,4.5,C (Retain - Monthly),19.0
PH-1313,5867949638,John,Smith,Family Practice,T-012,Moorefurt,AS,17,Williams PLC Medical School,3.0,3.0,0.0,3.0,100.0,2,6,10,5.6,Bronze,8.0,B (Grow - Bi-weekly),24.0
PH-1314,926166201,Robert,Kelly,Geriatrics,T-030,Jessicahaven,MT,29,Rivera-Wade Medical School,17.0,24.0,-29.166666666666668,6.0,35.294117647058826,5,2,7,4.7,Bronze,4.5,D (Monitor - Quarterly),34.0
PH-1315,8655575124,Thomas,Hill,Cardiology,T-011,North Paulmouth,MA,34,"Buchanan, Perry and Schmidt Medical School",203.0,203.0,0.0,104.0,51.231527093596064,10,6,9,8.5,Platinum,7.5,A (Protect - Weekly),4.0
PH-1316,2405166545,Daniel,Thompson,Cardiology,T-034,Michelleview,CA,20,"Chapman, Kennedy and Phillips Medical School",16.0,20.0,-20.0,9.0,56.25,5,3,10,5.9,Silver,6.5,B (Grow - Bi-weekly),33.0
PH-1317,2338686083,Mary,Hoover,Cardiology,T-024,Lake Bryantown,IA,10,Lee-Macias Medical School,19.0,41.0,-53.65853658536586,6.0,31.57894736842105,5,1,6,4.1,Bronze,3.5,D (Monitor - Quarterly),43.0
PH-1318,4423860205,Jessica,Fernandez,Cardiology,T-015,North Tonya,WI,37,Francis-Lewis Medical School,4.0,0.0,0.0,1.0,25.0,2,6,5,4.1,Bronze,5.5,D (Monitor - Quarterly),43.0
PH-1319,9096197979,Natalie,Taylor,Endocrinology,T-037,Matthewberg,OH,40,Rodriguez-Cox Medical School,17.0,3.0,466.6666666666667,5.0,29.411764705882355,5,10,6,6.8,Silver,8.0,B (Grow - Bi-weekly),18.0
PH-1320,9480450735,Karen,Gray,Cardiology,T-023,Evanshaven,AL,40,"Morris, Bowman and Ashley Medical School",22.0,6.0,266.66666666666663,10.0,45.45454545454545,6,10,9,8.1,Platinum,9.5,B (Grow - Bi-weekly),8.0
PH-1321,9405980260,Gary,Jensen,Internal Medicine,T-008,Dylanton,AS,29,Montes LLC Medical School,313.0,355.0,-11.830985915492958,110.0,35.14376996805112,10,4,7,7.300000000000001,Gold,5.5,C (Retain - Monthly),13.0
PH-1322,8925849073,Megan,Hernandez,Internal Medicine,T-010,North Anna,NV,39,"Stevens, Mitchell and Kim Medical School",10.0,11.0,-9.090909090909092,9.0,90.0,4,4,10,5.8,Bronze,7.0,B (Grow - Bi-weekly),28.0
PH-1323,5951418648,Jennifer,Harris,Family Practice,T-036,Port Catherine,WY,13,"Meyer, Sanders and Robertson Medical School",22.0,22.0,0.0,11.0,50.0,6,6,9,6.9,Silver,7.5,B (Grow - Bi-weekly),12.0
PH-1324,4196233260,Jillian,Ward,Cardiology,T-037,Moranview,GA,26,Fisher-Castillo Medical School,58.0,63.0,-7.936507936507936,28.0,48.27586206896552,8,4,9,7.1,Gold,6.5,A (Protect - Weekly),14.0
PH-1325,8317306629,Jason,Levy,Oncology,T-031,West Christopherhaven,MH,18,Harrison PLC Medical School,5.0,1.0,400.0,1.0,20.0,3,10,4,5.4,Bronze,7.0,B (Grow - Bi-weekly),27.0
PH-1326,2426559469,Ana,Huff,Family Practice,T-024,Reillybury,DC,23,Hardy-Robinson Medical School,25.0,24.0,4.166666666666666,8.0,32.0,6,7,6,6.3,Silver,6.5,B (Grow - Bi-weekly),21.0
PH-1327,7179890223,Thomas,Carey,Cardiology,T-031,North Jeanettechester,MD,11,Salas-Klein Medical School,79.0,80.0,-1.25,43.0,54.43037974683544,8,5,10,7.7,Gold,7.5,A (Protect - Weekly),6.0
PH-1328,7084779541,Courtney,Wallace,Nephrology,T-032,Edwardsborough,OR,5,"Jones, Cardenas and Hancock Medical School",122.0,109.0,11.926605504587156,30.0,24.59016393442623,9,7,5,7.2,Gold,6.0,A (Protect - Weekly),15.0
PH-1329,8907378159,Calvin,Snyder,Family Practice,T-010,New Biancastad,NY,40,"Gill, Burton and Jackson Medical School",39.0,38.0,2.631578947368421,14.0,35.8974358974359,7,6,7,6.699999999999999,Silver,6.5,A (Protect - Weekly),16.0
PH-1330,8384887638,Andrew,Moore,Internal Medicine,T-024,Lake Timothyland,FL,35,Wheeler Ltd Medical School,43.0,54.0,-20.37037037037037,6.0,13.953488372093023,7,3,3,4.6,Bronze,3.0,C (Retain - Monthly),39.0
PH-1331,1219051881,Eric,Bradley,Cardiology,T-023,Booneville,NY,17,Ochoa Inc Medical School,3.0,6.0,-50.0,3.0,100.0,2,1,10,4.1,Bronze,5.5,D (Monitor - Quarterly),59.0
PH-1332,7066901079,David,Castillo,Family Practice,T-031,New Angela,MS,31,"Lawson, Hall and Hill Medical School",348.0,343.0,1.4577259475218658,115.0,33.04597701149425,10,6,7,7.9,Platinum,6.5,A (Protect - Weekly),3.0
PH-1333,8649703506,Travis,Stevens,Family Practice,T-034,Atkinsbury,ID,9,Gomez-Griffin Medical School,0.0,0.0,0.0,0.0,0.0,1,6,2,2.8,Bronze,4.0,D (Monitor - Quarterly),56.0
PH-1334,7731231555,Crystal,Maldonado,Internal Medicine,T-025,Scottton,MI,18,Schneider PLC Medical School,88.0,70.0,25.71428571428571,33.0,37.5,9,8,8,8.4,Platinum,8.0,A (Protect - Weekly),5.0
PH-1335,7993844404,Michael,Hicks,Pulmonology,T-040,North Teresa,ME,17,Parker Group Medical School,7.0,4.0,75.0,2.0,28.57142857142857,3,9,6,5.699999999999999,Bronze,7.5,B (Grow - Bi-weekly),26.0
PH-1336,123503687,Daniel,Burton,Geriatrics,T-015,Fuentesside,PA,15,Manning PLC Medical School,245.0,203.0,20.689655172413797,48.0,19.59183673469388,10,8,4,7.6,Gold,6.0,A (Protect - Weekly),7.0
PH-1337,7797802344,Michael,Hunt,Endocrinology,T-039,Robertfort,OK,13,Johnson-Juarez Medical School,48.0,46.0,4.3478260869565215,14.0,29.166666666666668,7,7,6,6.7,Silver,6.5,A (Protect - Weekly),12.0
PH-1338,3664016329,Luis,Robinson,General Practice,T-009,Hunterborough,VI,40,Kelly Group Medical School,55.0,61.0,-9.836065573770492,19.0,34.54545454545455,8,4,7,6.5,Silver,5.5,C (Retain - Monthly),15.0
PH-1339,5729273186,Suzanne,Schroeder,Family Practice,T-027,Lake Benjamin,OK,21,Rivera LLC Medical School,4.0,10.0,-60.0,2.0,50.0,2,1,9,3.8,Bronze,5.0,D (Monitor - Quarterly),33.0
PH-1340,4233241651,Andrea,Sims,Family Practice,T-016,Amandashire,NE,9,Johnson-Owens Medical School,14.0,27.0,-48.14814814814815,4.0,28.57142857142857,4,1,6,3.7,Bronze,3.5,D (Monitor - Quarterly),27.0
PH-1341,3446746215,Julia,Armstrong,Family Practice,T-038,Debrafort,KY,19,"Frederick, Hickman and Wilson Medical School",41.0,32.0,28.125,16.0,39.02439024390244,7,8,8,7.6,Gold,8.0,A (Protect - Weekly),6.0
PH-1342,1705022181,Richard,Arnold,Pulmonology,T-035,Patriciaville,IN,18,Monroe-Contreras Medical School,70.0,59.0,18.64406779661017,16.0,22.857142857142858,8,8,4,6.8,Silver,6.0,A (Protect - Weekly),18.0
PH-1343,6094837740,Jill,Anderson,Internal Medicine,T-039,New Richard,TN,4,"Shea, Maddox and Townsend Medical School",2.0,5.0,-60.0,0.0,0.0,2,1,2,1.7000000000000002,Bronze,1.5,D (Monitor - Quarterly),47.0
PH-1344,265099621,Angela,Lopez,Family Practice,T-032,Chavezville,PA,40,"Gray, Perry and Graham Medical School",477.0,521.0,-8.445297504798464,198.0,41.50943396226416,10,4,8,7.6,Gold,6.0,A (Protect - Weekly),10.0
PH-1345,1025634202,Laura,Massey,Internal Medicine,T-017,Lake Holly,IN,37,Austin-Stephens Medical School,164.0,174.0,-5.747126436781609,50.0,30.48780487804878,9,4,6,6.6,Silver,5.0,C (Retain - Monthly),27.0
PH-1346,1376836759,Joy,Davis,Endocrinology,T-013,Mendezmouth,FL,26,"Torres, Olsen and Martinez Medical School",2.0,7.0,-71.42857142857143,2.0,100.0,2,1,10,4.1,Bronze,5.5,D (Monitor - Quarterly),49.0
PH-1347,4092335174,Melissa,Velez,Geriatrics,T-004,Keithberg,VI,39,Li-Rodriguez Medical School,103.0,79.0,30.37974683544304,18.0,17.475728155339805,9,8,3,6.9,Silver,5.5,C (Retain - Monthly),19.0
PH-1348,6372631995,Jill,Day,Hospitalist,T-013,Michaelburgh,SC,32,Tucker Group Medical School,27.0,22.0,22.727272727272727,5.0,18.51851851851852,6,8,4,6.000000000000001,Silver,6.0,B (Grow - Bi-weekly),25.0
PH-1349,6414900385,Aaron,White,Internal Medicine,T-038,Matthewborough,MP,28,Chan-Schaefer Medical School,17.0,28.0,-39.285714285714285,2.0,11.76470588235294,5,2,3,3.5,Bronze,2.5,D (Monitor - Quarterly),44.0
PH-1350,4867228839,Aaron,Harrison,Internal Medicine,T-003,East Carl,MN,28,Gray-Stevenson Medical School,15.0,8.0,87.5,2.0,13.333333333333334,5,10,3,5.9,Silver,6.5,B (Grow - Bi-weekly),29.0
PH-1351,1574932511,Jose,Harrington,Family Practice,T-034,Foxmouth,OR,16,Lewis-Anderson Medical School,28.0,35.0,-20.0,10.0,35.714285714285715,6,3,7,5.4,Bronze,5.0,D (Monitor - Quarterly),38.0
PH-1352,409543776,Roger,Palmer,Internal Medicine,T-038,Lake Allisonstad,NY,8,Brown Ltd Medical School,65.0,72.0,-9.722222222222223,31.0,47.69230769230769,8,4,9,7.1,Gold,6.5,A (Protect - Weekly),10.0
PH-1353,8731439151,Shawna,Wright,Nephrology,T-006,Olsonchester,GA,14,"Garcia, Mcbride and Tucker Medical School",14.0,17.0,-17.647058823529413,7.0,50.0,4,3,9,5.199999999999999,Bronze,6.0,B (Grow - Bi-weekly),33.0
PH-1354,8187109685,Rodney,Anderson,Internal Medicine,T-010,Combschester,SD,3,"Pearson, Smith and Shields Medical School",41.0,48.0,-14.583333333333334,25.0,60.97560975609756,7,3,10,6.7,Silver,6.5,A (Protect - Weekly),13.0
PH-1355,9331542306,Arthur,Lopez,Emergency Medicine,T-012,East Susanchester,VI,31,Davila-Vazquez Medical School,59.0,37.0,59.45945945945946,14.0,23.728813559322035,8,9,4,7.1000000000000005,Gold,6.5,A (Protect - Weekly),10.0
PH-1356,5052241142,Anthony,Ortiz,Nephrology,T-005,North Leslieview,MD,25,"Chapman, Thomas and Davis Medical School",43.0,47.0,-8.51063829787234,7.0,16.27906976744186,7,4,3,4.9,Bronze,3.5,C (Retain - Monthly),39.0
PH-1357,6633822224,Benjamin,Esparza,Cardiology,T-031,Port Tiffany,DC,21,Ortega Inc Medical School,1.0,0.0,0.0,0.0,0.0,2,6,2,3.2,Bronze,4.0,D (Monitor - Quarterly),42.0
PH-1358,5620190113,Jonathan,Parker,Geriatrics,T-039,New Craig,IN,22,"Thompson, White and Gray Medical School",105.0,114.0,-7.894736842105263,21.0,20.0,9,4,4,6.0,Silver,4.0,C (Retain - Monthly),18.0
PH-1359,1323945645,David,Torres,Rheumatology,T-020,Evansport,RI,13,Patterson-Smith Medical School,17.0,20.0,-15.0,2.0,11.76470588235294,5,3,3,3.8,Bronze,3.0,D (Monitor - Quarterly),47.0
PH-1360,4986634209,Stephanie,Wright,Internal Medicine,T-036,Fieldsfort,SC,33,Hill PLC Medical School,4.0,14.0,-71.42857142857143,0.0,0.0,2,1,2,1.7000000000000002,Bronze,1.5,D (Monitor - Quarterly),59.0
PH-1361,8529735615,Haley,Osborn,Nephrology,T-013,Watsonmouth,OK,17,Adams Group Medical School,4.0,7.0,-42.85714285714285,1.0,25.0,2,1,5,2.6,Bronze,3.0,D (Monitor - Quarterly),62.0
PH-1362,2538096641,Joseph,Patton,Internal Medicine,T-008,Jeffreyfurt,PR,27,"Wolfe, Moore and Humphrey Medical School",24.0,23.0,4.3478260869565215,9.0,37.5,6,7,8,6.9,Silver,7.5,B (Grow - Bi-weekly),19.0
PH-1363,4665353896,David,Schultz,Cardiology,T-008,Julieberg,LA,8,Rich Ltd Medical School,186.0,236.0,-21.1864406779661,94.0,50.53763440860215,10,3,9,7.6,Gold,6.0,A (Protect - Weekly),10.0
PH-1364,6792415712,Danielle,Boyer,Emergency Medicine,T-013,Tapiaside,IN,39,Nelson-Bentley Medical School,17.0,6.0,183.3333333333333,0.0,0.0,5,10,2,5.6,Bronze,6.0,B (Grow - Bi-weekly),31.0
PH-1365,4685863906,Kristen,Long,Cardiology,T-028,West Ariana,OR,25,"Young, Franklin and Preston Medical School",72.0,104.0,-30.76923076923077,25.0,34.72222222222222,8,2,7,5.9,Silver,4.5,C (Retain - Monthly),30.0
PH-1366,8161538116,Penny,Robertson,Gastroenterology,T-002,Lake Steven,AK,18,Johnson and Sons Medical School,0.0,0.0,0.0,0.0,0.0,1,6,2,2.8,Bronze,4.0,D (Monitor - Quarterly),59.0
PH-1367,7260720148,Christina,Olsen,Endocrinology,T-030,New Paulafurt,VA,39,Berry-Wilson Medical School,8.0,24.0,-66.66666666666666,1.0,12.5,3,1,3,2.4000000000000004,Bronze,2.0,D (Monitor - Quarterly),48.0
PH-1368,1463947625,Dawn,Massey,Hospitalist,T-029,South Megan,LA,30,Christensen-Harris Medical School,1516.0,1545.0,-1.8770226537216828,376.0,24.80211081794195,10,5,5,7.0,Gold,5.0,C (Retain - Monthly),20.0
PH-1369,3917299403,Randall,Armstrong,Family Practice,T-021,Lake Danielchester,UT,30,Higgins-Bradley Medical School,70.0,89.0,-21.34831460674157,18.0,25.71428571428571,8,3,5,5.6,Bronze,4.0,C (Retain - Monthly),31.0
PH-1370,1967068335,Jeffrey,Rodriguez,Internal Medicine,T-017,South Danielstad,WY,40,"Johnson, Morales and Higgins Medical School",7.0,9.0,-22.22222222222222,3.0,42.85714285714285,3,3,8,4.5,Bronze,5.5,D (Monitor - Quarterly),51.0
PH-1371,9949013334,Teresa,Lewis,Internal Medicine,T-015,Whitakerborough,TX,9,Ferguson-Garcia Medical School,22.0,19.0,15.789473684210526,8.0,36.36363636363637,6,8,7,6.9,Silver,7.5,B (Grow - Bi-weekly),19.0
PH-1372,984101679,Jay,Jones,Family Practice,T-031,Reginaland,CT,23,Smith-Campbell Medical School,7.0,10.0,-30.0,4.0,57.14285714285714,3,2,10,4.800000000000001,Bronze,6.0,B (Grow - Bi-weekly),32.0
PH-1373,9100420288,Mariah,Butler,Neurology,T-030,Frostfurt,PW,33,"Kidd, Adkins and Jones Medical School",18.0,7.0,157.14285714285714,7.0,38.88888888888889,5,10,8,7.4,Gold,9.0,B (Grow - Bi-weekly),11.0
PH-1374,9903421348,Paula,Michael,Geriatrics,T-009,Angelaberg,AR,1,Flores Inc Medical School,54.0,72.0,-25.0,8.0,14.814814814814811,8,3,3,5.0,Bronze,3.0,C (Retain - Monthly),30.0
PH-1375,6079179138,Patrick,Miller,Oncology,T-011,Garcialand,WY,34,Wilson-Mcdowell Medical School,72.0,54.0,33.33333333333333,15.0,20.833333333333336,8,9,4,7.1000000000000005,Gold,6.5,A (Protect - Weekly),13.0
PH-1376,1940247028,Angela,Rios,Internal Medicine,T-032,Christopherberg,MP,15,"Stevens, Chen and Stewart Medical School",10.0,7.0,42.85714285714285,3.0,30.0,4,9,6,6.1,Silver,7.5,B (Grow - Bi-weekly),29.0
PH-1377,7193678576,Kelly,Patterson,Family Practice,T-014,East Angelaland,AZ,8,"Porter, Mendez and Rodriguez Medical School",235.0,239.0,-1.6736401673640169,70.0,29.78723404255319,10,5,6,7.3,Gold,5.5,C (Retain - Monthly),14.0
PH-1378,6194232154,Natalie,Jones,Internal Medicine,T-012,North Samantha,IL,1,Williams-Carlson Medical School,42.0,31.0,35.483870967741936,6.0,14.285714285714285,7,9,3,6.4,Silver,6.0,A (Protect - Weekly),19.0
PH-1379,6261684552,Yesenia,Thompson,Neurology,T-011,Singhland,AL,39,Schultz LLC Medical School,15.0,6.0,150.0,4.0,26.666666666666668,5,10,5,6.5,Silver,7.5,B (Grow - Bi-weekly),21.0
PH-1380,7179899488,Robin,Howard,Internal Medicine,T-017,Munozhaven,OK,33,"Walker, Brown and Wood Medical School",26.0,27.0,-3.7037037037037033,14.0,53.84615384615385,6,4,10,6.6000000000000005,Silver,7.0,B (Grow - Bi-weekly),25.0
PH-1381,9567563558,Kenneth,Thomas,Internal Medicine,T-029,South Danielle,CO,21,Moore-Powell Medical School,30.0,42.0,-28.57142857142857,7.0,23.33333333333333,6,2,4,4.2,Bronze,3.0,D (Monitor - Quarterly),45.0
PH-1382,5650460700,Christopher,Trevino,Nephrology,T-023,Danielbury,AL,6,Hicks-Sosa Medical School,23.0,23.0,0.0,7.0,30.434782608695656,6,6,6,6.0,Silver,6.0,B (Grow - Bi-weekly),33.0
PH-1383,6240871006,Robert,Greene,Family Practice,T-038,Vanessaville,NM,37,Herrera Inc Medical School,22.0,27.0,-18.51851851851852,3.0,13.636363636363637,6,3,3,4.2,Bronze,3.0,D (Monitor - Quarterly),38.0
PH-1384,7623811522,Jerome,Arnold,Rheumatology,T-008,East Angela,LA,35,Herrera Group Medical School,13.0,28.0,-53.57142857142857,1.0,7.6923076923076925,4,1,3,2.8,Bronze,2.0,D (Monitor - Quarterly),48.0
PH-1385,5283599940,Aaron,Davis,Family Practice,T-024,Shaunville,IN,21,Wu-Garcia Medical School,7.0,6.0,16.666666666666664,2.0,28.57142857142857,3,8,6,5.4,Bronze,7.0,B (Grow - Bi-weekly),30.0
PH-1386,1350535722,Katie,Schmidt,Hospitalist,T-040,Port Adrian,NE,19,Wilson-Graves Medical School,69.0,98.0,-29.59183673469388,27.0,39.130434782608695,8,2,8,6.2,Silver,5.0,C (Retain - Monthly),23.0
PH-1387,5780978302,Sara,Smith,Neurology,T-017,North Pattyville,RI,6,Kent-Joseph Medical School,29.0,18.0,61.11111111111112,4.0,13.79310344827586,6,9,3,6.0,Silver,6.0,B (Grow - Bi-weekly),38.0
PH-1388,5341952814,Keith,Peters,Pulmonology,T-038,Robertsberg,OH,28,Thompson Ltd Medical School,3.0,5.0,-40.0,0.0,0.0,2,2,2,2.0,Bronze,2.0,D (Monitor - Quarterly),54.0
PH-1389,8893063578,Dawn,Donaldson,Geriatrics,T-037,South Angela,WI,4,Contreras Inc Medical School,52.0,74.0,-29.72972972972973,10.0,19.230769230769237,8,2,4,5.0,Bronze,3.0,C (Retain - Monthly),36.0
PH-1390,3974369905,Lisa,Tran,Family Practice,T-036,Robynstad,OR,13,"Torres, Tate and Gardner Medical School",278.0,276.0,0.7246376811594203,96.0,34.53237410071942,10,6,7,7.9,Platinum,6.5,A (Protect - Weekly),4.0
PH-1391,4290696904,Michael,Hernandez,Cardiology,T-032,Smithland,VA,17,Price Group Medical School,446.0,421.0,5.938242280285035,224.0,50.22421524663677,10,7,9,8.799999999999999,Platinum,8.0,A (Protect - Weekly),2.0
PH-1392,7337457016,Lucas,Wallace,Gastroenterology,T-019,East Robertside,CA,35,Matthews-Arnold Medical School,15.0,12.0,25.0,7.0,46.66666666666666,5,8,9,7.1,Gold,8.5,B (Grow - Bi-weekly),24.0
PH-1393,2530843769,Christina,Bowman,Internal Medicine,T-028,Phillipsport,NH,1,Heath-White Medical School,1.0,9.0,-88.88888888888889,0.0,0.0,2,1,2,1.7000000000000002,Bronze,1.5,D (Monitor - Quarterly),55.0
PH-1394,842324234,William,Wang,Cardiology,T-040,Christopherberg,ME,33,Cortez LLC Medical School,42.0,29.0,44.82758620689656,21.0,50.0,7,9,9,8.2,Platinum,9.0,A (Protect - Weekly),3.0
PH-1395,3691585574,Meghan,Richards,Hospitalist,T-008,South Grantfort,OK,24,Smith-Ramirez Medical School,6.0,0.0,0.0,3.0,50.0,3,6,9,5.699999999999999,Bronze,7.5,B (Grow - Bi-weekly),34.0
PH-1396,5703332959,Kelly,White,Family Practice,T-004,Port Christopher,SC,38,"Dorsey, Taylor and Hughes Medical School",271.0,301.0,-9.966777408637874,100.0,36.90036900369004,10,4,7,7.300000000000001,Gold,5.5,C (Retain - Monthly),14.0
PH-1397,402966299,Christopher,Moore,Cardiology,T-009,Phillipsburgh,PA,16,Calderon Inc Medical School,7.0,4.0,75.0,0.0,0.0,3,9,2,4.5,Bronze,5.5,D (Monitor - Quarterly),38.0
PH-1398,4167821539,Gregory,Sullivan,Gastroenterology,T-031,South Michele,MP,24,Foster and Sons Medical School,3.0,8.0,-62.5,1.0,33.33333333333333,2,1,7,3.2,Bronze,4.0,D (Monitor - Quarterly),43.0
PH-1399,5031392804,Amanda,Pace,Family Practice,T-025,Adrianberg,AZ,34,Davis-Richards Medical School,16.0,19.0,-15.789473684210526,4.0,25.0,5,3,5,4.4,Bronze,4.0,D (Monitor - Quarterly),37.0
PH-1400,1933359379,Tony,Munoz,Internal Medicine,T-024,North Debbieburgh,VT,9,"Wong, Jordan and Bennett Medical School",16.0,16.0,0.0,5.0,31.25,5,6,6,5.6,Bronze,6.0,B (Grow - Bi-weekly),28.0
PH-1401,2564718559,Kyle,Acosta,Rheumatology,T-040,East Aaron,WY,10,Acosta-Madden Medical School,74.0,66.0,12.12121212121212,26.0,35.13513513513514,8,7,7,7.4,Gold,7.0,A (Protect - Weekly),10.0
PH-1402,2316778145,Nicholas,Alexander,Internal Medicine,T-024,Marymouth,AL,5,"Wilson, Phillips and Sherman Medical School",22.0,15.0,46.66666666666666,5.0,22.727272727272727,6,9,4,6.3,Silver,6.5,B (Grow - Bi-weekly),22.0
PH-1403,3911776665,Brian,Thompson,Cardiology,T-027,Wongchester,CA,16,Johnson PLC Medical School,7.0,5.0,40.0,2.0,28.57142857142857,3,9,6,5.699999999999999,Bronze,7.5,B (Grow - Bi-weekly),23.0
PH-1404,2815780619,Brian,Anderson,Hematology,T-035,Lake Danielfort,SC,12,"Frazier, Ramos and Hughes Medical School",7.0,7.0,0.0,3.0,42.85714285714285,3,6,8,5.4,Bronze,7.0,B (Grow - Bi-weekly),34.0
PH-1405,7635322371,Amber,Willis,Geriatrics,T-026,Port Devinhaven,VA,34,Holland-Richardson Medical School,19.0,27.0,-29.629629629629623,2.0,10.526315789473683,5,2,3,3.5,Bronze,2.5,D (Monitor - Quarterly),48.0
PH-1406,3711429430,Billy,Mcmillan,Geriatrics,T-020,South Maria,WI,12,Hudson PLC Medical School,5.0,2.0,150.0,0.0,0.0,3,10,2,4.8,Bronze,6.0,B (Grow - Bi-weekly),39.0
PH-1407,9231324659,Donna,Shaw,Emergency Medicine,T-023,Jamesborough,DC,1,Fischer-Nichols Medical School,29.0,31.0,-6.451612903225806,8.0,27.58620689655172,6,4,5,5.1000000000000005,Bronze,4.5,D (Monitor - Quarterly),44.0
PH-1408,4178376591,Nicole,Peterson,Family Practice,T-002,New Donald,CT,30,Maxwell Ltd Medical School,33.0,33.0,0.0,11.0,33.33333333333333,7,6,7,6.699999999999999,Silver,6.5,A (Protect - Weekly),20.0
PH-1409,652664267,Michelle,Mcdowell,Hospitalist,T-021,Bryceberg,NM,25,Holder LLC Medical School,48.0,57.0,-15.789473684210526,10.0,20.833333333333336,7,3,4,4.9,Bronze,3.5,C (Retain - Monthly),37.0
PH-1410,5337565697,Tiffany,Green,Geriatrics,T-022,Dixonshire,NE,21,Martin PLC Medical School,252.0,248.0,1.6129032258064515,58.0,23.015873015873016,10,6,4,7.0,Gold,5.0,C (Retain - Monthly),11.0
PH-1411,4510462506,Beth,Arellano,Rheumatology,T-033,Murphyside,MA,38,Thomas Ltd Medical School,153.0,194.0,-21.1340206185567,20.0,13.071895424836605,9,3,3,5.4,Bronze,3.0,C (Retain - Monthly),31.0
PH-1412,627672935,Jacqueline,Austin,Pulmonology,T-015,West Gail,KY,25,Jones PLC Medical School,293.0,273.0,7.326007326007327,69.0,23.549488054607508,10,7,4,7.3,Gold,5.5,C (Retain - Monthly),13.0
PH-1413,1465022347,Steven,Riggs,Internal Medicine,T-005,West Reneefort,VA,6,"Ford, Wiley and Brooks Medical School",12.0,6.0,100.0,3.0,25.0,4,10,5,6.1,Silver,7.5,B (Grow - Bi-weekly),25.0
PH-1414,8407033982,Clayton,Chavez,Emergency Medicine,T-023,Port John,NV,4,"Simon, Moore and Brown Medical School",1.0,5.0,-80.0,0.0,0.0,2,1,2,1.7000000000000002,Bronze,1.5,D (Monitor - Quarterly),72.0
PH-1415,9451676706,James,Mccoy,Nephrology,T-021,Port Michelle,AS,28,"Simmons, Smith and Jones Medical School",5.0,5.0,0.0,2.0,40.0,3,6,8,5.4,Bronze,7.0,B (Grow - Bi-weekly),32.0
PH-1416,2200848426,Lisa,Mejia,Geriatrics,T-040,East Victoria,IL,23,Sweeney-Lowe Medical School,161.0,130.0,23.846153846153847,41.0,25.465838509316768,9,8,5,7.5,Gold,6.5,A (Protect - Weekly),9.0
PH-1417,6082896713,Patrick,Christian,Gastroenterology,T-040,Catherineport,MH,10,Mcdowell-Greene Medical School,521.0,513.0,1.5594541910331383,123.0,23.6084452975048,10,6,4,7.0,Gold,5.0,C (Retain - Monthly),17.0
PH-1418,856490132,Jose,Wood,Family Practice,T-008,New Sarahstad,AR,11,"Costa, Baxter and Jones Medical School",132.0,146.0,-9.58904109589041,43.0,32.57575757575758,9,4,6,6.6,Silver,5.0,C (Retain - Monthly),26.0
PH-1419,5461758080,Jay,Warren,Oncology,T-005,West Jonathanland,AR,37,Brown-Allen Medical School,5.0,0.0,0.0,2.0,40.0,3,6,8,5.4,Bronze,7.0,B (Grow - Bi-weekly),32.0
PH-1420,5668513538,Cynthia,Garcia,Cardiology,T-038,South Kyle,MD,29,Wagner-Gonzalez Medical School,414.0,475.0,-12.842105263157894,168.0,40.57971014492754,10,3,8,7.300000000000001,Gold,5.5,C (Retain - Monthly),9.0
PH-1421,9016856471,Tony,Ochoa,Internal Medicine,T-002,Barryton,FL,1,Tyler-Sandoval Medical School,13.0,23.0,-43.47826086956522,0.0,0.0,4,1,2,2.5,Bronze,1.5,D (Monitor - Quarterly),65.0
PH-1422,6988371611,Michael,Reilly,Gastroenterology,T-030,Pollardhaven,NE,11,Miller PLC Medical School,0.0,0.0,0.0,0.0,0.0,1,6,2,2.8,Bronze,4.0,D (Monitor - Quarterly),46.0
PH-1423,7675983326,Cameron,Kane,Endocrinology,T-012,Michellemouth,ND,39,Brooks LLC Medical School,13.0,21.0,-38.095238095238095,0.0,0.0,4,2,2,2.8000000000000003,Bronze,2.0,D (Monitor - Quarterly),38.0
PH-1424,5819565728,Mike,Diaz,Internal Medicine,T-008,East Beth,OR,28,"Martin, Moore and Ross Medical School",3.0,0.0,0.0,0.0,0.0,2,6,2,3.2,Bronze,4.0,D (Monitor - Quarterly),45.0
PH-1425,2177580158,Lisa,Hickman,General Practice,T-009,Kelleyborough,AL,39,Smith PLC Medical School,20.0,22.0,-9.090909090909092,5.0,25.0,5,4,5,4.7,Bronze,4.5,D (Monitor - Quarterly),34.0
PH-1426,5327276698,Lisa,Walker,Hospitalist,T-021,Chadstad,AS,34,"Mckinney, Martin and Martinez Medical School",12.0,9.0,33.33333333333333,6.0,50.0,4,9,9,7.0,Gold,9.0,B (Grow - Bi-weekly),15.0
PH-1427,8546130873,Shelly,Smith,Cardiology,T-025,Martineztown,SC,12,Cannon-Walker Medical School,28.0,23.0,21.73913043478261,14.0,50.0,6,8,9,7.5,Gold,8.5,B (Grow - Bi-weekly),12.0
PH-1428,2777711842,Luis,Steele,Endocrinology,T-022,Delgadofurt,ID,40,Deleon Inc Medical School,46.0,26.0,76.92307692307693,8.0,17.391304347826086,7,9,3,6.4,Silver,6.0,A (Protect - Weekly),25.0
PH-1429,712102423,Kenneth,Roberts,General Practice,T-001,Lake Tamara,MI,1,"Hopkins, Allison and Holt Medical School",114.0,127.0,-10.236220472440944,34.0,29.82456140350877,9,4,6,6.6,Silver,5.0,C (Retain - Monthly),26.0
PH-1430,7719619971,Nicholas,Mckinney,Internal Medicine,T-021,Baileyfurt,MO,15,Russell-Williams Medical School,51.0,51.0,0.0,15.0,29.411764705882355,8,6,6,6.8,Silver,6.0,A (Protect - Weekly),18.0
PH-1431,9683344009,Jennifer,Hernandez,Oncology,T-038,Sierrafurt,TX,35,"Diaz, Deleon and Weber Medical School",18.0,14.0,28.57142857142857,9.0,50.0,5,8,9,7.1,Gold,8.5,B (Grow - Bi-weekly),11.0
PH-1432,2219143907,Andrew,Steele,Family Practice,T-008,Powerschester,AR,17,Cook Ltd Medical School,94.0,120.0,-21.666666666666668,29.0,30.851063829787236,9,3,6,6.3,Silver,4.5,C (Retain - Monthly),27.0
PH-1433,9115010162,Robert,Johnson,Family Practice,T-026,East Richardside,OK,13,"Clark, Green and Harrison Medical School",214.0,201.0,6.467661691542288,90.0,42.05607476635514,10,7,8,8.5,Platinum,7.5,A (Protect - Weekly),4.0
PH-1434,5978335488,Jennifer,Howard,Cardiology,T-017,New Jacobport,OK,14,Kennedy-Davis Medical School,4.0,3.0,33.33333333333333,2.0,50.0,2,9,9,6.199999999999999,Silver,9.0,B (Grow - Bi-weekly),33.0
PH-1435,4638664320,Nancy,Davis,Emergency Medicine,T-035,Schwartzchester,NE,14,Thomas-Stone Medical School,23.0,20.0,15.0,0.0,0.0,6,8,2,5.4,Bronze,5.0,D (Monitor - Quarterly),35.0
PH-1436,4685492724,Aaron,Cochran,Family Practice,T-015,North Amy,TN,27,Miller Ltd Medical School,9.0,14.0,-35.714285714285715,3.0,33.33333333333333,4,2,7,4.300000000000001,Bronze,4.5,D (Monitor - Quarterly),41.0
PH-1437,6051908543,Madison,Simpson,Hematology,T-031,South Stephanieborough,VA,35,Koch Ltd Medical School,0.0,0.0,0.0,0.0,0.0,1,6,2,2.8,Bronze,4.0,D (Monitor - Quarterly),45.0
PH-1438,3356369301,Rebecca,Brown,Cardiology,T-005,New Brianshire,IA,22,Tran PLC Medical School,74.0,48.0,54.16666666666666,33.0,44.5945945945946,8,9,9,8.6,Platinum,9.0,A (Protect - Weekly),2.0
PH-1439,1048028354,Caleb,Stephens,Cardiology,T-023,New Felicia,RI,25,"Hall, Mclean and Mccarthy Medical School",165.0,160.0,3.125,83.0,50.30303030303031,9,7,9,8.4,Platinum,8.0,A (Protect - Weekly),6.0
PH-1440,7661366280,William,Cochran,Neurology,T-005,East Emily,NE,26,"Jones, Farrell and Grimes Medical School",10.0,0.0,0.0,5.0,50.0,4,6,9,6.1,Silver,7.5,B (Grow - Bi-weekly),26.0
PH-1441,9474705311,Benjamin,Bailey,Family Practice,T-006,Lake Kimberly,IA,18,Atkins Group Medical School,111.0,89.0,24.719101123595504,43.0,38.73873873873874,9,8,8,8.4,Platinum,8.0,A (Protect - Weekly),2.0
PH-1442,7397984218,Brenda,Martinez,Family Practice,T-014,Donaldchester,PA,14,Wells Group Medical School,146.0,135.0,8.148148148148149,48.0,32.87671232876712,9,7,7,7.800000000000001,Platinum,7.0,A (Protect - Weekly),6.0
PH-1443,5016767187,Timothy,Kane,Cardiology,T-015,Lake Alyssa,AS,19,Ortiz and Sons Medical School,272.0,279.0,-2.508960573476702,138.0,50.73529411764706,10,4,9,7.9,Platinum,6.5,A (Protect - Weekly),2.0
PH-1444,6885016276,George,Moore,Hematology,T-035,Reynoldsmouth,NY,17,"Robertson, Hudson and Watts Medical School",7.0,4.0,75.0,0.0,0.0,3,9,2,4.5,Bronze,5.5,D (Monitor - Quarterly),43.0
PH-1445,7616522898,Tammy,Smith,Neurology,T-020,Beverlybury,AS,36,Cunningham-Rodriguez Medical School,171.0,159.0,7.547169811320755,34.0,19.883040935672515,9,7,4,6.9,Silver,5.5,C (Retain - Monthly),17.0
PH-1446,5597772659,Mary,James,Pulmonology,T-040,New Maryside,MN,24,"Patel, Stewart and Glass Medical School",7.0,8.0,-12.5,0.0,0.0,3,3,2,2.7,Bronze,2.5,D (Monitor - Quarterly),49.0
PH-1447,4171657893,Ashley,Ashley,Neurology,T-017,New Susan,VI,7,Dillon-Bell Medical School,29.0,21.0,38.095238095238095,5.0,17.24137931034483,6,9,3,6.0,Silver,6.0,B (Grow - Bi-weekly),39.0
PH-1448,1887114860,Brian,Pearson,Internal Medicine,T-001,North Jenniferburgh,KS,35,Wheeler-Little Medical School,0.0,0.0,0.0,0.0,0.0,1,6,2,2.8,Bronze,4.0,D (Monitor - Quarterly),51.0
PH-1449,8787570302,Brittany,Smith,Family Practice,T-013,Lake Nataliemouth,SC,6,Brown PLC Medical School,0.0,0.0,0.0,0.0,0.0,1,6,2,2.8,Bronze,4.0,D (Monitor - Quarterly),60.0
PH-1450,6074290695,Edward,White,Pulmonology,T-014,Port Jaime,PA,37,Nicholson Ltd Medical School,57.0,37.0,54.054054054054056,14.0,24.561403508771928,8,9,5,7.4,Gold,7.0,A (Protect - Weekly),11.0
PH-1451,8062007302,Lisa,Floyd,Cardiology,T-004,Curtischester,DC,40,Miles-Andrews Medical School,14.0,36.0,-61.11111111111112,8.0,57.14285714285714,4,1,10,4.9,Bronze,5.5,D (Monitor - Quarterly),34.0
PH-1452,5374057144,Peter,Alvarado,Internal Medicine,T-028,Rachelfort,KS,16,Le PLC Medical School,8.0,8.0,0.0,2.0,25.0,3,6,5,4.5,Bronze,5.5,D (Monitor - Quarterly),40.0
PH-1453,7354453451,Juan,Rios,Cardiology,T-026,Gomezhaven,ID,28,"Adkins, Adams and Gonzalez Medical School",10.0,5.0,100.0,6.0,60.0,4,10,10,7.6,Gold,10.0,B (Grow - Bi-weekly),13.0
PH-1454,4835862673,Ryan,Myers,Endocrinology,T-002,Zacharybury,FL,31,Valencia Group Medical School,37.0,43.0,-13.953488372093023,7.0,18.91891891891892,7,3,4,4.9,Bronze,3.5,C (Retain - Monthly),42.0
PH-1455,7587089432,Kendra,Santos,Cardiology,T-008,Lake Maria,KS,24,Sanchez-Cantrell Medical School,0.0,0.0,0.0,0.0,0.0,1,6,2,2.8,Bronze,4.0,D (Monitor - Quarterly),49.0
PH-1456,6958050450,Michael,Le,Hospitalist,T-031,New Joseph,NH,9,Oconnor Inc Medical School,76.0,83.0,-8.433734939759036,23.0,30.26315789473684,8,4,6,6.2,Silver,5.0,C (Retain - Monthly),20.0
PH-1457,734293907,Sean,Melendez,Internal Medicine,T-002,Meadowsshire,MD,8,Reid-Weeks Medical School,0.0,0.0,0.0,0.0,0.0,1,6,2,2.8,Bronze,4.0,D (Monitor - Quarterly),60.0
PH-1458,380162585,Daniel,Johnson,Cardiology,T-039,Lake Heidi,AL,16,Riddle-Johnson Medical School,2.0,13.0,-84.61538461538461,0.0,0.0,2,1,2,1.7000000000000002,Bronze,1.5,D (Monitor - Quarterly),48.0
PH-1459,2814353127,Candace,Ingram,Family Practice,T-010,Port Jeffrey,NM,38,"Garrison, Chang and Lopez Medical School",9.0,22.0,-59.09090909090909,2.0,22.22222222222222,4,1,4,3.1,Bronze,2.5,D (Monitor - Quarterly),47.0
PH-1460,1123590426,Michael,Dyer,Endocrinology,T-005,Edwardchester,MP,29,"James, White and Contreras Medical School",15.0,21.0,-28.57142857142857,7.0,46.66666666666666,5,2,9,5.3,Bronze,5.5,D (Monitor - Quarterly),34.0
PH-1461,1085738385,Michael,Peterson,Family Practice,T-034,West Crystalchester,AZ,23,"Colon, Garrett and Richards Medical School",13.0,18.0,-27.77777777777778,9.0,69.23076923076923,4,2,10,5.2,Bronze,6.0,B (Grow - Bi-weekly),39.0
PH-1462,5117455537,Holly,Bradshaw,Oncology,T-006,Taylorburgh,ND,4,Perry and Sons Medical School,10.0,7.0,42.85714285714285,2.0,20.0,4,9,4,5.5,Bronze,6.5,B (Grow - Bi-weekly),31.0
PH-1463,3746121575,Sylvia,Ball,Hematology,T-006,Port Ronald,FM,32,Thompson Group Medical School,435.0,382.0,13.87434554973822,99.0,22.75862068965517,10,7,4,7.3,Gold,5.5,C (Retain - Monthly),12.0
PH-1464,848187620,Brianna,Fitzpatrick,Family Practice,T-015,Duncanland,PA,40,Allen-Tyler Medical School,50.0,37.0,35.13513513513514,22.0,44.0,8,9,9,8.6,Platinum,9.0,A (Protect - Weekly),1.0
PH-1465,3995167045,Antonio,Rivera,Endocrinology,T-009,Port David,TX,37,"Cummings, Alexander and Rhodes Medical School",0.0,0.0,0.0,0.0,0.0,1,6,2,2.8,Bronze,4.0,D (Monitor - Quarterly),47.0
PH-1466,1234388804,Wayne,Horn,Emergency Medicine,T-006,Lake Kellyberg,AR,3,Wood and Sons Medical School,19.0,12.0,58.333333333333336,12.0,63.1578947368421,5,9,10,7.699999999999999,Gold,9.5,B (Grow - Bi-weekly),7.0
PH-1467,6450282313,Jonathan,Ruiz,Oncology,T-017,Scottmouth,HI,32,"Lynch, Rodriguez and Rivera Medical School",133.0,108.0,23.14814814814815,38.0,28.57142857142857,9,8,6,7.8,Gold,7.0,A (Protect - Weekly),9.0
PH-1468,9044318343,Ryan,Gilbert,Hospitalist,T-004,Port Christopher,AZ,17,"Delgado, Moore and Zavala Medical School",10.0,10.0,0.0,5.0,50.0,4,6,9,6.1,Silver,7.5,B (Grow - Bi-weekly),25.0
PH-1469,7711506291,Stacy,Mayer,Gastroenterology,T-005,South Rebecca,MA,32,Browning and Sons Medical School,0.0,0.0,0.0,0.0,0.0,1,6,2,2.8,Bronze,4.0,D (Monitor - Quarterly),50.0
PH-1470,2816291087,Jeremy,Montgomery,Pulmonology,T-006,North Brittney,IA,35,Bradley-Jones Medical School,54.0,65.0,-16.923076923076923,9.0,16.666666666666664,8,3,3,5.0,Bronze,3.0,C (Retain - Monthly),35.0
PH-1471,5737671052,Annette,Fleming,Hospitalist,T-020,Smithport,MI,22,"Yang, Pittman and Miller Medical School",27.0,33.0,-18.181818181818183,4.0,14.814814814814811,6,3,3,4.2,Bronze,3.0,D (Monitor - Quarterly),44.0
PH-1472,3044500202,Kimberly,Bennett,Hematology,T-011,New Troy,RI,13,Eaton Ltd Medical School,40.0,13.0,207.6923076923077,8.0,20.0,7,10,4,7.000000000000001,Gold,7.0,A (Protect - Weekly),14.0
PH-1473,4502958676,Brandon,Wong,General Practice,T-003,West Alanborough,KY,9,Cohen-Stevens Medical School,0.0,0.0,0.0,0.0,0.0,1,6,2,2.8,Bronze,4.0,D (Monitor - Quarterly),43.0
PH-1474,5418236881,Bradley,Oneal,Neurology,T-023,South Gerald,AR,14,Garcia-Sanchez Medical School,3.0,0.0,0.0,1.0,33.33333333333333,2,6,7,4.699999999999999,Bronze,6.5,B (Grow - Bi-weekly),51.0
PH-1475,6018422013,Amanda,Payne,Pulmonology,T-009,Lauraburgh,AZ,23,"Singh, Jennings and Jones Medical School",29.0,44.0,-34.090909090909086,13.0,44.82758620689656,6,2,9,5.7,Bronze,5.5,D (Monitor - Quarterly),26.0
PH-1476,6816360389,Erica,Frazier,Cardiology,T-005,Mooneyfurt,PA,23,Owens PLC Medical School,6.0,8.0,-25.0,5.0,83.33333333333334,3,3,10,5.1,Bronze,6.5,B (Grow - Bi-weekly),38.0
PH-1477,9476720005,David,Scott,Family Practice,T-028,Port Brentfort,PW,34,Bryant Group Medical School,19.0,31.0,-38.70967741935484,5.0,26.31578947368421,5,2,5,4.1,Bronze,3.5,D (Monitor - Quarterly),43.0
PH-1478,3485089512,Jay,Smith,Internal Medicine,T-025,Christopherville,FM,10,"Molina, Dean and Lindsey Medical School",30.0,24.0,25.0,17.0,56.66666666666666,6,8,10,7.800000000000001,Platinum,9.0,B (Grow - Bi-weekly),8.0
PH-1479,4545697296,Maurice,Price,Emergency Medicine,T-030,New Jacobchester,NM,25,Young Group Medical School,10.0,7.0,42.85714285714285,3.0,30.0,4,9,6,6.1,Silver,7.5,B (Grow - Bi-weekly),22.0
PH-1480,1886263956,Daniel,Harmon,Pulmonology,T-034,Mcleanmouth,ND,10,Case LLC Medical School,287.0,311.0,-7.717041800643088,61.0,21.254355400696863,10,4,4,6.4,Silver,4.0,C (Retain - Monthly),24.0
PH-1481,5737138874,Madeline,Williams,Internal Medicine,T-011,East Grace,VT,21,Contreras-Ali Medical School,119.0,114.0,4.385964912280701,46.0,38.655462184873954,9,7,8,8.1,Platinum,7.5,A (Protect - Weekly),6.0
PH-1482,4466276330,Kenneth,Frazier,Oncology,T-007,Port Stephenville,TX,17,Thompson-Lambert Medical School,47.0,54.0,-12.962962962962962,16.0,34.04255319148936,7,3,7,5.800000000000001,Silver,5.0,C (Retain - Monthly),27.0
PH-1483,5248319686,Jared,Leblanc,Internal Medicine,T-002,Timothyview,MS,12,Bennett-Davila Medical School,3.0,3.0,0.0,0.0,0.0,2,6,2,3.2,Bronze,4.0,D (Monitor - Quarterly),57.0
PH-1484,6987036883,Aaron,Ramirez,Cardiology,T-018,South Felicia,PW,11,"Perez, Daniel and Vaughn Medical School",3.0,5.0,-40.0,3.0,100.0,2,2,10,4.4,Bronze,6.0,B (Grow - Bi-weekly),36.0
PH-1485,1592291270,Patrick,George,Family Practice,T-018,Calebview,AR,35,Newton-Jennings Medical School,22.0,29.0,-24.13793103448276,6.0,27.27272727272727,6,3,5,4.800000000000001,Bronze,4.0,D (Monitor - Quarterly),33.0
PH-1486,9118722824,Timothy,Stone,Cardiology,T-026,North Amandamouth,UT,16,"Barton, Shah and Pearson Medical School",8.0,4.0,100.0,6.0,75.0,3,10,10,7.2,Gold,10.0,B (Grow - Bi-weekly),19.0
PH-1487,7578984974,Bonnie,Cole,Cardiology,T-012,West Evanberg,CT,13,Martinez-Ramirez Medical School,924.0,1013.0,-8.7857847976308,393.0,42.532467532467535,10,4,8,7.6,Gold,6.0,A (Protect - Weekly),6.0
PH-1488,6565818981,Wanda,Vance,Nephrology,T-002,South Chaseborough,SC,26,"Dickerson, Grimes and Edwards Medical School",4.0,3.0,33.33333333333333,3.0,75.0,2,9,10,6.5,Silver,9.5,B (Grow - Bi-weekly),23.0
PH-1489,3163129755,Shane,Thompson,Internal Medicine,T-027,Garciaport,PA,15,Robinson-Sloan Medical School,19.0,26.0,-26.923076923076923,5.0,26.31578947368421,5,2,5,4.1,Bronze,3.5,D (Monitor - Quarterly),32.0
PH-1490,8119389990,Philip,Spence,Internal Medicine,T-007,Lake Brandon,WV,40,Day Inc Medical School,6.0,16.0,-62.5,2.0,33.33333333333333,3,1,7,3.6000000000000005,Bronze,4.0,D (Monitor - Quarterly),40.0
PH-1491,7167532163,Leah,Vazquez,Cardiology,T-013,Mccallbury,CA,17,Austin-Rose Medical School,62.0,50.0,24.0,33.0,53.2258064516129,8,8,10,8.6,Platinum,9.0,A (Protect - Weekly),1.0
PH-1492,4900490372,Carolyn,Brady,Internal Medicine,T-017,Zacharymouth,NY,36,Peterson Group Medical School,6.0,0.0,0.0,3.0,50.0,3,6,9,5.699999999999999,Bronze,7.5,B (Grow - Bi-weekly),41.0
PH-1493,3998127439,Crystal,Thomas,Oncology,T-005,Kimberlymouth,CT,26,Stokes-Jones Medical School,14.0,11.0,27.27272727272727,4.0,28.57142857142857,4,8,6,5.8,Bronze,7.0,B (Grow - Bi-weekly),30.0
PH-1494,9258147621,Lori,Frey,Cardiology,T-028,South Lisa,DE,29,"Weaver, Hall and George Medical School",12.0,9.0,33.33333333333333,4.0,33.33333333333333,4,9,7,6.4,Silver,8.0,B (Grow - Bi-weekly),23.0
PH-1495,5413845315,Peter,Parsons,Neurology,T-037,North Patricia,AS,30,Harper-Boyd Medical School,123.0,145.0,-15.172413793103448,41.0,33.33333333333333,9,3,7,6.6,Silver,5.0,C (Retain - Monthly),22.0
PH-1496,5909645987,Derek,Ramirez,Internal Medicine,T-014,New Triciaburgh,UT,10,Murray Ltd Medical School,0.0,0.0,0.0,0.0,0.0,1,6,2,2.8,Bronze,4.0,D (Monitor - Quarterly),32.0
PH-1497,3516681133,Sydney,Ruiz,Pulmonology,T-037,Chavezfort,UT,29,Martinez Ltd Medical School,169.0,199.0,-15.07537688442211,41.0,24.2603550295858,9,3,5,6.0,Silver,4.0,C (Retain - Monthly),30.0
PH-1498,3402422241,Haley,Fox,Family Practice,T-036,Port Lisa,MT,19,"Gaines, Lopez and Young Medical School",117.0,111.0,5.405405405405405,38.0,32.47863247863248,9,7,6,7.5,Gold,6.5,A (Protect - Weekly),7.0
PH-1499,5401814442,Kenneth,Stanton,Internal Medicine,T-021,Erictown,GA,37,"Ramirez, Stokes and Molina Medical School",11.0,15.0,-26.666666666666668,4.0,36.36363636363637,4,2,7,4.300000000000001,Bronze,4.5,D (Monitor - Quarterly),41.0
PH-1500,947651186,Diane,Whitney,Hematology,T-029,Fritztown,RI,20,"Mitchell, Parker and Bell Medical School",61.0,86.0,-29.069767441860467,7.0,11.475409836065571,8,2,3,4.7,Bronze,2.5,C (Retain - Monthly),41.0
PH-1501,9891370542,Kevin,Nguyen,Rheumatology,T-036,Lake Cynthiaton,NY,2,Cruz Inc Medical School,0.0,0.0,0.0,0.0,0.0,1,6,2,2.8,Bronze,4.0,D (Monitor - Quarterly),50.0
PH-1502,1035659429,Brittney,Thompson,Family Practice,T-016,East Timothy,VT,18,Reynolds-Beck Medical School,602.0,502.0,19.9203187250996,239.0,39.70099667774086,10,8,8,8.8,Platinum,8.0,A (Protect - Weekly),1.0
PH-1503,6922953386,Christopher,Wright,Cardiology,T-036,Lake Mackenzieborough,PA,30,"Smith, Oliver and Hall Medical School",30.0,33.0,-9.090909090909092,9.0,30.0,6,4,6,5.4,Bronze,5.0,D (Monitor - Quarterly),34.0
PH-1504,4242406628,Julie,Nelson,Family Practice,T-023,East Linda,TX,34,"Ryan, Hall and Young Medical School",21.0,3.0,600.0,14.0,66.66666666666666,6,10,10,8.4,Platinum,10.0,B (Grow - Bi-weekly),7.0
PH-1505,3751866940,William,Parsons,Internal Medicine,T-029,Lisaburgh,LA,36,Luna and Sons Medical School,13.0,20.0,-35.0,6.0,46.15384615384615,4,2,9,4.9,Bronze,5.5,D (Monitor - Quarterly),39.0
PH-1506,6928550743,Matthew,Wall,Emergency Medicine,T-036,Frankside,SC,9,"Roman, Hinton and Lynch Medical School",0.0,0.0,0.0,0.0,0.0,1,6,2,2.8,Bronze,4.0,D (Monitor - Quarterly),51.0
PH-1507,7039696453,Marcus,Davis,Internal Medicine,T-019,Sullivanton,KS,38,Martinez-Dunn Medical School,1566.0,1507.0,3.915063039150631,553.0,35.312899106002554,10,7,7,8.2,Platinum,7.0,A (Protect - Weekly),5.0
PH-1508,3009954288,Stefanie,Lewis,Internal Medicine,T-015,Valeriefurt,TN,20,Black-Hamilton Medical School,2.0,0.0,0.0,0.0,0.0,2,6,2,3.2,Bronze,4.0,D (Monitor - Quarterly),48.0
PH-1509,7989947061,Stephen,Castaneda,Pulmonology,T-004,Port Michellechester,OR,18,Miller LLC Medical School,37.0,33.0,12.12121212121212,8.0,21.62162162162162,7,7,4,6.1000000000000005,Silver,5.5,C (Retain - Monthly),24.0
PH-1510,9711038471,Matthew,Castillo,Cardiology,T-023,Robertmouth,AL,11,"Morgan, Daniels and Wagner Medical School",26.0,21.0,23.809523809523807,8.0,30.76923076923077,6,8,6,6.6000000000000005,Silver,7.0,B (Grow - Bi-weekly),21.0
PH-1511,167449234,Heather,Booker,Family Practice,T-004,Cherylchester,OK,29,"Murphy, Andrade and Gay Medical School",377.0,361.0,4.43213296398892,129.0,34.217506631299734,10,7,7,8.2,Platinum,7.0,A (Protect - Weekly),6.0
PH-1512,4505669375,Lance,Taylor,General Practice,T-013,Rachelside,NE,9,Ruiz Ltd Medical School,6.0,3.0,100.0,2.0,33.33333333333333,3,10,7,6.300000000000001,Silver,8.5,B (Grow - Bi-weekly),22.0
PH-1513,8925714025,Brian,Atkins,Internal Medicine,T-007,New Mario,VT,4,Patterson-Thompson Medical School,25.0,32.0,-21.875,11.0,44.0,6,3,9,6.0,Silver,6.0,B (Grow - Bi-weekly),24.0
PH-1514,6481638493,Katherine,Russell,General Practice,T-030,Lake Paulmouth,NY,31,Walker-Cortez Medical School,21.0,13.0,61.53846153846154,3.0,14.285714285714285,6,9,3,6.0,Silver,6.0,B (Grow - Bi-weekly),25.0
PH-1515,1012789695,Christopher,Drake,Pulmonology,T-021,North Katherine,SD,31,"Heath, Hernandez and Oneill Medical School",37.0,55.0,-32.72727272727273,4.0,10.81081081081081,7,2,3,4.300000000000001,Bronze,2.5,C (Retain - Monthly),42.0
PH-1516,7758670365,Robert,Williams,Internal Medicine,T-032,Lake Roberto,KS,2,Frazier-Lewis Medical School,2.0,0.0,0.0,0.0,0.0,2,6,2,3.2,Bronze,4.0,D (Monitor - Quarterly),54.0
PH-1517,9468963318,Charles,Mccarty,Family Practice,T-010,East Nathan,TX,2,Davis-Klein Medical School,7.0,2.0,250.0,4.0,57.14285714285714,3,10,10,7.2,Gold,10.0,B (Grow - Bi-weekly),8.0
PH-1518,731744577,Olivia,Thompson,Neurology,T-024,Zamorafurt,IA,17,Wallace-Edwards Medical School,1.0,7.0,-85.71428571428571,0.0,0.0,2,1,2,1.7000000000000002,Bronze,1.5,D (Monitor - Quarterly),55.0
PH-1519,898977475,Christina,Sutton,Endocrinology,T-016,West Mary,VT,39,Taylor-Gomez Medical School,46.0,63.0,-26.984126984126984,9.0,19.565217391304348,7,2,4,4.6000000000000005,Bronze,3.0,C (Retain - Monthly),24.0
PH-1520,3774037676,Angela,Campbell,Hospitalist,T-024,Monicatown,VI,1,Fisher-Gomez Medical School,2.0,5.0,-60.0,0.0,0.0,2,1,2,1.7000000000000002,Bronze,1.5,D (Monitor - Quarterly),56.0
PH-1521,4975341157,Katie,Pearson,Internal Medicine,T-021,North Christy,AR,4,Schneider Inc Medical School,28.0,40.0,-30.0,10.0,35.714285714285715,6,2,7,5.1000000000000005,Bronze,4.5,D (Monitor - Quarterly),34.0
PH-1522,9406565823,Julie,Bowen,Neurology,T-012,Johnmouth,SD,31,"Henderson, Sanchez and Mckay Medical School",6.0,1.0,500.0,4.0,66.66666666666666,3,10,10,7.2,Gold,10.0,B (Grow - Bi-weekly),7.0
PH-1523,3266000470,Melissa,Duncan,Family Practice,T-011,North Brianbury,GU,28,Richards-Molina Medical School,151.0,144.0,4.861111111111112,45.0,29.80132450331126,9,7,6,7.5,Gold,6.5,A (Protect - Weekly),11.0
PH-1524,5611998996,Martha,Chaney,Internal Medicine,T-028,New Cristianmouth,NY,7,Curry Group Medical School,315.0,370.0,-14.864864864864863,111.0,35.23809523809524,10,3,7,7.0,Gold,5.0,C (Retain - Monthly),15.0
PH-1525,4661447761,William,Duran,Internal Medicine,T-024,Dixontown,KY,4,"Murray, Silva and Ross Medical School",27.0,29.0,-6.896551724137931,13.0,48.14814814814815,6,4,9,6.300000000000001,Silver,6.5,B (Grow - Bi-weekly),20.0
PH-1526,6829052565,Tiffany,Willis,Cardiology,T-026,New Dawnland,KY,11,"Martin, Hall and Hall Medical School",14.0,11.0,27.27272727272727,6.0,42.85714285714285,5,8,8,6.800000000000001,Silver,8.0,B (Grow - Bi-weekly),25.0
PH-1527,2927640547,Erin,Hanson,General Practice,T-011,Thompsonberg,CA,3,Brown-Jones Medical School,5.0,6.0,-16.666666666666664,2.0,40.0,3,3,8,4.5,Bronze,5.5,D (Monitor - Quarterly),37.0
PH-1528,1866047473,Jason,Garza,Family Practice,T-027,West Shawnhaven,MA,2,Green LLC Medical School,2.0,0.0,0.0,0.0,0.0,2,6,2,3.2,Bronze,4.0,D (Monitor - Quarterly),38.0
PH-1529,4203594410,Sarah,Francis,Hematology,T-002,Lake Jeremy,NY,30,Brewer-Massey Medical School,7.0,3.0,133.33333333333331,3.0,42.85714285714285,3,10,8,6.6,Silver,9.0,B (Grow - Bi-weekly),22.0
PH-1530,1866477413,Christopher,Harris,Family Practice,T-028,Charlesborough,AL,25,Kelly LLC Medical School,41.0,52.0,-21.153846153846157,15.0,36.58536585365854,7,3,7,5.800000000000001,Silver,5.0,C (Retain - Monthly),31.0
PH-1531,3465815398,Kimberly,Diaz,Cardiology,T-010,Lake David,OH,40,"Murphy, Mcdowell and Roman Medical School",20.0,56.0,-64.28571428571429,8.0,40.0,5,1,8,4.699999999999999,Bronze,4.5,D (Monitor - Quarterly),38.0
PH-1532,984128655,Lindsey,Franco,Family Practice,T-037,South Stevenburgh,IL,16,"Harris, Nash and Matthews Medical School",348.0,325.0,7.076923076923077,110.0,31.60919540229885,10,7,6,7.899999999999999,Platinum,6.5,A (Protect - Weekly),7.0
PH-1533,4891800381,Lori,Cline,Internal Medicine,T-020,West David,PA,27,Collins and Sons Medical School,23.0,15.0,53.333333333333336,13.0,56.52173913043478,6,9,10,8.1,Platinum,9.5,B (Grow - Bi-weekly),2.0
PH-1534,1959730912,Bryan,Edwards,Rheumatology,T-034,Conwayport,CO,32,Phillips Group Medical School,49.0,37.0,32.432432432432435,19.0,38.775510204081634,8,8,8,8.0,Platinum,8.0,A (Protect - Weekly),7.0
PH-1535,1331555301,Malik,Williams,Family Practice,T-002,Port Kyletown,NV,12,Patel-Powers Medical School,22.0,27.0,-18.51851851851852,8.0,36.36363636363637,6,3,7,5.4,Bronze,5.0,D (Monitor - Quarterly),36.0
PH-1536,1096598455,Stephen,Figueroa,Family Practice,T-012,Youngport,MD,26,Wilson-Grant Medical School,20.0,32.0,-37.5,11.0,55.00000000000001,5,2,10,5.6,Bronze,6.0,B (Grow - Bi-weekly),25.0
PH-1537,2991269945,Eric,Butler,Cardiology,T-032,New Samanthaville,AK,34,Bonilla-Hardin Medical School,8.0,10.0,-20.0,6.0,75.0,3,3,10,5.1,Bronze,6.5,B (Grow - Bi-weekly),38.0
PH-1538,6691008224,Dennis,Singh,Geriatrics,T-039,Nicholschester,GU,2,"Buckley, Hernandez and Miller Medical School",5.0,29.0,-82.75862068965517,0.0,0.0,3,1,2,2.1,Bronze,1.5,D (Monitor - Quarterly),46.0
PH-1539,7562699620,Allison,Welch,Family Practice,T-036,Berryland,WA,24,Smith PLC Medical School,26.0,22.0,18.181818181818183,3.0,11.538461538461538,6,8,3,5.700000000000001,Bronze,5.5,D (Monitor - Quarterly),29.0
PH-1540,3257228703,Eric,Johnson,Family Practice,T-002,Durhamview,OH,31,Gilbert-Moss Medical School,42.0,62.0,-32.25806451612903,16.0,38.095238095238095,7,2,8,5.800000000000001,Silver,5.0,C (Retain - Monthly),32.0
PH-1541,4387129514,Matthew,Santana,Oncology,T-002,West Ericahaven,FM,29,"Johnson, Spears and Mcintyre Medical School",253.0,236.0,7.203389830508475,72.0,28.458498023715418,10,7,6,7.899999999999999,Platinum,6.5,A (Protect - Weekly),7.0
PH-1542,8606048022,Jose,Barnes,Oncology,T-037,Melaniefort,KS,28,Blevins-Ross Medical School,5.0,11.0,-54.54545454545454,3.0,60.0,3,1,10,4.5,Bronze,5.5,D (Monitor - Quarterly),38.0
PH-1543,9509041898,Mark,Myers,Internal Medicine,T-039,Jamesville,MH,24,Murphy-Randall Medical School,2.0,0.0,0.0,2.0,100.0,2,6,10,5.6,Bronze,8.0,B (Grow - Bi-weekly),22.0
PH-1544,6238878887,Jessica,James,Family Practice,T-014,Terrybury,CA,37,Price Inc Medical School,29.0,20.0,45.0,8.0,27.58620689655172,6,9,5,6.6,Silver,7.0,B (Grow - Bi-weekly),23.0
PH-1545,6229011386,Albert,Ramirez,Neurology,T-014,Elizabethmouth,MH,34,Molina PLC Medical School,35.0,16.0,118.75,9.0,25.71428571428571,7,10,5,7.300000000000001,Gold,7.5,A (Protect - Weekly),12.0
PH-1546,380351489,Lauren,Hubbard,Emergency Medicine,T-012,New Gary,VT,22,"Roberts, Jones and Dawson Medical School",2.0,7.0,-71.42857142857143,0.0,0.0,2,1,2,1.7000000000000002,Bronze,1.5,D (Monitor - Quarterly),44.0
PH-1547,1479053472,Ann,Chapman,Internal Medicine,T-036,Lake Robertborough,SC,36,Wilkins LLC Medical School,73.0,83.0,-12.048192771084338,29.0,39.72602739726028,8,3,8,6.5,Silver,5.5,C (Retain - Monthly),21.0
PH-1548,3267084886,Lisa,Rice,Gastroenterology,T-016,Davenportmouth,MS,36,"Guerrero, Watkins and Jackson Medical School",901.0,852.0,5.751173708920188,245.0,27.192008879023305,10,7,5,7.6,Gold,6.0,A (Protect - Weekly),5.0
PH-1549,8228280183,Eric,Brooks,Neurology,T-032,South Rachelhaven,MA,33,Nichols-Evans Medical School,288.0,288.0,0.0,71.0,24.65277777777778,10,6,5,7.3,Gold,5.5,C (Retain - Monthly),13.0
PH-1550,6767809645,Laurie,Robinson,Oncology,T-020,Jessicashire,MD,18,"Wells, Thomas and Hall Medical School",1.0,7.0,-85.71428571428571,1.0,100.0,2,1,10,4.1,Bronze,5.5,D (Monitor - Quarterly),45.0
PH-1551,3175559289,Tracy,Medina,Nephrology,T-023,Sanfordland,TX,32,Thornton LLC Medical School,137.0,126.0,8.73015873015873,34.0,24.817518248175183,9,7,5,7.2,Gold,6.0,A (Protect - Weekly),17.0
PH-1552,8626751199,Trevor,Scott,Rheumatology,T-016,West Christie,MI,5,Jones-Howard Medical School,41.0,55.0,-25.454545454545453,8.0,19.51219512195122,7,2,4,4.6000000000000005,Bronze,3.0,C (Retain - Monthly),25.0
PH-1553,6419678963,Savannah,Smith,Pulmonology,T-040,New Stephaniestad,WA,14,"Meyers, Brown and Rodriguez Medical School",14.0,14.0,0.0,1.0,7.142857142857142,5,6,3,4.699999999999999,Bronze,4.5,D (Monitor - Quarterly),37.0
PH-1554,3015972242,David,Campbell,Family Practice,T-014,West Kelsey,PA,6,Mendoza Group Medical School,38.0,27.0,40.74074074074074,20.0,52.63157894736842,7,9,9,8.2,Platinum,9.0,A (Protect - Weekly),4.0
PH-1555,8098460180,Joshua,Leon,Pulmonology,T-017,West Angela,CA,23,Harrell-Gonzales Medical School,95.0,112.0,-15.178571428571429,18.0,18.947368421052637,9,3,4,5.7,Bronze,3.5,C (Retain - Monthly),40.0
PH-1556,3586671554,Joseph,Gilmore,Nephrology,T-007,Johnberg,MH,32,Williams-Zamora Medical School,13.0,22.0,-40.909090909090914,5.0,38.46153846153847,4,2,8,4.6,Bronze,5.0,D (Monitor - Quarterly),35.0
PH-1557,7462720536,Sara,Phelps,Oncology,T-017,Claireland,CT,34,"Vazquez, Page and Nicholson Medical School",9.0,7.0,28.57142857142857,1.0,11.11111111111111,4,8,3,4.9,Bronze,5.5,D (Monitor - Quarterly),47.0
PH-1558,5672850215,Tara,Sharp,Internal Medicine,T-027,New John,AK,23,"Crawford, Peterson and Flores Medical School",21.0,30.0,-30.0,8.0,38.095238095238095,6,2,8,5.4,Bronze,5.0,D (Monitor - Quarterly),26.0
PH-1559,2126264395,Raymond,Davidson,Gastroenterology,T-014,Keithfurt,AL,15,Hoffman-Frank Medical School,30.0,28.0,7.142857142857142,14.0,46.66666666666666,6,7,9,7.199999999999999,Gold,8.0,B (Grow - Bi-weekly),15.0
PH-1560,751991981,Stephen,Brooks,Emergency Medicine,T-031,East Ashleyview,ME,35,Leon PLC Medical School,6.0,3.0,100.0,0.0,0.0,3,10,2,4.8,Bronze,6.0,B (Grow - Bi-weekly),33.0
PH-1561,2531649828,Katherine,Wolf,Family Practice,T-019,Elizabethfort,KY,23,Wallace-Bell Medical School,218.0,189.0,15.343915343915343,93.0,42.6605504587156,10,8,8,8.8,Platinum,8.0,A (Protect - Weekly),1.0
PH-1562,5907055494,Deborah,Erickson,Oncology,T-013,Jeffreychester,ND,20,Sandoval-Garcia Medical School,53.0,35.0,51.42857142857142,24.0,45.28301886792453,8,9,9,8.6,Platinum,9.0,A (Protect - Weekly),2.0
PH-1563,6922094907,Richard,Herring,Nephrology,T-009,West Michelle,MI,29,Ward Group Medical School,31.0,34.0,-8.823529411764707,8.0,25.806451612903224,6,4,5,5.1000000000000005,Bronze,4.5,D (Monitor - Quarterly),29.0
PH-1564,7100115477,Michele,Miranda,Cardiology,T-025,Johnland,GU,31,"Baker, Herrera and Anderson Medical School",1.0,2.0,-50.0,1.0,100.0,2,1,10,4.1,Bronze,5.5,D (Monitor - Quarterly),40.0
PH-1565,5578564135,Joseph,Burch,Family Practice,T-005,Parkerfurt,ND,27,Hutchinson-Brooks Medical School,37.0,42.0,-11.904761904761903,18.0,48.64864864864865,7,4,9,6.699999999999999,Silver,6.5,A (Protect - Weekly),14.0
PH-1566,3952328555,Angela,Flowers,Internal Medicine,T-001,Toddport,MP,20,Cox-Mason Medical School,3.0,3.0,0.0,3.0,100.0,2,6,10,5.6,Bronze,8.0,B (Grow - Bi-weekly),37.0
PH-1567,6602841362,John,Harmon,Internal Medicine,T-032,Scottport,AK,11,Garcia-Morales Medical School,3.0,1.0,200.0,0.0,0.0,2,10,2,4.4,Bronze,6.0,B (Grow - Bi-weekly),47.0
PH-1568,9714797341,Angela,Reeves,Oncology,T-024,Virginiahaven,VT,11,Porter LLC Medical School,21.0,22.0,-4.545454545454546,1.0,4.761904761904762,6,4,3,4.5,Bronze,3.5,D (Monitor - Quarterly),40.0
PH-1569,5601703961,Andrew,Stevens,Endocrinology,T-026,Lake Meghanville,NV,16,"Johnson, Reyes and Armstrong Medical School",15.0,13.0,15.384615384615383,0.0,0.0,5,8,2,5.0,Bronze,5.0,D (Monitor - Quarterly),41.0
PH-1570,4907869285,Lee,Garcia,General Practice,T-003,North Kara,MN,1,"Cochran, Young and Dunn Medical School",19.0,33.0,-42.42424242424242,1.0,5.263157894736842,5,1,3,3.2,Bronze,2.0,D (Monitor - Quarterly),41.0
PH-1571,9676353673,Micheal,Nunez,Family Practice,T-001,Jacquelinechester,AZ,17,Brown-Anderson Medical School,0.0,0.0,0.0,0.0,0.0,1,6,2,2.8,Bronze,4.0,D (Monitor - Quarterly),52.0
PH-1572,8834133513,Cheryl,Jones,Family Practice,T-020,North Cassandra,PW,6,Martin-Reid Medical School,19.0,17.0,11.76470588235294,2.0,10.526315789473683,5,7,3,5.0,Bronze,5.0,D (Monitor - Quarterly),37.0
PH-1573,9366357967,Kayla,Wilkerson,Nephrology,T-033,Abigailtown,ID,3,"Saunders, Mcpherson and Contreras Medical School",7.0,2.0,250.0,0.0,0.0,3,10,2,4.8,Bronze,6.0,B (Grow - Bi-weekly),36.0
PH-1574,735658260,William,Mccann,Rheumatology,T-005,Howardchester,IA,27,"Ruiz, Garza and Baker Medical School",1094.0,976.0,12.09016393442623,296.0,27.056672760511884,10,7,5,7.6,Gold,6.0,A (Protect - Weekly),7.0
PH-1575,1288669112,Emily,Krueger,Cardiology,T-020,North Joseph,TN,20,Morris and Sons Medical School,42.0,35.0,20.0,14.0,33.33333333333333,7,8,7,7.300000000000001,Gold,7.5,A (Protect - Weekly),9.0
PH-1576,6119789259,Michelle,Long,Rheumatology,T-004,Shannonview,SC,19,"Nelson, Melendez and Graves Medical School",33.0,55.0,-40.0,8.0,24.24242424242424,7,2,5,4.9,Bronze,3.5,C (Retain - Monthly),35.0
PH-1577,2554411818,Elizabeth,Duran,Rheumatology,T-013,Christopherfurt,PW,13,Lopez-Burch Medical School,5.0,13.0,-61.53846153846154,2.0,40.0,3,1,8,3.9,Bronze,4.5,D (Monitor - Quarterly),52.0
PH-1578,5203881937,Mary,Bowen,Cardiology,T-022,Kimberlyside,WI,28,Atkins-Crosby Medical School,0.0,0.0,0.0,0.0,0.0,1,6,2,2.8,Bronze,4.0,D (Monitor - Quarterly),44.0
PH-1579,4622014833,John,Adams,Family Practice,T-022,North Danielmouth,GA,19,"Clark, Price and Gonzalez Medical School",808.0,713.0,13.32398316970547,275.0,34.03465346534654,10,7,7,8.2,Platinum,7.0,A (Protect - Weekly),2.0
PH-1580,8764770906,Doris,Webb,Internal Medicine,T-008,New Johnmouth,MS,26,Yang LLC Medical School,13.0,12.0,8.333333333333332,11.0,84.61538461538461,4,7,10,6.7,Silver,8.5,B (Grow - Bi-weekly),24.0
PH-1581,767162172,Bobby,Gardner,Cardiology,T-026,Hoffmanport,CT,23,"Price, Andrews and Williams Medical School",10.0,34.0,-70.58823529411765,5.0,50.0,4,1,9,4.6,Bronze,5.0,D (Monitor - Quarterly),45.0
PH-1582,2645649674,Daniel,Salazar,Nephrology,T-028,Johnsonbury,PA,9,"Smith, Mueller and Wright Medical School",38.0,36.0,5.555555555555555,10.0,26.31578947368421,7,7,5,6.4,Silver,6.0,A (Protect - Weekly),24.0
PH-1583,9097034251,Janet,Carlson,Cardiology,T-019,North Andreastad,OH,39,"Garcia, Sanders and Gardner Medical School",0.0,0.0,0.0,0.0,0.0,1,6,2,2.8,Bronze,4.0,D (Monitor - Quarterly),55.0
PH-1584,9670742153,Carl,Wright,General Practice,T-015,Chandlermouth,GA,31,Flynn-Taylor Medical School,78.0,81.0,-3.7037037037037033,14.0,17.94871794871795,8,4,4,5.6000000000000005,Bronze,4.0,C (Retain - Monthly),32.0
PH-1585,1690887548,Alex,Hancock,Cardiology,T-011,East Kendra,MN,26,"Hall, Gordon and Evans Medical School",47.0,28.0,67.85714285714286,21.0,44.680851063829785,7,9,9,8.2,Platinum,9.0,A (Protect - Weekly),5.0
PH-1586,9106573517,Larry,Hull,Internal Medicine,T-011,Berrystad,DE,38,Liu Ltd Medical School,8.0,10.0,-20.0,2.0,25.0,3,3,5,3.6,Bronze,4.0,D (Monitor - Quarterly),39.0
PH-1587,1401283319,Mark,Palmer,Endocrinology,T-019,Knighttown,IN,6,Morton-Huffman Medical School,0.0,0.0,0.0,0.0,0.0,1,6,2,2.8,Bronze,4.0,D (Monitor - Quarterly),56.0
PH-1588,7177170305,Robert,Hayes,Internal Medicine,T-038,New Kevinberg,KS,28,"Reyes, Rivera and Richmond Medical School",6.0,3.0,100.0,0.0,0.0,3,10,2,4.8,Bronze,6.0,B (Grow - Bi-weekly),32.0
PH-1589,4838953376,Angelica,Wilson,Emergency Medicine,T-040,Gallagherfurt,NH,8,Glenn-Graham Medical School,163.0,138.0,18.115942028985508,57.0,34.96932515337423,9,8,7,8.1,Platinum,7.5,A (Protect - Weekly),7.0
PH-1590,64345973,Megan,Fowler,Nephrology,T-007,Wolfton,IN,11,Thompson PLC Medical School,30.0,59.0,-49.15254237288136,4.0,13.333333333333334,6,1,3,3.6,Bronze,2.0,D (Monitor - Quarterly),41.0
PH-1591,6757451048,Juan,Ferguson,Emergency Medicine,T-004,New Kevinmouth,VA,25,Anthony PLC Medical School,9.0,3.0,200.0,0.0,0.0,4,10,2,5.199999999999999,Bronze,6.0,B (Grow - Bi-weekly),33.0
PH-1592,1560542707,Brooke,Allison,Gastroenterology,T-038,Lisaport,AS,12,Gutierrez-Wilson Medical School,0.0,0.0,0.0,0.0,0.0,1,6,2,2.8,Bronze,4.0,D (Monitor - Quarterly),46.0
PH-1593,1079764754,Emily,Bell,Family Practice,T-037,Stevenhaven,OK,24,Hernandez-Hughes Medical School,56.0,49.0,14.285714285714285,25.0,44.642857142857146,8,7,9,8.0,Platinum,8.0,A (Protect - Weekly),5.0
PH-1594,9348540390,Chelsea,Scott,Emergency Medicine,T-013,Ricestad,WA,25,Smith-Hamilton Medical School,25.0,34.0,-26.47058823529412,7.0,28.000000000000004,6,2,5,4.5,Bronze,3.5,D (Monitor - Quarterly),44.0
PH-1595,9926138268,Thomas,Weber,Oncology,T-004,Waremouth,NV,11,"Brooks, Williams and Pena Medical School",17.0,9.0,88.88888888888889,2.0,11.76470588235294,5,10,3,5.9,Silver,6.5,B (Grow - Bi-weekly),28.0
PH-1596,9962637792,Natasha,Morton,Hospitalist,T-007,Jonesland,AR,11,Malone-Mcneil Medical School,10.0,12.0,-16.666666666666664,4.0,40.0,4,3,8,4.9,Bronze,5.5,D (Monitor - Quarterly),33.0
PH-1597,1289622068,Tammy,Delgado,Family Practice,T-023,West James,IN,23,Cohen and Sons Medical School,6.0,10.0,-40.0,2.0,33.33333333333333,3,2,7,3.9,Bronze,4.5,D (Monitor - Quarterly),62.0
PH-1598,239934460,Kristin,Olsen,Internal Medicine,T-026,Port Melaniefurt,OK,25,Zimmerman-Frazier Medical School,51.0,41.0,24.390243902439025,15.0,29.411764705882355,8,8,6,7.399999999999999,Gold,7.0,A (Protect - Weekly),16.0
PH-1599,695235786,Marcus,Taylor,Cardiology,T-019,Christopherhaven,MA,33,Olson Inc Medical School,696.0,786.0,-11.450381679389311,262.0,37.64367816091954,10,4,8,7.6,Gold,6.0,A (Protect - Weekly),15.0
PH-1600,644885487,Kimberly,Peterson,Endocrinology,T-014,North Suzannehaven,WY,35,Scott LLC Medical School,2.0,5.0,-60.0,0.0,0.0,2,1,2,1.7000000000000002,Bronze,1.5,D (Monitor - Quarterly),41.0
PH-1601,5428053764,Tara,Diaz,Pulmonology,T-017,South Angelachester,OH,3,"Walsh, Griffin and Sanders Medical School",34.0,27.0,25.925925925925924,2.0,5.88235294117647,7,8,3,6.1,Silver,5.5,C (Retain - Monthly),37.0
PH-1602,2039221317,Austin,Lam,Family Practice,T-030,Annchester,IL,29,"Rowe, Stanley and Fernandez Medical School",20.0,19.0,5.263157894736842,12.0,60.0,5,7,10,7.1,Gold,8.5,B (Grow - Bi-weekly),13.0
PH-1603,7987287314,Laurie,Shaffer,Geriatrics,T-025,Lauraburgh,OK,38,Wells Ltd Medical School,10.0,21.0,-52.38095238095239,0.0,0.0,4,1,2,2.5,Bronze,1.5,D (Monitor - Quarterly),45.0
PH-1604,9644160332,Amber,Hunter,Family Practice,T-038,Smithmouth,CO,23,"Williams, Rose and Collins Medical School",2.0,15.0,-86.66666666666667,0.0,0.0,2,1,2,1.7000000000000002,Bronze,1.5,D (Monitor - Quarterly),55.0
PH-1605,1202201754,Michael,Nelson,Family Practice,T-007,Hillfort,RI,22,Barrett Ltd Medical School,101.0,100.0,1.0,40.0,39.6039603960396,9,6,8,7.800000000000001,Platinum,7.0,A (Protect - Weekly),4.0
PH-1606,1046627501,Michael,Sullivan,Internal Medicine,T-010,Kingburgh,GU,10,Hall Ltd Medical School,34.0,18.0,88.88888888888889,15.0,44.11764705882353,7,10,9,8.5,Platinum,9.5,A (Protect - Weekly),2.0
PH-1607,6078548330,Ashley,Watson,Internal Medicine,T-038,Thomasbury,UT,27,"Robinson, Nichols and Newman Medical School",21.0,33.0,-36.36363636363637,11.0,52.38095238095239,6,2,9,5.7,Bronze,5.5,D (Monitor - Quarterly),21.0
PH-1608,6014579232,Richard,Jones,Family Practice,T-001,Vincentville,RI,34,"Stevens, Davis and Williams Medical School",8.0,11.0,-27.27272727272727,1.0,12.5,3,2,3,2.7,Bronze,2.5,D (Monitor - Quarterly),53.0
PH-1609,1967972092,Michael,Duncan,Cardiology,T-004,North Melindaberg,OH,26,"Le, Martinez and Perez Medical School",3.0,10.0,-70.0,2.0,66.66666666666666,2,1,10,4.1,Bronze,5.5,D (Monitor - Quarterly),44.0
PH-1610,2970493795,William,Watkins,Internal Medicine,T-007,West Amandastad,PW,30,Cochran-Jones Medical School,3.0,2.0,50.0,0.0,0.0,2,9,2,4.1,Bronze,5.5,D (Monitor - Quarterly),39.0
PH-1611,3971492075,Maria,Stevens,Family Practice,T-035,Port Sylviaburgh,ME,8,"Cochran, Serrano and Aguilar Medical School",57.0,62.0,-8.064516129032258,22.0,38.59649122807017,8,4,8,6.800000000000001,Silver,6.0,A (Protect - Weekly),16.0
PH-1612,2625918831,Gregory,Delgado,Family Practice,T-019,Lunabury,WV,36,"Hamilton, Clarke and Castillo Medical School",6.0,7.0,-14.285714285714285,0.0,0.0,3,3,2,2.7,Bronze,2.5,D (Monitor - Quarterly),57.0
PH-1613,4434354978,Tyler,Munoz,Endocrinology,T-027,Coxville,MA,32,Goodwin-York Medical School,40.0,44.0,-9.090909090909092,12.0,30.0,7,4,6,5.8,Bronze,5.0,C (Retain - Monthly),20.0
PH-1614,3802990348,Deborah,Davidson,Emergency Medicine,T-018,West Thomas,VI,28,Woodward-Sims Medical School,9.0,13.0,-30.76923076923077,1.0,11.11111111111111,4,2,3,3.1,Bronze,2.5,D (Monitor - Quarterly),43.0
PH-1615,940916573,Timothy,Anderson,Internal Medicine,T-016,South Patrick,WI,35,"Whitaker, Martinez and Green Medical School",25.0,14.0,78.57142857142857,8.0,32.0,6,10,6,7.2,Gold,8.0,B (Grow - Bi-weekly),9.0
PH-1616,2036930914,Sandra,Soto,Internal Medicine,T-031,North Erikaberg,NH,4,Rodriguez Ltd Medical School,20.0,25.0,-20.0,7.0,35.0,5,3,7,5.0,Bronze,5.0,D (Monitor - Quarterly),30.0
PH-1617,1722641475,Robert,Booker,Neurology,T-039,North Cynthiahaven,KY,26,Hull and Sons Medical School,6.0,20.0,-70.0,5.0,83.33333333333334,3,1,10,4.5,Bronze,5.5,D (Monitor - Quarterly),32.0
PH-1618,3598474229,Amber,Allen,Family Practice,T-004,Christinachester,PW,30,"Olson, Woods and Villa Medical School",3.0,1.0,200.0,0.0,0.0,2,10,2,4.4,Bronze,6.0,B (Grow - Bi-weekly),41.0
PH-1619,5390226247,Jessica,Young,Cardiology,T-011,Alexborough,FL,2,"Hart, Andrews and Warner Medical School",9.0,15.0,-40.0,5.0,55.55555555555556,4,2,10,5.2,Bronze,6.0,B (Grow - Bi-weekly),32.0
PH-1620,647614427,Wesley,Wright,Neurology,T-030,Louiston,VT,36,Thompson-Wright Medical School,41.0,41.0,0.0,10.0,24.390243902439025,7,6,5,6.1,Silver,5.5,C (Retain - Monthly),23.0
PH-1621,6979206754,Sophia,Walker,Hematology,T-007,West Stephanie,TX,1,"Ross, Smith and Flores Medical School",51.0,24.0,112.5,9.0,17.647058823529413,8,10,3,7.1,Gold,6.5,A (Protect - Weekly),10.0
PH-1622,3925287835,Stephen,Wright,Family Practice,T-026,East Johnfort,IN,23,Peterson-Soto Medical School,7.0,11.0,-36.36363636363637,0.0,0.0,3,2,2,2.4000000000000004,Bronze,2.0,D (Monitor - Quarterly),53.0
PH-1623,3023641224,Katherine,Mahoney,Family Practice,T-006,Lake Ashleystad,ID,6,"Fuentes, Moore and Allen Medical School",16.0,29.0,-44.82758620689656,7.0,43.75,5,1,9,5.0,Bronze,5.0,D (Monitor - Quarterly),36.0
PH-1624,5051602325,Cody,Johnson,Neurology,T-024,West Staceymouth,ND,22,Brown-Matthews Medical School,7.0,1.0,600.0,3.0,42.85714285714285,3,10,8,6.6,Silver,9.0,B (Grow - Bi-weekly),15.0
PH-1625,4042245641,Christian,Oliver,Family Practice,T-018,Lisaland,DC,31,Hall-Owen Medical School,12.0,6.0,100.0,6.0,50.0,4,10,9,7.299999999999999,Gold,9.5,B (Grow - Bi-weekly),8.0
PH-1626,781913505,Jennifer,Walker,General Practice,T-030,Cherylview,WV,33,Jensen Group Medical School,0.0,0.0,0.0,0.0,0.0,1,6,2,2.8,Bronze,4.0,D (Monitor - Quarterly),47.0
PH-1627,1575571663,Glenn,Robertson,Internal Medicine,T-012,West Robert,AK,30,Martinez-Jenkins Medical School,194.0,188.0,3.191489361702128,72.0,37.11340206185567,10,7,7,8.2,Platinum,7.0,A (Protect - Weekly),2.0
PH-1628,1856352007,Ryan,Jones,Cardiology,T-009,West Ericmouth,PA,21,"Keller, Mason and Howard Medical School",11.0,6.0,83.33333333333334,3.0,27.27272727272727,4,10,5,6.1,Silver,7.5,B (Grow - Bi-weekly),21.0
PH-1629,6977143360,Robin,Wagner,Cardiology,T-029,North Bradleyport,WV,33,Oconnor-Atkinson Medical School,8.0,6.0,33.33333333333333,4.0,50.0,3,9,9,6.6,Silver,9.0,B (Grow - Bi-weekly),27.0
PH-1630,3927888818,Brittney,Johnson,Nephrology,T-015,Douglasfurt,IA,2,"Mills, Russell and Romero Medical School",4.0,11.0,-63.63636363636363,1.0,25.0,2,1,5,2.6,Bronze,3.0,D (Monitor - Quarterly),49.0
PH-1631,8518569050,Donna,Reyes,Neurology,T-018,Blakeside,WV,3,James and Sons Medical School,1.0,3.0,-66.66666666666666,0.0,0.0,2,1,2,1.7000000000000002,Bronze,1.5,D (Monitor - Quarterly),54.0
PH-1632,8007272081,Emily,Acevedo,Internal Medicine,T-018,Sethborough,NH,38,Bell LLC Medical School,30.0,51.0,-41.17647058823529,13.0,43.333333333333336,6,2,8,5.4,Bronze,5.0,D (Monitor - Quarterly),31.0
PH-1633,783083069,Scott,Wilkerson,Internal Medicine,T-033,Dakotaview,MI,31,Lawson-Harris Medical School,2.0,1.0,100.0,0.0,0.0,2,10,2,4.4,Bronze,6.0,B (Grow - Bi-weekly),38.0
PH-1634,7146749066,Alison,Cummings,Oncology,T-004,Watsonside,MA,18,Barry-Miller Medical School,3.0,4.0,-25.0,3.0,100.0,2,3,10,4.7,Bronze,6.5,B (Grow - Bi-weekly),38.0
PH-1635,4560595634,John,Christensen,Internal Medicine,T-034,Lake Dianaborough,OR,29,Smith Inc Medical School,39.0,45.0,-13.333333333333334,14.0,35.8974358974359,7,3,7,5.800000000000001,Silver,5.0,C (Retain - Monthly),34.0
PH-1636,2585653377,Timothy,Allen,Cardiology,T-002,North Nicholas,UT,6,"Castillo, Vargas and Martin Medical School",10.0,17.0,-41.17647058823529,3.0,30.0,4,2,6,4.0,Bronze,4.0,D (Monitor - Quarterly),52.0
PH-1637,6154872012,Jose,Brown,Family Practice,T-021,Stephanieport,MA,16,Johnson-Brown Medical School,44.0,79.0,-44.303797468354425,10.0,22.727272727272727,7,1,4,4.3,Bronze,2.5,C (Retain - Monthly),43.0
PH-1638,5490809983,Ashley,Crawford,Geriatrics,T-039,Younghaven,NJ,28,Collins Inc Medical School,20.0,29.0,-31.03448275862069,7.0,35.0,5,2,7,4.7,Bronze,4.5,D (Monitor - Quarterly),30.0
PH-1639,6303438300,Anthony,Miller,Family Practice,T-009,West Eric,ME,22,"Giles, Odom and Vasquez Medical School",6.0,12.0,-50.0,2.0,33.33333333333333,3,1,7,3.6000000000000005,Bronze,4.0,D (Monitor - Quarterly),43.0
PH-1640,4179965466,Elijah,Harvey,Cardiology,T-023,West Cory,PA,5,Moore-Rogers Medical School,38.0,68.0,-44.11764705882353,18.0,47.368421052631575,7,1,9,5.8,Bronze,5.0,C (Retain - Monthly),35.0
PH-1641,7560022302,Jeffrey,Finley,Hematology,T-032,West Patrickmouth,NV,10,Lopez Inc Medical School,3.0,1.0,200.0,3.0,100.0,2,10,10,6.8,Silver,10.0,B (Grow - Bi-weekly),20.0
PH-1642,5890418280,Matthew,Gutierrez,Endocrinology,T-015,Williamsside,AS,7,Horn and Sons Medical School,27.0,20.0,35.0,1.0,3.7037037037037033,6,9,3,6.0,Silver,6.0,B (Grow - Bi-weekly),29.0
PH-1643,9278844790,Brandy,James,Family Practice,T-003,South Christopher,DC,19,Myers-Morris Medical School,28.0,14.0,100.0,13.0,46.42857142857143,6,10,9,8.1,Platinum,9.5,B (Grow - Bi-weekly),5.0
PH-1644,8444202248,Edward,Herrera,Rheumatology,T-029,Leeland,IA,15,Young-Jones Medical School,1.0,13.0,-92.3076923076923,0.0,0.0,2,1,2,1.7000000000000002,Bronze,1.5,D (Monitor - Quarterly),54.0
PH-1645,5031180266,Crystal,Burnett,Nephrology,T-012,Kristinbury,TN,38,"Ortiz, Reyes and Johnson Medical School",47.0,22.0,113.63636363636364,17.0,36.17021276595745,7,10,7,7.9,Platinum,8.5,A (Protect - Weekly),4.0
PH-1646,7189119925,Melanie,Gray,Endocrinology,T-019,West Jessica,MT,3,"Arnold, Waters and Roberts Medical School",132.0,103.0,28.155339805825243,46.0,34.84848484848485,9,8,7,8.1,Platinum,7.5,A (Protect - Weekly),8.0
PH-1647,341413181,Daniel,Hodge,Family Practice,T-020,West Alecmouth,PW,4,Terry and Sons Medical School,11271.0,11064.0,1.8709327548806944,3855.0,34.20282140005323,10,6,7,7.9,Platinum,6.5,A (Protect - Weekly),4.0
PH-1648,2517904470,Wayne,Gutierrez,Cardiology,T-003,Laurafurt,NH,8,Phillips PLC Medical School,54.0,43.0,25.58139534883721,23.0,42.5925925925926,8,8,8,8.0,Platinum,8.0,A (Protect - Weekly),6.0
PH-1649,7831031456,Joseph,Wells,Nephrology,T-013,South Mark,NJ,3,"Adams, Brown and Swanson Medical School",14.0,12.0,16.666666666666664,5.0,35.714285714285715,5,8,7,6.5,Silver,7.5,B (Grow - Bi-weekly),19.0
PH-1650,337449998,Shannon,Munoz,Geriatrics,T-014,East Charlene,VT,13,Long PLC Medical School,2.0,6.0,-66.66666666666666,0.0,0.0,2,1,2,1.7000000000000002,Bronze,1.5,D (Monitor - Quarterly),42.0
PH-1651,4126410603,Gary,Blake,Cardiology,T-007,Bellland,UT,15,"Hawkins, Bailey and Schaefer Medical School",8.0,11.0,-27.27272727272727,3.0,37.5,3,2,8,4.2,Bronze,5.0,D (Monitor - Quarterly),37.0
PH-1652,6310108965,Kenneth,Buchanan,Hematology,T-034,West Jeremiah,AZ,22,Galvan-Smith Medical School,15.0,27.0,-44.44444444444444,3.0,20.0,5,1,4,3.5,Bronze,2.5,D (Monitor - Quarterly),51.0
PH-1653,4748679486,Kimberly,Fields,Endocrinology,T-037,Williamhaven,CA,1,Smith-Banks Medical School,11.0,11.0,0.0,0.0,0.0,4,6,2,4.0,Bronze,4.0,D (Monitor - Quarterly),42.0
PH-1654,6100770177,Stephanie,Hubbard,Family Practice,T-016,Lake Timothy,OK,8,Larson-Lamb Medical School,243.0,227.0,7.048458149779736,105.0,43.20987654320987,10,7,8,8.5,Platinum,7.5,A (Protect - Weekly),2.0
PH-1655,781117196,Marilyn,Haney,Internal Medicine,T-025,Christinaburgh,CO,12,Mitchell-Miller Medical School,12.0,18.0,-33.33333333333333,8.0,66.66666666666666,4,2,10,5.2,Bronze,6.0,B (Grow - Bi-weekly),30.0
PH-1656,5596743338,Kevin,Cunningham,General Practice,T-026,Mercermouth,MN,14,Perez Inc Medical School,8.0,10.0,-20.0,5.0,62.5,3,3,10,5.1,Bronze,6.5,B (Grow - Bi-weekly),40.0
PH-1657,7033530049,Heather,Richards,Internal Medicine,T-023,South Courtney,MI,6,Ball Ltd Medical School,9.0,22.0,-59.09090909090909,3.0,33.33333333333333,4,1,7,4.0,Bronze,4.0,D (Monitor - Quarterly),61.0
PH-1658,1977317394,Kathryn,Benson,Pulmonology,T-025,West William,VT,18,"Hernandez, Hull and Mcguire Medical School",95.0,94.0,1.0638297872340423,15.0,15.789473684210526,9,6,3,6.300000000000001,Silver,4.5,C (Retain - Monthly),18.0
PH-1659,8586539276,Angela,Beck,Emergency Medicine,T-014,Jacquelinebury,KY,28,"Gonzalez, Martinez and Hubbard Medical School",32.0,51.0,-37.25490196078432,3.0,9.375,7,2,3,4.300000000000001,Bronze,2.5,C (Retain - Monthly),26.0
PH-1660,9670605581,Tim,Perez,Cardiology,T-028,Stevenberg,DE,27,"Martinez, Taylor and Johnson Medical School",51.0,40.0,27.500000000000004,19.0,37.25490196078432,8,8,7,7.699999999999999,Gold,7.5,A (Protect - Weekly),9.0
PH-1661,9893546463,Lori,Nichols,Hematology,T-009,Smithport,TN,40,"Brewer, Ward and Smith Medical School",6.0,14.0,-57.14285714285714,3.0,50.0,3,1,9,4.2,Bronze,5.0,D (Monitor - Quarterly),41.0
PH-1662,3934271866,Stephanie,Aguilar,Pulmonology,T-028,West Marco,PA,33,"Brown, Johnson and Bradshaw Medical School",84.0,84.0,0.0,18.0,21.428571428571427,9,6,4,6.6000000000000005,Silver,5.0,C (Retain - Monthly),19.0
PH-1663,6000110156,Charles,Jones,Cardiology,T-034,Leeview,WY,3,Faulkner-Burgess Medical School,2.0,0.0,0.0,0.0,0.0,2,6,2,3.2,Bronze,4.0,D (Monitor - Quarterly),54.0
PH-1664,8121300882,Diana,Lee,Hospitalist,T-006,Elizabethfurt,MP,16,"Weber, Duran and Parks Medical School",114.0,112.0,1.7857142857142856,18.0,15.789473684210526,9,6,3,6.300000000000001,Silver,4.5,C (Retain - Monthly),23.0
PH-1665,8672331044,Allison,Snyder,Hospitalist,T-039,Frybury,SC,30,Chase-Mcmillan Medical School,19.0,16.0,18.75,4.0,21.052631578947366,5,8,4,5.6000000000000005,Bronze,6.0,B (Grow - Bi-weekly),21.0
PH-1666,5619221882,Natasha,Smith,Family Practice,T-005,Port Christopher,VA,25,Short-Martinez Medical School,26.0,11.0,136.36363636363637,18.0,69.23076923076923,6,10,10,8.4,Platinum,10.0,B (Grow - Bi-weekly),3.0
PH-1667,6130236416,Cathy,Henderson,Cardiology,T-018,West Robin,RI,18,"Jones, Abbott and Hamilton Medical School",32.0,24.0,33.33333333333333,15.0,46.875,7,9,9,8.2,Platinum,9.0,A (Protect - Weekly),3.0
PH-1668,323919325,Donald,Yoder,Pulmonology,T-012,Lake Linda,AS,13,Buck-Thompson Medical School,40.0,37.0,8.108108108108109,7.0,17.5,7,7,3,5.800000000000001,Silver,5.0,C (Retain - Monthly),22.0
PH-1669,9379499952,Sharon,Edwards,Internal Medicine,T-011,Gillview,ME,19,"Meyer, Wolf and Wright Medical School",0.0,0.0,0.0,0.0,0.0,1,6,2,2.8,Bronze,4.0,D (Monitor - Quarterly),41.0
PH-1670,6868111433,Brandon,Scott,General Practice,T-026,West Annafort,CO,14,Stewart-Bailey Medical School,121.0,113.0,7.079646017699115,18.0,14.87603305785124,9,7,3,6.6,Silver,5.0,C (Retain - Monthly),28.0
PH-1671,627879025,Barbara,Watts,Oncology,T-024,Lake Jessicafurt,IA,1,Jackson-Gutierrez Medical School,13.0,16.0,-18.75,6.0,46.15384615384615,4,3,9,5.199999999999999,Bronze,6.0,B (Grow - Bi-weekly),32.0
PH-1672,6603235841,Amanda,Smith,Family Practice,T-022,Melvinshire,OK,23,Mcdonald-Perez Medical School,15.0,12.0,25.0,1.0,6.666666666666667,5,8,3,5.300000000000001,Bronze,5.5,D (Monitor - Quarterly),33.0
PH-1673,7939579551,Anne,Schneider,Cardiology,T-019,West Jennifer,KY,18,"Miller, Brown and Leonard Medical School",4.0,4.0,0.0,2.0,50.0,2,6,9,5.299999999999999,Bronze,7.5,B (Grow - Bi-weekly),40.0
PH-1674,6703862567,Michelle,Garcia,Oncology,T-028,West Stacy,LA,28,"Horn, Harris and Johnson Medical School",14.0,20.0,-30.0,4.0,28.57142857142857,5,2,6,4.4,Bronze,4.0,D (Monitor - Quarterly),41.0
PH-1675,805630829,Tamara,Fuller,Rheumatology,T-033,New Steven,PW,19,Lloyd Inc Medical School,18.0,28.0,-35.714285714285715,7.0,38.88888888888889,5,2,8,5.0,Bronze,5.0,D (Monitor - Quarterly),33.0
PH-1676,7883127365,Kathryn,Roberts,Endocrinology,T-037,Edwardtown,NJ,26,Smith PLC Medical School,17.0,9.0,88.88888888888889,5.0,29.411764705882355,5,10,6,6.8,Silver,8.0,B (Grow - Bi-weekly),19.0
PH-1677,7084287416,Evelyn,Moore,Emergency Medicine,T-035,Gillborough,SC,40,Nguyen-Moore Medical School,55.0,31.0,77.41935483870968,13.0,23.63636363636364,8,9,4,7.1000000000000005,Gold,6.5,A (Protect - Weekly),11.0
PH-1678,5551005108,Danny,Torres,Endocrinology,T-013,Jenniferberg,NE,23,Clark Inc Medical School,20.0,8.0,150.0,1.0,5.0,5,10,3,5.9,Silver,6.5,B (Grow - Bi-weekly),26.0
PH-1679,360722350,Eric,Pena,Nephrology,T-022,North Janice,ID,16,"Nelson, Thomas and Fuentes Medical School",386.0,403.0,-4.218362282878412,103.0,26.6839378238342,10,4,5,6.7,Silver,4.5,C (Retain - Monthly),19.0
PH-1680,4375391692,Melissa,Castro,Neurology,T-035,Port Robertfurt,IN,8,Henderson Group Medical School,33.0,20.0,65.0,3.0,9.090909090909092,7,9,3,6.4,Silver,6.0,A (Protect - Weekly),22.0
PH-1681,9687403304,Nathaniel,Browning,Internal Medicine,T-022,North Perrychester,MO,21,Carpenter-Smith Medical School,89.0,88.0,1.1363636363636365,25.0,28.08988764044944,9,6,6,7.2,Gold,6.0,A (Protect - Weekly),8.0
PH-1682,8445801517,Richard,Thomas,Family Practice,T-021,Greerburgh,NC,25,Willis LLC Medical School,4.0,0.0,0.0,0.0,0.0,2,6,2,3.2,Bronze,4.0,D (Monitor - Quarterly),47.0
PH-1683,1150509699,Tiffany,Perry,Family Practice,T-006,North Mark,GA,23,"Rivera, Moore and Sanchez Medical School",18.0,16.0,12.5,12.0,66.66666666666666,5,7,10,7.1,Gold,8.5,B (Grow - Bi-weekly),13.0
PH-1684,2280588377,Cynthia,Young,Internal Medicine,T-023,Jodyport,NM,23,Thompson-Morgan Medical School,11.0,17.0,-35.294117647058826,4.0,36.36363636363637,4,2,7,4.300000000000001,Bronze,4.5,D (Monitor - Quarterly),55.0
PH-1685,3950111525,Luis,Jennings,Nephrology,T-013,South Sean,ND,18,"Medina, Morales and Walker Medical School",29.0,22.0,31.818181818181817,8.0,27.58620689655172,6,8,5,6.300000000000001,Silver,6.5,B (Grow - Bi-weekly),23.0
PH-1686,7489030458,Patricia,Romero,Nephrology,T-033,Wilsonside,NE,21,Lloyd LLC Medical School,122.0,97.0,25.773195876288657,15.0,12.295081967213116,9,8,3,6.9,Silver,5.5,C (Retain - Monthly),14.0
PH-1687,2293554592,Brandon,Doyle,Family Practice,T-023,Annamouth,MD,27,Crawford-Lawson Medical School,4.0,0.0,0.0,0.0,0.0,2,6,2,3.2,Bronze,4.0,D (Monitor - Quarterly),63.0
PH-1688,1137983045,Taylor,Mata,Nephrology,T-018,Sawyermouth,WI,24,"Garcia, Osborn and Smith Medical School",0.0,0.0,0.0,0.0,0.0,1,6,2,2.8,Bronze,4.0,D (Monitor - Quarterly),45.0
PH-1689,9589701522,Darren,Harris,Rheumatology,T-040,Fletcherfurt,AR,7,Sexton and Sons Medical School,101.0,92.0,9.782608695652174,19.0,18.81188118811881,9,7,4,6.9,Silver,5.5,C (Retain - Monthly),19.0
PH-1690,4761289899,Jennifer,Smith,Hematology,T-020,Campbellville,WA,27,Adkins Ltd Medical School,2.0,8.0,-75.0,2.0,100.0,2,1,10,4.1,Bronze,5.5,D (Monitor - Quarterly),46.0
PH-1691,9979927156,Savannah,Gaines,Internal Medicine,T-009,East Abigail,NM,31,"Weaver, Stone and Gomez Medical School",52.0,51.0,1.96078431372549,16.0,30.76923076923077,8,6,6,6.8,Silver,6.0,A (Protect - Weekly),11.0
PH-1692,2858986818,Kendra,Scott,Internal Medicine,T-040,New Tanner,UT,13,Williams PLC Medical School,35.0,21.0,66.66666666666666,16.0,45.71428571428572,7,9,9,8.2,Platinum,9.0,A (Protect - Weekly),4.0
PH-1693,73794999,Melissa,Bender,Family Practice,T-020,Kimberlymouth,NH,37,"Lester, Hopkins and Kane Medical School",105.0,124.0,-15.32258064516129,32.0,30.47619047619048,9,3,6,6.3,Silver,4.5,C (Retain - Monthly),25.0
PH-1694,4410769262,Paul,Wise,Emergency Medicine,T-028,Justinbury,ME,17,Greer-Holder Medical School,3.0,3.0,0.0,0.0,0.0,2,6,2,3.2,Bronze,4.0,D (Monitor - Quarterly),46.0
PH-1695,1604359839,Zachary,Blevins,Gastroenterology,T-002,South Lisashire,NE,25,Hunter-Edwards Medical School,1.0,2.0,-50.0,1.0,100.0,2,1,10,4.1,Bronze,5.5,D (Monitor - Quarterly),51.0
PH-1696,8375681678,Kyle,Colon,Internal Medicine,T-006,Ericafort,MP,11,"Clark, Ferrell and Pearson Medical School",38.0,26.0,46.15384615384615,8.0,21.052631578947366,7,9,4,6.7,Silver,6.5,A (Protect - Weekly),18.0
PH-1697,1776135007,William,Robinson,Internal Medicine,T-038,East James,VT,6,"Mason, Campbell and Young Medical School",357.0,355.0,0.5633802816901409,117.0,32.77310924369748,10,6,7,7.9,Platinum,6.5,A (Protect - Weekly),4.0
PH-1698,3699952850,Jessica,Walker,Cardiology,T-014,Port Frances,MO,2,Gonzalez-Ellis Medical School,10.0,32.0,-68.75,4.0,40.0,4,1,8,4.3,Bronze,4.5,D (Monitor - Quarterly),27.0
PH-1699,5514972490,Jacob,Schmitt,Hospitalist,T-035,West Timothy,CA,33,Coleman-Salazar Medical School,11.0,10.0,10.0,5.0,45.45454545454545,4,7,9,6.4,Silver,8.0,B (Grow - Bi-weekly),23.0
PH-1700,935555702,Benjamin,Jenkins,Cardiology,T-018,Kingborough,MT,24,Baker-Mahoney Medical School,37.0,52.0,-28.846153846153843,20.0,54.054054054054056,7,2,10,6.4,Silver,6.0,A (Protect - Weekly),17.0
PH-1701,5947612189,John,Bates,Endocrinology,T-001,Lake Dylantown,MP,36,Nguyen-Kim Medical School,209.0,245.0,-14.69387755102041,64.0,30.62200956937799,10,3,6,6.7,Silver,4.5,C (Retain - Monthly),22.0
PH-1702,6122283056,Kenneth,Barnes,Internal Medicine,T-034,Johntown,KS,25,Wood-Shepherd Medical School,106.0,123.0,-13.821138211382117,25.0,23.58490566037736,9,3,4,5.7,Bronze,3.5,C (Retain - Monthly),35.0
PH-1703,5950263560,Vincent,Freeman,Internal Medicine,T-029,Sandraborough,IN,19,"Taylor, Ortiz and Andersen Medical School",3154.0,3380.0,-6.686390532544379,1083.0,34.33734939759036,10,4,7,7.300000000000001,Gold,5.5,C (Retain - Monthly),17.0
PH-1704,9904600823,Richard,Bennett,Oncology,T-025,South Pamela,OK,16,White Ltd Medical School,0.0,0.0,0.0,0.0,0.0,1,6,2,2.8,Bronze,4.0,D (Monitor - Quarterly),43.0
PH-1705,2209755061,Stephen,Jacobs,Internal Medicine,T-009,Schneidermouth,AK,1,"Jones, Peterson and Rodriguez Medical School",2.0,4.0,-50.0,0.0,0.0,2,1,2,1.7000000000000002,Bronze,1.5,D (Monitor - Quarterly),51.0
PH-1706,39344907,Samuel,Alvarez,Family Practice,T-033,North Patrick,VA,34,Arnold and Sons Medical School,50.0,38.0,31.57894736842105,10.0,20.0,8,8,4,6.8,Silver,6.0,A (Protect - Weekly),17.0
PH-1707,3391929692,Daniel,Horn,Internal Medicine,T-040,North Timothy,GA,18,Gillespie Inc Medical School,111.0,103.0,7.766990291262135,47.0,42.34234234234234,9,7,8,8.1,Platinum,7.5,A (Protect - Weekly),8.0
PH-1708,822837742,Shawn,Brown,Internal Medicine,T-006,Christinemouth,NM,21,"Weaver, Small and Mccormick Medical School",11.0,9.0,22.22222222222222,8.0,72.72727272727273,4,8,10,7.0,Gold,9.0,B (Grow - Bi-weekly),14.0
PH-1709,8206322801,Tina,Jackson,Family Practice,T-032,West Jonathanchester,MN,39,"Riley, Taylor and Ibarra Medical School",16.0,1.0,1500.0,5.0,31.25,5,10,6,6.8,Silver,8.0,B (Grow - Bi-weekly),21.0
PH-1710,7609606472,Heather,Scott,Gastroenterology,T-010,Gregorymouth,IL,30,Pierce-Neal Medical School,70.0,75.0,-6.666666666666667,20.0,28.57142857142857,8,4,6,6.2,Silver,5.0,C (Retain - Monthly),22.0
PH-1711,7788407094,Robert,Mendoza,Gastroenterology,T-018,Roweton,NE,24,Thomas PLC Medical School,0.0,0.0,0.0,0.0,0.0,1,6,2,2.8,Bronze,4.0,D (Monitor - Quarterly),46.0
PH-1712,8897284268,Bryan,George,Family Practice,T-009,South Gloria,CA,31,"Schneider, Gray and Wilson Medical School",9.0,26.0,-65.38461538461539,3.0,33.33333333333333,4,1,7,4.0,Bronze,4.0,D (Monitor - Quarterly),42.0
PH-1713,53718605,Paul,Love,Cardiology,T-040,Port Jamesfurt,MS,9,Key-Montes Medical School,25.0,36.0,-30.55555555555556,12.0,48.0,6,2,9,5.7,Bronze,5.5,D (Monitor - Quarterly),25.0
PH-1714,9512798312,Kathleen,Barajas,Internal Medicine,T-026,New Gail,IA,4,Chambers-Nelson Medical School,43.0,27.0,59.25925925925925,9.0,20.930232558139537,7,9,4,6.7,Silver,6.5,A (Protect - Weekly),27.0
PH-1715,6019919848,Andrew,Gonzales,Internal Medicine,T-015,South Aaronhaven,WI,35,"Jennings, Tucker and Villanueva Medical School",64.0,58.0,10.344827586206897,19.0,29.6875,8,7,6,7.1000000000000005,Gold,6.5,A (Protect - Weekly),18.0
PH-1716,5207710740,Justin,Walker,Nephrology,T-005,Jessicafurt,NV,5,"Hernandez, Barr and Gutierrez Medical School",7.0,16.0,-56.25,1.0,14.285714285714285,3,1,3,2.4000000000000004,Bronze,2.0,D (Monitor - Quarterly),51.0
PH-1717,511090070,Lisa,Crawford,Nephrology,T-018,Anthonyburgh,AL,2,Williams-Bailey Medical School,51.0,16.0,218.75,21.0,41.17647058823529,8,10,8,8.6,Platinum,9.0,A (Protect - Weekly),2.0
PH-1718,4972392010,Veronica,Jackson,Oncology,T-004,Diazfort,KY,10,"Murray, Schwartz and Alvarado Medical School",25.0,34.0,-26.47058823529412,7.0,28.000000000000004,6,2,6,4.800000000000001,Bronze,4.0,D (Monitor - Quarterly),36.0
PH-1719,5396597442,Michael,Reyes,Internal Medicine,T-008,Elizabethburgh,AR,3,Miller-Mitchell Medical School,42.0,17.0,147.05882352941177,7.0,16.666666666666664,7,10,3,6.700000000000001,Silver,6.5,A (Protect - Weekly),23.0
PH-1720,5374051337,Sharon,Lucero,Cardiology,T-009,Port Sean,NE,30,Figueroa-Wise Medical School,49.0,56.0,-12.5,23.0,46.93877551020408,8,3,9,6.799999999999999,Silver,6.0,A (Protect - Weekly),13.0
PH-1721,9768160855,Tyler,Davis,Internal Medicine,T-035,Turnerton,AS,37,Meyer-Gilbert Medical School,10.0,9.0,11.11111111111111,2.0,20.0,4,7,4,4.9,Bronze,5.5,D (Monitor - Quarterly),39.0
PH-1722,6881449908,Brian,Blanchard,Internal Medicine,T-013,Wesleyburgh,LA,36,"Williams, Kelly and Scott Medical School",4.0,0.0,0.0,1.0,25.0,2,6,5,4.1,Bronze,5.5,D (Monitor - Quarterly),50.0
PH-1723,5099986324,Nathaniel,Sanchez,Endocrinology,T-012,South Jill,CT,37,Valenzuela Inc Medical School,4.0,0.0,0.0,3.0,75.0,2,6,10,5.6,Bronze,8.0,B (Grow - Bi-weekly),26.0
PH-1724,851846689,Angela,Cowan,Internal Medicine,T-009,Candaceburgh,CA,7,Kelly PLC Medical School,8.0,7.0,14.285714285714285,6.0,75.0,3,7,10,6.300000000000001,Silver,8.5,B (Grow - Bi-weekly),20.0
PH-1725,6183073480,Natalie,Williams,Internal Medicine,T-023,East Diane,MT,39,Moore-Jensen Medical School,21.0,29.0,-27.58620689655172,5.0,23.809523809523807,6,2,5,4.5,Bronze,3.5,D (Monitor - Quarterly),54.0
PH-1726,7205548298,Molly,Ho,General Practice,T-039,Lake Chelsealand,PR,21,Ruiz-Vega Medical School,95.0,91.0,4.395604395604396,25.0,26.31578947368421,9,7,5,7.2,Gold,6.0,A (Protect - Weekly),6.0
PH-1727,9847460429,John,Bryant,Hospitalist,T-014,South Jenniferview,TX,26,Hatfield-Hobbs Medical School,54.0,33.0,63.63636363636363,6.0,11.11111111111111,8,9,3,6.800000000000001,Silver,6.0,A (Protect - Weekly),20.0
PH-1728,1461727580,Lindsey,Cooper,Hematology,T-031,New Marilyn,HI,25,Griffin-Bender Medical School,81.0,55.0,47.27272727272727,22.0,27.160493827160494,9,9,5,7.8,Gold,7.0,A (Protect - Weekly),5.0
PH-1729,6988979887,Shelia,Rivera,Internal Medicine,T-020,Markview,FM,17,Blake-Levy Medical School,16.0,11.0,45.45454545454545,2.0,12.5,5,9,3,5.6,Bronze,6.0,B (Grow - Bi-weekly),30.0
PH-1730,3401929360,Hayley,Estes,Internal Medicine,T-025,Whitemouth,MA,13,"Ritter, Travis and Perkins Medical School",18.0,20.0,-10.0,6.0,33.33333333333333,5,4,7,5.300000000000001,Bronze,5.5,D (Monitor - Quarterly),28.0
PH-1731,4638901248,Justin,Phillips,Family Practice,T-028,South Jennifer,TN,6,Russell-Morse Medical School,29.0,7.0,314.2857142857143,12.0,41.37931034482759,6,10,8,7.800000000000001,Platinum,9.0,B (Grow - Bi-weekly),5.0
PH-1732,1568622307,Anthony,Barnes,Family Practice,T-035,Aprilmouth,IN,18,Gray and Sons Medical School,6.0,7.0,-14.285714285714285,3.0,50.0,3,3,9,4.8,Bronze,6.0,B (Grow - Bi-weekly),41.0
PH-1733,2743303727,Carlos,Gutierrez,Internal Medicine,T-020,West Kenneth,VI,5,Barnes-Hensley Medical School,1.0,0.0,0.0,0.0,0.0,2,6,2,3.2,Bronze,4.0,D (Monitor - Quarterly),49.0
PH-1734,1213807828,Rebecca,Ryan,Internal Medicine,T-019,South Robertmouth,UT,16,Reed-Hensley Medical School,34.0,39.0,-12.82051282051282,17.0,50.0,7,3,9,6.4,Silver,6.0,A (Protect - Weekly),29.0
PH-1735,5866356541,Alexandra,Johnson,Oncology,T-004,West Donald,GA,15,"Mills, Fernandez and Reynolds Medical School",1256.0,1196.0,5.016722408026756,321.0,25.55732484076433,10,7,5,7.6,Gold,6.0,A (Protect - Weekly),11.0
PH-1736,594699842,Amanda,Zamora,Rheumatology,T-035,Shaneton,MA,14,Williams Inc Medical School,2.0,3.0,-33.33333333333333,0.0,0.0,2,2,2,2.0,Bronze,2.0,D (Monitor - Quarterly),59.0
PH-1737,3298871232,Samantha,Clark,Internal Medicine,T-038,Duffyhaven,NE,36,Martinez-Ramos Medical School,2.0,0.0,0.0,2.0,100.0,2,6,10,5.6,Bronze,8.0,B (Grow - Bi-weekly),25.0
PH-1738,7862685272,Allison,Rodgers,Family Practice,T-019,Lake Johntown,NY,25,Cole-Perez Medical School,82.0,74.0,10.81081081081081,28.0,34.14634146341464,9,7,7,7.800000000000001,Platinum,7.0,A (Protect - Weekly),11.0
PH-1739,4710628334,Dana,Reed,Emergency Medicine,T-040,Timothymouth,MH,8,Thompson-Finley Medical School,4.0,12.0,-66.66666666666666,0.0,0.0,2,1,2,1.7000000000000002,Bronze,1.5,D (Monitor - Quarterly),55.0
PH-1740,2770045358,Michael,Silva,Cardiology,T-016,North Shelly,WI,19,Walker-Fields Medical School,122.0,147.0,-17.006802721088434,51.0,41.80327868852459,9,3,8,6.9,Silver,5.5,C (Retain - Monthly),11.0
PH-1741,2285704240,Kathryn,Maddox,Geriatrics,T-013,Matthewport,PW,7,Boyd-Barber Medical School,44.0,48.0,-8.333333333333332,6.0,13.636363636363637,7,4,3,4.9,Bronze,3.5,C (Retain - Monthly),40.0
PH-1742,3977041167,Tasha,Medina,Geriatrics,T-034,West Kristinachester,SC,36,Ross-Newman Medical School,266.0,312.0,-14.743589743589745,79.0,29.69924812030075,10,3,6,6.7,Silver,4.5,C (Retain - Monthly),18.0
PH-1743,3865690448,Emily,Hurst,Internal Medicine,T-024,Porterbury,IL,18,Dawson PLC Medical School,16.0,18.0,-11.11111111111111,6.0,37.5,5,4,8,5.6,Bronze,6.0,B (Grow - Bi-weekly),29.0
PH-1744,1248955877,Anthony,Hopkins,Hospitalist,T-029,Vancebury,TX,25,"Green, Edwards and Pittman Medical School",43.0,34.0,26.47058823529412,12.0,27.906976744186046,7,8,5,6.7,Silver,6.5,A (Protect - Weekly),25.0
PH-1745,4264076089,Marcus,Brown,Cardiology,T-024,Lake Brandon,VI,11,Johnston Inc Medical School,23.0,30.0,-23.33333333333333,9.0,39.130434782608695,6,3,8,5.7,Bronze,5.5,D (Monitor - Quarterly),26.0
PH-1746,1387162833,Michael,Dunn,Endocrinology,T-034,West Patriciaside,WI,28,Johnson Ltd Medical School,28.0,32.0,-12.5,6.0,21.428571428571427,6,3,4,4.5,Bronze,3.5,D (Monitor - Quarterly),43.0
PH-1747,153374356,Stephen,Anderson,Oncology,T-038,Henryhaven,WI,14,Jones-Flores Medical School,16.0,16.0,0.0,2.0,12.5,5,6,3,4.699999999999999,Bronze,4.5,D (Monitor - Quarterly),33.0
PH-1748,6596957945,Susan,Peterson,Family Practice,T-021,Cherylstad,MN,39,Vance LLC Medical School,5.0,8.0,-37.5,0.0,0.0,3,2,2,2.4000000000000004,Bronze,2.0,D (Monitor - Quarterly),49.0
PH-1749,3629171485,Nancy,Krueger,Rheumatology,T-008,Priscillaside,IN,20,"Cooper, Martin and Edwards Medical School",26.0,11.0,136.36363636363637,6.0,23.07692307692308,6,10,4,6.6000000000000005,Silver,7.0,B (Grow - Bi-weekly),25.0
PH-1750,5207882165,Cole,Jones,Internal Medicine,T-022,North Kevin,PW,7,Henry-Page Medical School,31.0,25.0,24.0,9.0,29.03225806451613,6,8,6,6.6000000000000005,Silver,7.0,B (Grow - Bi-weekly),21.0
PH-1751,5203027694,Steven,Johnson,Internal Medicine,T-001,West Stephanie,ID,29,"Cox, Garrison and Jackson Medical School",97.0,94.0,3.191489361702128,47.0,48.45360824742268,9,7,9,8.4,Platinum,8.0,A (Protect - Weekly),2.0
PH-1752,1244029363,Keith,Houston,Rheumatology,T-004,New Johnburgh,AS,35,"Davis, Arnold and Williams Medical School",52.0,53.0,-1.8867924528301887,12.0,23.07692307692308,8,5,4,5.9,Silver,4.5,C (Retain - Monthly),29.0
PH-1753,2579599004,Sara,Mendoza,Geriatrics,T-040,Christopherbury,MH,7,Nguyen Group Medical School,38.0,36.0,5.555555555555555,12.0,31.57894736842105,7,7,6,6.7,Silver,6.5,A (Protect - Weekly),20.0
PH-1754,189113434,Laurie,Mckinney,Gastroenterology,T-027,Jonesborough,PA,16,"Hanson, Holt and Stafford Medical School",1.0,2.0,-50.0,0.0,0.0,2,1,2,1.7000000000000002,Bronze,1.5,D (Monitor - Quarterly),44.0
PH-1755,6861273421,Kayla,Hernandez,Geriatrics,T-023,New Christopher,UT,11,"Harris, Miller and Walker Medical School",55.0,53.0,3.7735849056603774,11.0,20.0,8,7,4,6.500000000000001,Silver,5.5,C (Retain - Monthly),24.0
PH-1756,1494802989,Brent,Gardner,Pulmonology,T-033,New Noahchester,ME,36,Moore-Wilson Medical School,16.0,26.0,-38.46153846153847,4.0,25.0,5,2,5,4.1,Bronze,3.5,D (Monitor - Quarterly),42.0
PH-1757,9199082133,Manuel,Brandt,Nephrology,T-017,North Scott,FL,35,Hodges Ltd Medical School,150.0,145.0,3.4482758620689653,29.0,19.33333333333333,9,7,4,6.9,Silver,5.5,C (Retain - Monthly),20.0
PH-1758,6704171038,Rachel,Davis,Oncology,T-032,New Laurafort,LA,3,Morris Inc Medical School,187.0,185.0,1.0810810810810811,44.0,23.52941176470588,10,6,4,7.0,Gold,5.0,C (Retain - Monthly),18.0
PH-1759,1332034495,Russell,Rubio,Gastroenterology,T-035,West Patriciafort,WI,14,Cooper-Mckenzie Medical School,0.0,0.0,0.0,0.0,0.0,1,6,2,2.8,Bronze,4.0,D (Monitor - Quarterly),49.0
PH-1760,7752572316,Katelyn,Clark,Pulmonology,T-031,Johnsonborough,TN,31,Moyer-Gordon Medical School,74.0,83.0,-10.843373493975903,10.0,13.513513513513514,8,4,3,5.300000000000001,Bronze,3.5,C (Retain - Monthly),28.0
PH-1761,1105703996,Michele,Harris,Geriatrics,T-024,Rossmouth,AK,23,Reed PLC Medical School,0.0,0.0,0.0,0.0,0.0,1,6,2,2.8,Bronze,4.0,D (Monitor - Quarterly),50.0
PH-1762,4696693233,Hannah,Brown,Neurology,T-014,Rodriguezmouth,NC,15,Harrington PLC Medical School,8.0,14.0,-42.85714285714285,1.0,12.5,3,1,3,2.4000000000000004,Bronze,2.0,D (Monitor - Quarterly),34.0
PH-1763,7140863323,Kenneth,Richard,Cardiology,T-027,Morganside,WI,15,Carter-Keith Medical School,36.0,37.0,-2.702702702702702,9.0,25.0,7,4,5,5.5,Bronze,4.5,C (Retain - Monthly),25.0
PH-1764,8883923759,Jessica,Pittman,Geriatrics,T-008,Lopezhaven,PR,15,Gentry-Roberson Medical School,1.0,4.0,-75.0,1.0,100.0,2,1,10,4.1,Bronze,5.5,D (Monitor - Quarterly),40.0
PH-1765,2585455139,Kayla,Shannon,Internal Medicine,T-013,Harringtonborough,PW,34,Stone-Martin Medical School,80.0,68.0,17.647058823529413,35.0,43.75,8,8,9,8.299999999999999,Platinum,8.5,A (Protect - Weekly),5.0
PH-1766,3678838736,Natalie,Randall,Hematology,T-032,East Stephanie,ND,32,Johnson Ltd Medical School,0.0,0.0,0.0,0.0,0.0,1,6,2,2.8,Bronze,4.0,D (Monitor - Quarterly),56.0
PH-1767,3647584664,Zachary,Rojas,General Practice,T-013,Coreybury,NM,1,Anderson Group Medical School,3.0,2.0,50.0,0.0,0.0,2,9,2,4.1,Bronze,5.5,D (Monitor - Quarterly),51.0
PH-1768,3175529776,Benjamin,Green,Cardiology,T-015,Adamville,DE,14,"Parsons, King and Miller Medical School",37.0,44.0,-15.909090909090908,4.0,10.81081081081081,7,3,3,4.6,Bronze,3.0,C (Retain - Monthly),38.0
PH-1769,7281436116,Amber,Wilson,Family Practice,T-034,Paultown,VI,18,Rich Inc Medical School,45.0,68.0,-33.82352941176471,26.0,57.77777777777777,7,2,10,6.4,Silver,6.0,A (Protect - Weekly),25.0
PH-1770,1892605554,Nicholas,Bell,Family Practice,T-029,Gregoryfurt,NY,31,James LLC Medical School,260.0,227.0,14.537444933920703,95.0,36.53846153846153,10,7,7,8.2,Platinum,7.0,A (Protect - Weekly),3.0
PH-1771,3771403445,Juan,Morgan,Internal Medicine,T-025,Emilychester,AK,38,Hall Inc Medical School,59.0,57.0,3.508771929824561,30.0,50.84745762711864,8,7,9,8.0,Platinum,8.0,A (Protect - Weekly),7.0
PH-1772,1196227238,Nicholas,Matthews,Cardiology,T-027,Gloriaville,SD,2,"Church, Wallace and Brennan Medical School",51.0,69.0,-26.08695652173913,18.0,35.294117647058826,8,2,7,5.9,Silver,4.5,C (Retain - Monthly),19.0
PH-1773,3683850957,Andrew,Tyler,Cardiology,T-014,West Anthony,VT,25,"Berry, Russell and Sellers Medical School",16.0,23.0,-30.434782608695656,4.0,25.0,5,2,5,4.1,Bronze,3.5,D (Monitor - Quarterly),28.0
PH-1774,5081136403,Joshua,Rose,Nephrology,T-029,Annaborough,VI,20,"Ali, Hess and Johnson Medical School",0.0,0.0,0.0,0.0,0.0,1,6,2,2.8,Bronze,4.0,D (Monitor - Quarterly),51.0
PH-1775,6279595142,Brittney,Kelly,Family Practice,T-022,Chloefurt,NE,35,"Murphy, Taylor and Miller Medical School",2.0,5.0,-60.0,2.0,100.0,2,1,10,4.1,Bronze,5.5,D (Monitor - Quarterly),40.0
PH-1776,7562752800,Daniel,Rasmussen,Emergency Medicine,T-017,Lake Victoriaborough,KY,16,Murray-Bates Medical School,20.0,20.0,0.0,3.0,15.0,5,6,3,4.699999999999999,Bronze,4.5,D (Monitor - Quarterly),50.0
PH-1777,4592351638,Jeremy,Martin,Internal Medicine,T-002,Reginahaven,PA,4,Higgins-Mcdaniel Medical School,55.0,44.0,25.0,22.0,40.0,8,8,8,8.0,Platinum,8.0,A (Protect - Weekly),2.0
PH-1778,17078129,Justin,Douglas,Endocrinology,T-034,Sullivanland,WA,30,"Allen, Gates and Sawyer Medical School",15.0,14.0,7.142857142857142,5.0,33.33333333333333,5,7,7,6.199999999999999,Silver,7.0,B (Grow - Bi-weekly),29.0
PH-1779,9484142355,Kim,Cobb,Nephrology,T-039,Lake Jason,GA,25,"Nichols, Kennedy and Howard Medical School",56.0,52.0,7.6923076923076925,10.0,17.857142857142858,8,7,4,6.500000000000001,Silver,5.5,C (Retain - Monthly),14.0
PH-1780,6798130265,Nicholas,Walsh,Family Practice,T-020,Davisland,MA,16,"Castro, Stephenson and Daniel Medical School",17.0,27.0,-37.03703703703704,7.0,41.17647058823529,5,2,8,5.0,Bronze,5.0,D (Monitor - Quarterly),38.0
PH-1781,1870894107,Jessica,Martinez,Family Practice,T-037,Wilsonport,MO,40,Scott-Marquez Medical School,0.0,0.0,0.0,0.0,0.0,1,6,2,2.8,Bronze,4.0,D (Monitor - Quarterly),50.0
PH-1782,1198309754,Gerald,Saunders,Family Practice,T-002,Lewishaven,PW,9,"Hodge, Cannon and Cordova Medical School",8.0,2.0,300.0,4.0,50.0,3,10,9,6.9,Silver,9.5,B (Grow - Bi-weekly),19.0
PH-1783,2377487700,Taylor,Castro,Nephrology,T-022,Lake Dylanbury,HI,22,Velazquez-Moore Medical School,107.0,81.0,32.098765432098766,27.0,25.233644859813083,9,8,5,7.5,Gold,6.5,A (Protect - Weekly),7.0
PH-1784,8082267990,Christina,Wade,Rheumatology,T-029,Lunaberg,ND,38,Ward-Ball Medical School,41.0,55.0,-25.454545454545453,13.0,31.70731707317073,7,2,6,5.2,Bronze,4.0,C (Retain - Monthly),36.0
PH-1785,3839571646,Katherine,Barnett,Rheumatology,T-033,North Kayla,AL,18,Lopez Ltd Medical School,152.0,154.0,-1.2987012987012987,43.0,28.289473684210524,9,5,6,6.9,Silver,5.5,C (Retain - Monthly),15.0
PH-1786,7090703780,Allison,Hunt,Gastroenterology,T-033,Ellisonchester,WV,1,"Walker, Johnson and Mcbride Medical School",0.0,0.0,0.0,0.0,0.0,1,6,2,2.8,Bronze,4.0,D (Monitor - Quarterly),44.0
PH-1787,983484926,Travis,Torres,Cardiology,T-004,Grimesburgh,RI,18,Bailey-Phelps Medical School,1880.0,2086.0,-9.87535953978907,845.0,44.9468085106383,10,4,9,7.9,Platinum,6.5,A (Protect - Weekly),8.0
PH-1788,4456572676,Michael,Hill,Cardiology,T-032,New Dakota,OR,33,Jimenez-Ray Medical School,1.0,16.0,-93.75,0.0,0.0,2,1,2,1.7000000000000002,Bronze,1.5,D (Monitor - Quarterly),62.0
PH-1789,34522026,Theresa,Sanders,Gastroenterology,T-036,North Jay,PR,6,"Price, Crane and Scott Medical School",0.0,0.0,0.0,0.0,0.0,1,6,2,2.8,Bronze,4.0,D (Monitor - Quarterly),52.0
PH-1790,2573309074,Kimberly,Williams,Cardiology,T-034,Perezland,NE,23,"Cooper, Holland and Nelson Medical School",6454.0,6279.0,2.787068004459309,2918.0,45.21227145955996,10,7,9,8.799999999999999,Platinum,8.0,A (Protect - Weekly),1.0
PH-1791,6751258379,Brittney,Johnson,Rheumatology,T-024,Maryborough,MO,13,"Glass, Russell and Galvan Medical School",2.0,15.0,-86.66666666666667,2.0,100.0,2,1,10,4.1,Bronze,5.5,D (Monitor - Quarterly),44.0
PH-1792,3276334228,Sherry,Terry,Cardiology,T-013,Port Stacey,NC,37,Marshall and Sons Medical School,75.0,42.0,78.57142857142857,31.0,41.333333333333336,8,10,8,8.6,Platinum,9.0,A (Protect - Weekly),3.0
PH-1793,7225931033,Jennifer,Summers,Pulmonology,T-017,North Amyshire,ME,15,Pena LLC Medical School,2.0,4.0,-50.0,1.0,50.0,2,1,9,3.8,Bronze,5.0,D (Monitor - Quarterly),56.0
PH-1794,370433331,Cynthia,Medina,Hematology,T-030,New Juan,MO,34,"Miranda, Miller and Ward Medical School",19.0,32.0,-40.625,5.0,26.31578947368421,5,2,5,4.1,Bronze,3.5,D (Monitor - Quarterly),41.0
PH-1795,7804737198,Lauren,May,Family Practice,T-003,Karenville,NJ,7,Duncan-Cruz Medical School,236.0,176.0,34.090909090909086,81.0,34.32203389830508,10,9,7,8.799999999999999,Platinum,8.0,A (Protect - Weekly),2.0
PH-1796,645544215,Tracy,Horton,Family Practice,T-007,South Christine,GA,40,Roberts-Morris Medical School,9.0,15.0,-40.0,3.0,33.33333333333333,4,2,7,4.300000000000001,Bronze,4.5,D (Monitor - Quarterly),36.0
PH-1797,2739688593,Jose,Nixon,Internal Medicine,T-001,Lake Leah,AZ,4,Morrison PLC Medical School,75.0,25.0,200.0,31.0,41.333333333333336,8,10,8,8.6,Platinum,9.0,A (Protect - Weekly),1.0
PH-1798,9783315032,Cody,Hicks,General Practice,T-029,Maynardstad,WI,21,Becker Ltd Medical School,5.0,3.0,66.66666666666666,3.0,60.0,3,9,10,6.9,Silver,9.5,B (Grow - Bi-weekly),22.0
PH-1799,250666860,Richard,Ellis,Endocrinology,T-009,Troyfort,CO,12,Poole-Ray Medical School,35.0,27.0,29.629629629629623,7.0,20.0,7,8,4,6.4,Silver,6.0,A (Protect - Weekly),18.0
PH-1800,8632895910,Jerry,Rogers,Hospitalist,T-006,Dwaynefort,MS,20,Hernandez LLC Medical School,10.0,6.0,66.66666666666666,3.0,30.0,4,9,6,6.1,Silver,7.5,B (Grow - Bi-weekly),28.0
PH-1801,5963743963,Candace,Scott,Oncology,T-038,Sallyport,AL,8,Hawkins LLC Medical School,5.0,4.0,25.0,0.0,0.0,3,8,2,4.2,Bronze,5.0,D (Monitor - Quarterly),39.0
PH-1802,5465653170,William,Robinson,Internal Medicine,T-024,East Joannaland,AK,7,"Thomas, Roman and Mcdonald Medical School",9.0,12.0,-25.0,4.0,44.44444444444444,4,3,9,5.199999999999999,Bronze,6.0,B (Grow - Bi-weekly),33.0
PH-1803,3663256732,George,Blair,Internal Medicine,T-035,Samanthamouth,KY,30,"Lewis, Petty and Simmons Medical School",8.0,2.0,300.0,2.0,25.0,3,10,5,5.7,Bronze,7.5,B (Grow - Bi-weekly),29.0
PH-1804,6019109048,April,Foster,Family Practice,T-011,Lake Scottberg,MT,20,Torres-Campos Medical School,227.0,158.0,43.67088607594937,96.0,42.290748898678416,10,9,8,9.1,Platinum,8.5,A (Protect - Weekly),1.0
PH-1805,8937859541,Todd,Jordan,Oncology,T-034,Port Lisatown,PA,1,Simpson Group Medical School,12.0,14.0,-14.285714285714285,5.0,41.66666666666667,4,3,8,4.9,Bronze,5.5,D (Monitor - Quarterly),42.0
PH-1806,4581045734,Robert,Ali,Hospitalist,T-018,Jonathanfort,WY,17,Barker and Sons Medical School,8.0,1.0,700.0,0.0,0.0,3,10,2,4.8,Bronze,6.0,B (Grow - Bi-weekly),34.0
PH-1807,8780528905,Paul,Cooper,Internal Medicine,T-023,New Jamesside,AS,25,Singh-Ramos Medical School,22.0,21.0,4.761904761904762,4.0,18.181818181818183,6,7,4,5.7,Bronze,5.5,D (Monitor - Quarterly),36.0
PH-1808,9888374345,Bradley,Weiss,Geriatrics,T-022,Christinehaven,AZ,3,Moore-Morris Medical School,8.0,8.0,0.0,0.0,0.0,3,6,2,3.6,Bronze,4.0,D (Monitor - Quarterly),42.0
PH-1809,2308996469,Stephanie,Martin,Neurology,T-019,West Kim,IN,34,King-Sullivan Medical School,65.0,61.0,6.557377049180328,22.0,33.84615384615385,8,7,7,7.4,Gold,7.0,A (Protect - Weekly),16.0
PH-1810,5212156038,Shannon,Smith,Emergency Medicine,T-001,East Markport,MT,21,"Roberts, Simmons and Conway Medical School",523.0,515.0,1.5533980582524272,110.0,21.03250478011472,10,6,4,7.0,Gold,5.0,C (Retain - Monthly),17.0
PH-1811,9037647476,Jessica,Aguilar,Endocrinology,T-037,South Christopherburgh,DE,1,Williams-Webster Medical School,24.0,7.0,242.85714285714283,2.0,8.333333333333332,6,10,3,6.300000000000001,Silver,6.5,B (Grow - Bi-weekly),26.0
PH-1812,9655868190,Bobby,Poole,Hospitalist,T-027,West Adrianabury,IL,21,Watson PLC Medical School,132.0,92.0,43.47826086956522,35.0,26.51515151515152,9,9,5,7.8,Gold,7.0,A (Protect - Weekly),3.0
PH-1813,6601385500,Gary,Morgan,Geriatrics,T-040,Leehaven,AL,26,Frey Inc Medical School,19.0,37.0,-48.64864864864865,7.0,36.84210526315789,5,1,7,4.4,Bronze,4.0,D (Monitor - Quarterly),39.0
PH-1814,1245718158,Brian,Adkins,Endocrinology,T-001,New Kennethshire,WI,36,"Wilson, Gentry and Garrett Medical School",5.0,1.0,400.0,0.0,0.0,3,10,2,4.8,Bronze,6.0,B (Grow - Bi-weekly),44.0
PH-1815,5055191939,Robert,Kim,Hospitalist,T-017,Nortonfort,CA,23,Smith-Smith Medical School,36.0,47.0,-23.404255319148938,10.0,27.77777777777778,7,3,5,5.2,Bronze,4.0,C (Retain - Monthly),44.0
PH-1816,4929328507,Samantha,Miles,General Practice,T-007,Millershire,IN,15,Hess Inc Medical School,18.0,18.0,0.0,6.0,33.33333333333333,5,6,7,5.9,Silver,6.5,B (Grow - Bi-weekly),26.0
PH-1817,3495220940,Elizabeth,Acevedo,Geriatrics,T-004,South Monique,CA,14,Crawford-Boyd Medical School,40.0,25.0,60.0,12.0,30.0,7,9,6,7.3,Gold,7.5,A (Protect - Weekly),15.0
PH-1818,5627480661,Carlos,Hull,Endocrinology,T-007,South Kristina,WA,32,Le Ltd Medical School,157.0,132.0,18.939393939393938,49.0,31.210191082802545,9,8,6,7.8,Gold,7.0,A (Protect - Weekly),5.0
PH-1819,3069516571,Gary,Wilson,Gastroenterology,T-010,Williamsland,ND,17,Nolan Ltd Medical School,29.0,5.0,480.0,6.0,20.689655172413797,6,10,4,6.6000000000000005,Silver,7.0,B (Grow - Bi-weekly),17.0
PH-1820,2399330255,Brandy,Reese,Endocrinology,T-006,Carpenterberg,AR,22,French-Walker Medical School,151.0,161.0,-6.211180124223603,51.0,33.77483443708609,9,4,7,6.9,Silver,5.5,C (Retain - Monthly),17.0
PH-1821,4596889109,Jane,Schultz,Rheumatology,T-020,Daltonton,LA,1,Johnson-Martin Medical School,47.0,64.0,-26.5625,7.0,14.893617021276595,7,2,3,4.300000000000001,Bronze,2.5,C (Retain - Monthly),43.0
PH-1822,1203608164,Kimberly,Pugh,Internal Medicine,T-006,West Jonathanchester,MP,19,Walter Ltd Medical School,30.0,15.0,100.0,4.0,13.333333333333334,6,10,3,6.300000000000001,Silver,6.5,B (Grow - Bi-weekly),24.0
PH-1823,1971408346,Anne,Baker,Family Practice,T-033,Anthonyfurt,AL,23,"Frazier, Atkinson and Cook Medical School",41.0,38.0,7.894736842105263,13.0,31.70731707317073,7,7,6,6.7,Silver,6.5,A (Protect - Weekly),18.0
PH-1824,8062745669,Angela,Sutton,Hospitalist,T-013,Ashleyton,NM,7,Thomas-Mcgrath Medical School,12.0,10.0,20.0,3.0,25.0,4,8,5,5.5,Bronze,6.5,B (Grow - Bi-weekly),33.0
PH-1825,1429049577,Rebecca,White,Internal Medicine,T-027,Lake Kathleen,ND,26,Gibson-Mullins Medical School,1030.0,1072.0,-3.9179104477611935,336.0,32.62135922330097,10,4,6,7.0,Gold,5.0,C (Retain - Monthly),4.0
PH-1826,9195301647,Don,Baird,Rheumatology,T-036,Martinezport,TX,27,"Bennett, Stone and Aguilar Medical School",33.0,53.0,-37.735849056603776,0.0,0.0,7,2,2,4.0,Bronze,2.0,C (Retain - Monthly),42.0
PH-1827,262976116,Paul,Mack,Hospitalist,T-002,Grahamborough,ME,33,"Boyd, Nelson and Pugh Medical School",0.0,0.0,0.0,0.0,0.0,1,6,2,2.8,Bronze,4.0,D (Monitor - Quarterly),61.0
PH-1828,8967016562,Mary,Reese,Endocrinology,T-038,Bradleyland,MH,16,Underwood-Crawford Medical School,8.0,8.0,0.0,5.0,62.5,3,6,10,6.0,Silver,8.0,B (Grow - Bi-weekly),17.0
PH-1829,2312524235,Edward,Carey,Hematology,T-026,Guerratown,NC,35,Mcgee-Mills Medical School,31.0,29.0,6.896551724137931,12.0,38.70967741935484,6,7,8,6.9,Silver,7.5,B (Grow - Bi-weekly),23.0
PH-1830,9496172150,Matthew,Hernandez,Neurology,T-023,Rebekahbury,MA,29,Saunders and Sons Medical School,0.0,0.0,0.0,0.0,0.0,1,6,2,2.8,Bronze,4.0,D (Monitor - Quarterly),64.0
PH-1831,1845605993,Keith,Hernandez,Internal Medicine,T-023,East Jessica,VT,7,Smith Inc Medical School,0.0,0.0,0.0,0.0,0.0,1,6,2,2.8,Bronze,4.0,D (Monitor - Quarterly),65.0
PH-1832,2944314140,Lindsey,Medina,Emergency Medicine,T-032,Huntview,UT,31,Becker Ltd Medical School,20.0,18.0,11.11111111111111,5.0,25.0,5,7,5,5.6,Bronze,6.0,B (Grow - Bi-weekly),34.0
PH-1833,7798240211,Ronald,Schmidt,Oncology,T-007,North Jay,RI,1,"Glenn, Santana and Holmes Medical School",10.0,13.0,-23.07692307692308,4.0,40.0,4,3,8,4.9,Bronze,5.5,D (Monitor - Quarterly),34.0
PH-1834,8100962426,Maurice,Ford,Nephrology,T-032,Cochranmouth,MN,6,"Wells, Compton and Parsons Medical School",16.0,18.0,-11.11111111111111,1.0,6.25,5,4,3,4.1,Bronze,3.5,D (Monitor - Quarterly),51.0
PH-1835,5263488823,Kaitlyn,Gay,Family Practice,T-007,West Lance,WA,26,Anderson LLC Medical School,11.0,6.0,83.33333333333334,2.0,18.181818181818183,4,10,4,5.8,Bronze,7.0,B (Grow - Bi-weekly),29.0
PH-1836,3511788280,Mark,Mercer,Nephrology,T-036,Matthewbury,OH,21,"Rose, Dixon and Ruiz Medical School",3.0,3.0,0.0,0.0,0.0,2,6,2,3.2,Bronze,4.0,D (Monitor - Quarterly),47.0
PH-1837,476766608,David,Payne,Family Practice,T-017,Evanshaven,NV,33,Sharp and Sons Medical School,60.0,48.0,25.0,19.0,31.666666666666664,8,8,6,7.399999999999999,Gold,7.0,A (Protect - Weekly),14.0
PH-1838,753136859,Jake,Watson,Internal Medicine,T-012,South David,TN,16,"Johnson, Skinner and Joseph Medical School",29.0,14.0,107.14285714285714,9.0,31.03448275862069,6,10,6,7.2,Gold,8.0,B (Grow - Bi-weekly),8.0
PH-1839,1443010614,Sandra,Kelly,Gastroenterology,T-015,Velazquezstad,VT,27,Collins-Huynh Medical School,4.0,5.0,-20.0,0.0,0.0,2,3,2,2.3,Bronze,2.5,D (Monitor - Quarterly),51.0
PH-1840,3199711533,Lori,Eaton,Gastroenterology,T-002,Martinchester,MP,36,"Mcdonald, Davis and Brady Medical School",8.0,9.0,-11.11111111111111,4.0,50.0,3,4,9,5.1,Bronze,6.5,B (Grow - Bi-weekly),40.0
PH-1841,3434499758,Jacqueline,Cervantes,Endocrinology,T-013,Simshaven,NC,15,"Davis, Cantu and Hunt Medical School",35.0,18.0,94.44444444444444,14.0,40.0,7,10,8,8.200000000000001,Platinum,9.0,A (Protect - Weekly),6.0
PH-1842,215992794,Jeff,Kim,Internal Medicine,T-022,New David,MH,26,Aguilar-Williams Medical School,0.0,0.0,0.0,0.0,0.0,1,6,2,2.8,Bronze,4.0,D (Monitor - Quarterly),45.0
PH-1843,3312223954,Angela,Noble,Internal Medicine,T-010,Smithmouth,IL,25,"Wilson, Collins and David Medical School",2.0,7.0,-71.42857142857143,0.0,0.0,2,1,2,1.7000000000000002,Bronze,1.5,D (Monitor - Quarterly),54.0
PH-1844,8368747774,Adam,Smith,Neurology,T-038,Cruzstad,MO,24,Smith Group Medical School,0.0,0.0,0.0,0.0,0.0,1,6,2,2.8,Bronze,4.0,D (Monitor - Quarterly),47.0
PH-1845,6228212821,Bianca,Reilly,Internal Medicine,T-033,Grimesside,GA,17,Peters-Green Medical School,113.0,80.0,41.25,32.0,28.31858407079646,9,9,6,8.1,Platinum,7.5,A (Protect - Weekly),2.0
PH-1846,7264393304,Jennifer,Ward,Internal Medicine,T-002,Hudsonton,MH,32,Morales-Levy Medical School,88.0,62.0,41.935483870967744,24.0,27.27272727272727,9,9,5,7.8,Gold,7.0,A (Protect - Weekly),10.0
PH-1847,485312344,Jamie,Peterson,Family Practice,T-024,Bethside,CO,9,Levy Ltd Medical School,60.0,87.0,-31.03448275862069,31.0,51.66666666666667,8,2,9,6.5,Silver,5.5,C (Retain - Monthly),18.0
PH-1848,4651242106,Kara,Mcdonald,Family Practice,T-017,South Katherinetown,ME,30,"Page, Hurley and Mccormick Medical School",57.0,66.0,-13.636363636363637,26.0,45.614035087719294,8,3,9,6.799999999999999,Silver,6.0,A (Protect - Weekly),24.0
PH-1849,4811659558,Lindsay,Mckinney,Internal Medicine,T-011,Garrettbury,NM,21,"Fischer, Morse and Clark Medical School",49.0,45.0,8.88888888888889,11.0,22.448979591836736,8,7,4,6.500000000000001,Silver,5.5,C (Retain - Monthly),19.0
PH-1850,6365972767,Ronald,Vasquez,Endocrinology,T-029,Diazborough,MN,24,"Coleman, Clark and Rowe Medical School",22.0,15.0,46.66666666666666,5.0,22.727272727272727,6,9,4,6.3,Silver,6.5,B (Grow - Bi-weekly),32.0
PH-1851,1749195380,Susan,Pearson,Cardiology,T-017,Haroldfort,PR,18,Lee PLC Medical School,43.0,65.0,-33.84615384615385,26.0,60.46511627906976,7,2,10,6.4,Silver,6.0,A (Protect - Weekly),28.0
PH-1852,9076150011,Christopher,Lynch,Gastroenterology,T-020,Kyletown,ME,37,White-Gonzalez Medical School,0.0,0.0,0.0,0.0,0.0,1,6,2,2.8,Bronze,4.0,D (Monitor - Quarterly),51.0
PH-1853,4792149901,Aaron,Barber,Nephrology,T-017,Davisfurt,WI,9,Petersen-Padilla Medical School,24.0,38.0,-36.84210526315789,2.0,8.333333333333332,6,2,3,3.9,Bronze,2.5,D (Monitor - Quarterly),53.0
PH-1854,499157380,Patrick,Austin,Emergency Medicine,T-029,Murraybury,MS,31,White-Johnson Medical School,70.0,53.0,32.075471698113205,21.0,30.0,8,8,6,7.399999999999999,Gold,7.0,A (Protect - Weekly),16.0
PH-1855,6102372643,Emily,Brown,Cardiology,T-020,Bradleymouth,GA,9,Pruitt-Oliver Medical School,29.0,30.0,-3.333333333333333,15.0,51.72413793103448,6,4,9,6.300000000000001,Silver,6.5,B (Grow - Bi-weekly),24.0
PH-1856,7155793277,Adrian,Wilson,Internal Medicine,T-027,Kyleville,MP,15,Lowe-Harris Medical School,16.0,12.0,33.33333333333333,0.0,0.0,5,9,2,5.299999999999999,Bronze,5.5,D (Monitor - Quarterly),27.0
PH-1857,2609685688,Hailey,Dillon,Internal Medicine,T-019,Websterton,WV,26,"Cooper, Jacobs and Gonzalez Medical School",9.0,13.0,-30.76923076923077,6.0,66.66666666666666,4,2,10,5.2,Bronze,6.0,B (Grow - Bi-weekly),41.0
PH-1858,5867943364,Joseph,Crawford,Emergency Medicine,T-025,South James,NM,26,Franco-Barrett Medical School,38.0,22.0,72.72727272727273,3.0,7.894736842105263,7,9,3,6.4,Silver,6.0,A (Protect - Weekly),17.0
PH-1859,5964587669,Jonathon,Aguilar,Family Practice,T-028,Teresaland,MI,18,Wilkinson-Lamb Medical School,59.0,39.0,51.28205128205128,31.0,52.54237288135594,8,9,9,8.6,Platinum,9.0,A (Protect - Weekly),2.0
PH-1860,3474502405,John,Simpson,Oncology,T-003,New Jessicahaven,RI,2,Edwards-Perez Medical School,124.0,116.0,6.896551724137931,31.0,25.0,9,7,5,7.2,Gold,6.0,A (Protect - Weekly),15.0
PH-1861,9450375480,Kendra,Olson,Emergency Medicine,T-019,West Jeromeborough,ID,17,"Ferguson, Buckley and Carpenter Medical School",6.0,13.0,-53.84615384615385,3.0,50.0,3,1,9,4.2,Bronze,5.0,D (Monitor - Quarterly),46.0
PH-1862,2913696480,Heather,Hill,Internal Medicine,T-012,South Jeffreyborough,AR,3,Miller-Smith Medical School,68.0,86.0,-20.930232558139537,37.0,54.41176470588235,8,3,10,7.1,Gold,6.5,A (Protect - Weekly),12.0
PH-1863,6324051026,Michael,Hall,Family Practice,T-026,Welchchester,IL,35,Macdonald Group Medical School,32.0,38.0,-15.789473684210526,12.0,37.5,7,3,8,6.1,Silver,5.5,C (Retain - Monthly),34.0
PH-1864,7464660332,Rebecca,Gonzalez,General Practice,T-036,Bakermouth,PA,7,Patton Ltd Medical School,133.0,131.0,1.5267175572519085,34.0,25.563909774436087,9,6,5,6.9,Silver,5.5,C (Retain - Monthly),13.0
PH-1865,9410102760,Timothy,Ferguson,Family Practice,T-036,Dannyport,NC,16,Vargas-Murray Medical School,37.0,21.0,76.19047619047619,5.0,13.513513513513514,7,9,3,6.4,Silver,6.0,A (Protect - Weekly),22.0
PH-1866,9738330614,John,Preston,Cardiology,T-001,Atkinsstad,KY,25,"Potts, Rice and Clark Medical School",33.0,35.0,-5.714285714285714,23.0,69.6969696969697,7,4,10,7.0,Gold,7.0,A (Protect - Weekly),18.0
PH-1867,5052602706,Michelle,Ruiz,Family Practice,T-016,Avilaton,NJ,16,Fields Ltd Medical School,27.0,39.0,-30.76923076923077,12.0,44.44444444444444,6,2,9,5.7,Bronze,5.5,D (Monitor - Quarterly),16.0
PH-1868,8129236139,Daniel,Lopez,Family Practice,T-029,Kingshire,NC,39,Choi-Garcia Medical School,70.0,72.0,-2.7777777777777777,30.0,42.85714285714285,8,4,8,6.800000000000001,Silver,6.0,A (Protect - Weekly),23.0
PH-1869,3376870580,Tracy,Jones,Family Practice,T-016,Lake Leahfurt,PR,20,"Cox, Tanner and Cardenas Medical School",527.0,548.0,-3.832116788321168,204.0,38.70967741935484,10,4,8,7.6,Gold,6.0,A (Protect - Weekly),6.0
PH-1870,4070783847,Alyssa,Adams,Internal Medicine,T-014,Port Alex,KS,26,"Skinner, Bell and Lewis Medical School",0.0,0.0,0.0,0.0,0.0,1,6,2,2.8,Bronze,4.0,D (Monitor - Quarterly),33.0
PH-1871,5404492728,Brian,Smith,Internal Medicine,T-007,Port Shannonhaven,IA,33,"Hartman, Lara and Scott Medical School",0.0,0.0,0.0,0.0,0.0,1,6,2,2.8,Bronze,4.0,D (Monitor - Quarterly),46.0
PH-1872,1678598444,Pamela,Pierce,Rheumatology,T-020,Wendyshire,IL,3,Gonzalez and Sons Medical School,231.0,278.0,-16.906474820143885,59.0,25.541125541125545,10,3,5,6.4,Silver,4.0,C (Retain - Monthly),23.0
PH-1873,756052699,Kimberly,Martinez,Hospitalist,T-026,Erikton,MH,11,Lawson PLC Medical School,14.0,25.0,-44.0,7.0,50.0,5,1,9,5.0,Bronze,5.0,D (Monitor - Quarterly),42.0
PH-1874,9663309235,Melissa,Ross,Neurology,T-030,Tanyabury,AK,12,Harper-Watkins Medical School,34.0,28.0,21.428571428571427,7.0,20.588235294117645,7,8,4,6.4,Silver,6.0,A (Protect - Weekly),18.0
PH-1875,5402732012,Michelle,Burton,Hospitalist,T-033,Jasonside,PW,13,Smith-Carter Medical School,18.0,19.0,-5.263157894736842,10.0,55.55555555555556,5,4,10,6.2,Silver,7.0,B (Grow - Bi-weekly),21.0
PH-1876,3182068204,Allison,Martinez,Neurology,T-034,New Johnton,PW,26,Evans-Roberts Medical School,0.0,0.0,0.0,0.0,0.0,1,6,2,2.8,Bronze,4.0,D (Monitor - Quarterly),57.0
PH-1877,7385779739,Lisa,Pugh,Endocrinology,T-036,West Mariah,MA,40,"Frazier, Young and Gallegos Medical School",76.0,47.0,61.70212765957447,21.0,27.631578947368425,8,9,5,7.4,Gold,7.0,A (Protect - Weekly),9.0
PH-1878,5182723826,Sarah,Christian,Cardiology,T-009,Mirandaville,NY,23,Lopez-Cox Medical School,68.0,86.0,-20.930232558139537,20.0,29.411764705882355,8,3,6,5.9,Silver,4.5,C (Retain - Monthly),23.0
PH-1879,7688155903,Brian,Palmer,Internal Medicine,T-023,Lunamouth,PR,17,Green-Shaw Medical School,9.0,12.0,-25.0,4.0,44.44444444444444,4,3,9,5.199999999999999,Bronze,6.0,B (Grow - Bi-weekly),42.0
PH-1880,6150488491,Nicole,Bruce,Oncology,T-002,New Ashleyview,LA,20,Joseph-Williams Medical School,9.0,6.0,50.0,2.0,22.22222222222222,4,9,4,5.5,Bronze,6.5,B (Grow - Bi-weekly),34.0
PH-1881,5076955593,Micheal,Cook,Geriatrics,T-003,Port Bryanberg,TN,12,Griffin LLC Medical School,112.0,89.0,25.842696629213485,35.0,31.25,9,8,6,7.8,Gold,7.0,A (Protect - Weekly),7.0
PH-1882,4777745925,Justin,Erickson,Gastroenterology,T-036,East Willie,FL,14,Doyle-Burnett Medical School,2.0,0.0,0.0,0.0,0.0,2,6,2,3.2,Bronze,4.0,D (Monitor - Quarterly),48.0
PH-1883,3797900704,Morgan,Orozco,Nephrology,T-034,Amyport,OK,6,"Mclaughlin, Murray and Baker Medical School",127.0,149.0,-14.76510067114094,32.0,25.196850393700785,9,3,5,6.0,Silver,4.0,C (Retain - Monthly),32.0
PH-1884,1662395671,Eric,Cox,Family Practice,T-036,West Rachel,GA,22,Jordan-Baker Medical School,6.0,12.0,-50.0,2.0,33.33333333333333,3,1,7,3.6000000000000005,Bronze,4.0,D (Monitor - Quarterly),44.0
PH-1885,641227276,Michael,Trujillo,Cardiology,T-030,Lisaville,UT,40,"Harris, Garcia and Escobar Medical School",50.0,31.0,61.29032258064516,24.0,48.0,8,9,9,8.6,Platinum,9.0,A (Protect - Weekly),3.0
PH-1886,54558345,Michael,Richmond,Family Practice,T-019,Sandraburgh,DE,6,Gay-Huber Medical School,302.0,301.0,0.3322259136212624,117.0,38.74172185430464,10,6,8,8.2,Platinum,7.0,A (Protect - Weekly),6.0
PH-1887,3357668089,Michael,Smith,Internal Medicine,T-037,North Wesleyton,LA,7,Miller Inc Medical School,58.0,46.0,26.08695652173913,19.0,32.758620689655174,8,8,7,7.699999999999999,Gold,7.5,A (Protect - Weekly),10.0
PH-1888,5578521979,Jesse,Myers,Geriatrics,T-011,Eatonbury,VI,15,Barnett Group Medical School,13.0,12.0,8.333333333333332,1.0,7.6923076923076925,4,7,3,4.6,Bronze,5.0,D (Monitor - Quarterly),36.0
PH-1889,898885010,Miguel,Tyler,Family Practice,T-005,New Christian,CT,23,Randall-Thompson Medical School,71.0,33.0,115.15151515151516,24.0,33.80281690140845,8,10,7,8.3,Platinum,8.5,A (Protect - Weekly),4.0
PH-1890,2640093339,Ryan,Porter,Hematology,T-009,East Reneebury,ND,15,"Fields, Stone and Acevedo Medical School",13.0,11.0,18.181818181818183,2.0,15.384615384615383,4,8,3,4.9,Bronze,5.5,D (Monitor - Quarterly),31.0
PH-1891,1889384478,Cory,Avila,Internal Medicine,T-006,Reynoldsbury,WA,17,Gilmore-Brock Medical School,13.0,10.0,30.0,1.0,7.6923076923076925,4,8,3,4.9,Bronze,5.5,D (Monitor - Quarterly),38.0
PH-1892,834812426,Ryan,Castillo,Endocrinology,T-008,Lake Lisa,ME,21,Charles-Scott Medical School,3429.0,3417.0,0.3511852502194907,889.0,25.925925925925924,10,6,5,7.3,Gold,5.5,C (Retain - Monthly),14.0
PH-1893,8327966379,Kristen,Murphy,Oncology,T-038,Lake Heatherfort,NV,8,Nelson-Knight Medical School,60.0,52.0,15.384615384615383,18.0,30.0,8,8,6,7.399999999999999,Gold,7.0,A (Protect - Weekly),8.0
PH-1894,4687144693,Tonya,Carroll,Emergency Medicine,T-035,Johnmouth,MA,14,Powell-Valdez Medical School,35.0,37.0,-5.405405405405405,6.0,17.142857142857142,7,4,3,4.9,Bronze,3.5,C (Retain - Monthly),40.0
PH-1895,3940269089,Linda,Adams,Internal Medicine,T-010,Myershaven,CA,12,Stanley PLC Medical School,19.0,9.0,111.11111111111111,3.0,15.789473684210526,5,10,3,5.9,Silver,6.5,B (Grow - Bi-weekly),27.0
PH-1896,2292324687,Derrick,Berger,Internal Medicine,T-034,South Jared,NM,10,"Grant, Nelson and Zavala Medical School",3.0,0.0,0.0,0.0,0.0,2,6,2,3.2,Bronze,4.0,D (Monitor - Quarterly),55.0
PH-1897,1386748578,John,Hebert,Gastroenterology,T-017,Markfurt,TX,3,Lowe-Cole Medical School,0.0,0.0,0.0,0.0,0.0,1,6,2,2.8,Bronze,4.0,D (Monitor - Quarterly),57.0
PH-1898,6578680055,Carlos,Navarro,Internal Medicine,T-001,Walshfort,SD,12,Green-Scott Medical School,34.0,32.0,6.25,11.0,32.35294117647059,7,7,6,6.7,Silver,6.5,A (Protect - Weekly),23.0
PH-1899,9436327056,Daniel,Hayden,Cardiology,T-013,Jamesview,AS,34,Thompson-Brown Medical School,88.0,90.0,-2.2222222222222223,44.0,50.0,9,4,9,7.5,Gold,6.5,A (Protect - Weekly),13.0
PH-1900,2186747152,Brent,Nguyen,Family Practice,T-022,New Tashastad,TN,4,"Smith, Peterson and Brooks Medical School",39.0,20.0,95.0,5.0,12.82051282051282,7,10,3,6.700000000000001,Silver,6.5,A (Protect - Weekly),16.0
PH-1901,1335850814,Vanessa,Gaines,Nephrology,T-019,Lake Anna,VI,2,Nolan-Jenkins Medical School,128.0,73.0,75.34246575342466,43.0,33.59375,9,9,7,8.4,Platinum,8.0,A (Protect - Weekly),3.0
PH-1902,3279042338,Cody,Morales,Internal Medicine,T-010,Lake Madisonton,AZ,34,Hernandez-Morrison Medical School,0.0,0.0,0.0,0.0,0.0,1,6,2,2.8,Bronze,4.0,D (Monitor - Quarterly),49.0
PH-1903,8457496599,Andrew,Boone,Internal Medicine,T-011,Smithburgh,MI,12,"Oliver, Davis and Wilson Medical School",15.0,14.0,7.142857142857142,6.0,40.0,5,7,8,6.5,Silver,7.5,B (Grow - Bi-weekly),22.0
PH-1904,4358304077,Jessica,Harmon,Family Practice,T-008,Davidton,NE,11,Smith and Sons Medical School,3.0,11.0,-72.72727272727273,1.0,33.33333333333333,2,1,7,3.2,Bronze,4.0,D (Monitor - Quarterly),46.0
PH-1905,2168974537,Daniel,Murillo,Internal Medicine,T-036,Port Eric,LA,10,Miller and Sons Medical School,22.0,20.0,10.0,8.0,36.36363636363637,6,7,7,6.6,Silver,7.0,B (Grow - Bi-weekly),20.0
PH-1906,7431266656,Melissa,Thompson,Oncology,T-008,South Christopher,MT,36,Morgan-Johnson Medical School,0.0,0.0,0.0,0.0,0.0,1,6,2,2.8,Bronze,4.0,D (Monitor - Quarterly),50.0
PH-1907,2475552672,Patricia,Craig,Cardiology,T-012,Sotofort,WA,14,Thomas Ltd Medical School,494.0,480.0,2.9166666666666665,218.0,44.12955465587044,10,7,9,8.799999999999999,Platinum,8.0,A (Protect - Weekly),1.0
PH-1908,5100568706,Beth,Flores,Geriatrics,T-021,Port Chadburgh,CO,22,"Mills, Atkinson and Chavez Medical School",1.0,11.0,-90.9090909090909,1.0,100.0,2,1,10,4.1,Bronze,5.5,D (Monitor - Quarterly),44.0
PH-1909,9323539330,Crystal,Wood,Nephrology,T-030,Jessicamouth,CO,39,Rivera-Roth Medical School,209.0,177.0,18.07909604519774,52.0,24.880382775119617,10,8,5,7.9,Platinum,6.5,A (Protect - Weekly),7.0
PH-1910,7943218302,Joseph,Foster,Emergency Medicine,T-023,Roberthaven,WY,7,Fuller-Sutton Medical School,13.0,14.0,-7.142857142857142,5.0,38.46153846153847,4,4,8,5.199999999999999,Bronze,6.0,B (Grow - Bi-weekly),43.0
PH-1911,1902041154,Amy,Johnson,Internal Medicine,T-026,Coreybury,ID,38,Myers-Diaz Medical School,1205.0,1127.0,6.921029281277728,430.0,35.684647302904565,10,7,7,8.2,Platinum,7.0,A (Protect - Weekly),9.0
PH-1912,3363305754,James,Haynes,Oncology,T-022,North Beckyside,MH,10,Wilson-Wise Medical School,37.0,23.0,60.86956521739131,9.0,24.324324324324326,7,9,5,7.0,Gold,7.0,A (Protect - Weekly),12.0
PH-1913,4377021704,Scott,Rodriguez,Emergency Medicine,T-006,West Jane,VI,17,"Jackson, Roach and Davenport Medical School",187.0,254.0,-26.37795275590551,44.0,23.52941176470588,10,2,4,5.8,Bronze,3.0,C (Retain - Monthly),29.0
PH-1914,3397178568,Daniel,Gray,Neurology,T-038,Brooksstad,PA,24,Snyder Ltd Medical School,0.0,0.0,0.0,0.0,0.0,1,6,2,2.8,Bronze,4.0,D (Monitor - Quarterly),48.0
PH-1915,3930105591,Kim,Obrien,Family Practice,T-008,East Jennifer,CA,21,Chapman-Carney Medical School,63.0,66.0,-4.545454545454546,9.0,14.285714285714285,8,4,3,5.300000000000001,Bronze,3.5,C (Retain - Monthly),36.0
PH-1916,6470894406,Michael,Love,Endocrinology,T-021,Sarahstad,GU,39,Werner LLC Medical School,144.0,153.0,-5.88235294117647,33.0,22.916666666666664,9,4,4,6.0,Silver,4.0,C (Retain - Monthly),25.0
PH-1917,9357076509,Jose,White,Family Practice,T-018,South Amandamouth,NE,28,Delgado Ltd Medical School,9.0,0.0,0.0,5.0,55.55555555555556,4,6,10,6.4,Silver,8.0,B (Grow - Bi-weekly),18.0
PH-1918,2719260261,David,Graham,Cardiology,T-032,Lake Davidbury,NE,12,Matthews Inc Medical School,5.0,0.0,0.0,5.0,100.0,3,6,10,6.0,Silver,8.0,B (Grow - Bi-weekly),31.0
PH-1919,9490817003,Virginia,Porter,Internal Medicine,T-027,Estradahaven,AK,10,Hickman-Pham Medical School,18.0,17.0,5.88235294117647,9.0,50.0,5,7,9,6.799999999999999,Silver,8.0,B (Grow - Bi-weekly),9.0
PH-1920,8777701497,Dennis,Cruz,Endocrinology,T-032,North Daniel,MA,26,Holland-Mejia Medical School,228.0,240.0,-5.0,65.0,28.50877192982456,10,4,6,7.0,Gold,5.0,C (Retain - Monthly),19.0
PH-1921,9646077359,Michael,Dominguez,Family Practice,T-023,New Lisaberg,AZ,34,Grimes-Valenzuela Medical School,38.0,25.0,52.0,16.0,42.10526315789473,7,9,8,7.9,Platinum,8.5,A (Protect - Weekly),9.0
PH-1922,1356397489,Gregg,Williams,Family Practice,T-040,Kellychester,NH,23,"Baker, Cochran and Warren Medical School",25.0,26.0,-3.8461538461538463,8.0,32.0,6,4,6,5.4,Bronze,5.0,D (Monitor - Quarterly),29.0
PH-1923,7358182177,Jose,Cole,Cardiology,T-007,Victorbury,MN,40,"Mcfarland, Estrada and Landry Medical School",6.0,5.0,20.0,0.0,0.0,3,8,2,4.2,Bronze,5.0,D (Monitor - Quarterly),38.0
PH-1924,8438356999,Terry,Martinez,Hospitalist,T-002,Duaneton,MP,18,Carr Inc Medical School,0.0,0.0,0.0,0.0,0.0,1,6,2,2.8,Bronze,4.0,D (Monitor - Quarterly),62.0
PH-1925,6469126719,Christopher,Fisher,Cardiology,T-037,East Mike,TX,34,Lewis Inc Medical School,118.0,121.0,-2.479338842975207,58.0,49.15254237288136,9,4,9,7.5,Gold,6.5,A (Protect - Weekly),11.0
PH-1926,3878305682,Zachary,Rojas,Neurology,T-018,Brooksbury,MA,24,Thompson-Norris Medical School,0.0,0.0,0.0,0.0,0.0,1,6,2,2.8,Bronze,4.0,D (Monitor - Quarterly),47.0
PH-1927,294874781,Daniel,Hansen,Neurology,T-030,Garzashire,ID,10,Reese-Martinez Medical School,31.0,32.0,-3.125,3.0,9.67741935483871,6,4,3,4.5,Bronze,3.5,D (Monitor - Quarterly),36.0
PH-1928,3922293177,William,Rogers,Family Practice,T-011,Port Johnview,TX,2,"Shepherd, Gonzales and Copeland Medical School",222.0,228.0,-2.631578947368421,65.0,29.27927927927928,10,4,6,7.0,Gold,5.0,C (Retain - Monthly),16.0
PH-1929,557779174,James,Melendez,General Practice,T-036,Jasonmouth,IL,33,Wright-Buckley Medical School,7.0,1.0,600.0,0.0,0.0,3,10,2,4.8,Bronze,6.0,B (Grow - Bi-weekly),39.0
PH-1930,1157509272,Brendan,Nelson,Neurology,T-040,Lake Kristinfurt,OR,25,"Bond, Hayes and Gomez Medical School",33.0,43.0,-23.25581395348837,7.0,21.21212121212121,7,3,4,4.9,Bronze,3.5,C (Retain - Monthly),35.0
PH-1931,6294339168,Nicholas,Serrano,Internal Medicine,T-019,Brayhaven,ND,18,Nguyen-Ross Medical School,3.0,0.0,0.0,0.0,0.0,2,6,2,3.2,Bronze,4.0,D (Monitor - Quarterly),52.0
PH-1932,4394410104,Dustin,Tucker,Family Practice,T-019,Greenborough,MI,23,Skinner-Hernandez Medical School,38.0,41.0,-7.317073170731707,12.0,31.57894736842105,7,4,6,5.8,Bronze,5.0,C (Retain - Monthly),34.0
PH-1933,181889699,Darlene,Lewis,Internal Medicine,T-016,Port Melanie,SC,1,"Sanchez, West and Ashley Medical School",4.0,6.0,-33.33333333333333,0.0,0.0,2,2,2,2.0,Bronze,2.0,D (Monitor - Quarterly),34.0
PH-1934,3848111570,Melissa,Evans,Cardiology,T-034,Randallland,VI,8,Mitchell-Fitzpatrick Medical School,74.0,81.0,-8.641975308641975,35.0,47.2972972972973,8,4,9,7.1,Gold,6.5,A (Protect - Weekly),15.0
PH-1935,2624554620,Rhonda,Ali,Internal Medicine,T-005,West Jenna,WY,26,Dean-Dominguez Medical School,5.0,12.0,-58.333333333333336,0.0,0.0,3,1,2,2.1,Bronze,1.5,D (Monitor - Quarterly),55.0
PH-1936,2394071734,Jeremy,Cruz,Endocrinology,T-013,Port Claudiamouth,MP,19,Kennedy-Williams Medical School,15.0,24.0,-37.5,2.0,13.333333333333334,5,2,3,3.5,Bronze,2.5,D (Monitor - Quarterly),56.0
PH-1937,603981079,Wanda,Howard,Family Practice,T-026,Leeberg,CA,40,Chen-Rojas Medical School,34.0,38.0,-10.526315789473683,7.0,20.588235294117645,7,4,4,5.2,Bronze,4.0,C (Retain - Monthly),39.0
PH-1938,2022417561,Patrick,Williams,Nephrology,T-012,Ryanland,NC,2,"Best, Rogers and Martinez Medical School",5.0,1.0,400.0,0.0,0.0,3,10,2,4.8,Bronze,6.0,B (Grow - Bi-weekly),33.0
PH-1939,3366502859,Lauren,Jones,Cardiology,T-028,Hortonmouth,OH,18,Gonzales PLC Medical School,88.0,92.0,-4.3478260869565215,54.0,61.36363636363637,9,4,10,7.8,Gold,7.0,A (Protect - Weekly),6.0
PH-1940,1578290524,Brittany,Jackson,Family Practice,T-022,Lake Ginaport,GA,12,"Aguilar, Lawson and Gordon Medical School",5.0,21.0,-76.19047619047619,4.0,80.0,3,1,10,4.5,Bronze,5.5,D (Monitor - Quarterly),39.0
PH-1941,4140138569,Bianca,Carpenter,Cardiology,T-037,Melissachester,MD,7,Smith Inc Medical School,72.0,43.0,67.44186046511628,26.0,36.11111111111111,8,9,7,8.0,Platinum,8.0,A (Protect - Weekly),6.0
PH-1942,2017402098,Deborah,Miles,Hospitalist,T-024,Montgomeryhaven,NY,12,"Myers, Cox and Phillips Medical School",1.0,6.0,-83.33333333333334,0.0,0.0,2,1,2,1.7000000000000002,Bronze,1.5,D (Monitor - Quarterly),57.0
PH-1943,1827291367,Olivia,Murphy,Internal Medicine,T-040,South Larryview,UT,9,"Ray, Ferrell and Levy Medical School",52.0,64.0,-18.75,22.0,42.30769230769231,8,3,8,6.5,Silver,5.5,C (Retain - Monthly),22.0
PH-1944,3218011308,Leonard,Taylor,Family Practice,T-037,West Richardside,WI,13,Eaton and Sons Medical School,5.0,3.0,66.66666666666666,2.0,40.0,3,9,8,6.3,Silver,8.5,B (Grow - Bi-weekly),27.0
PH-1945,4284022462,Sherri,Woods,Neurology,T-010,Lake Johnburgh,AL,13,Edwards LLC Medical School,18.0,15.0,20.0,9.0,50.0,5,8,9,7.1,Gold,8.5,B (Grow - Bi-weekly),10.0
PH-1946,2386707760,Larry,Taylor,Internal Medicine,T-015,Lake Victoria,TN,7,"Lawrence, Nichols and Bowman Medical School",7.0,3.0,133.33333333333331,3.0,42.85714285714285,3,10,8,6.6,Silver,9.0,B (Grow - Bi-weekly),22.0
PH-1947,6674087721,Bernard,Santos,Hematology,T-032,Port Kelly,UT,35,Smith and Sons Medical School,50.0,68.0,-26.47058823529412,7.0,14.000000000000002,8,2,3,4.7,Bronze,2.5,C (Retain - Monthly),41.0
PH-1948,510972472,Melvin,White,Internal Medicine,T-036,Keithland,NE,21,"Cochran, Zhang and Watkins Medical School",7.0,7.0,0.0,5.0,71.42857142857143,3,6,10,6.0,Silver,8.0,B (Grow - Bi-weekly),26.0
PH-1949,3927639852,Jeffrey,Sandoval,Family Practice,T-004,Port Sarah,OK,11,Velez Ltd Medical School,182.0,154.0,18.181818181818183,63.0,34.61538461538461,10,8,7,8.5,Platinum,7.5,A (Protect - Weekly),2.0
PH-1950,3278680704,Henry,Walter,Gastroenterology,T-037,Rebeccamouth,WI,23,"Hall, Meyer and Guzman Medical School",134.0,142.0,-5.633802816901409,38.0,28.35820895522388,9,4,6,6.6,Silver,5.0,C (Retain - Monthly),23.0
PH-1951,9311699213,Lucas,Edwards,Family Practice,T-027,Cortezstad,AL,39,Lucero-Barajas Medical School,10.0,3.0,233.33333333333331,4.0,40.0,4,10,8,7.0,Gold,9.0,B (Grow - Bi-weekly),5.0
PH-1952,775088494,Donna,Lynch,Internal Medicine,T-023,Gonzalezstad,NH,16,Wagner-Bush Medical School,37.0,41.0,-9.75609756097561,19.0,51.35135135135135,7,4,9,6.699999999999999,Silver,6.5,A (Protect - Weekly),20.0
PH-1953,6213805951,Cheryl,Morrow,Family Practice,T-004,Jodiview,WA,40,Martin LLC Medical School,3.0,1.0,200.0,0.0,0.0,2,10,2,4.4,Bronze,6.0,B (Grow - Bi-weekly),42.0
PH-1954,9551330591,Michael,Davis,Nephrology,T-025,Clarkstad,DE,12,"Padilla, Rangel and Johnson Medical School",12.0,13.0,-7.6923076923076925,3.0,25.0,4,4,5,4.3,Bronze,4.5,D (Monitor - Quarterly),38.0
PH-1955,6745136365,Jessica,Smith,Family Practice,T-033,Jessicaview,CA,28,Young-Andrade Medical School,57.0,59.0,-3.389830508474576,23.0,40.35087719298245,8,4,8,6.800000000000001,Silver,6.0,A (Protect - Weekly),16.0
PH-1956,2234267870,Victoria,Gonzalez,Endocrinology,T-005,East Cynthia,ND,28,Taylor Inc Medical School,32.0,48.0,-33.33333333333333,8.0,25.0,7,2,5,4.9,Bronze,3.5,C (Retain - Monthly),40.0
PH-1957,7189935475,Natalie,Best,Oncology,T-005,North Rebeccamouth,WA,34,Gould-Henderson Medical School,35.0,27.0,29.629629629629623,8.0,22.857142857142858,7,8,4,6.4,Silver,6.0,A (Protect - Weekly),22.0
PH-1958,7311493310,Wendy,Gordon,Hospitalist,T-013,East Brian,NE,39,"Wang, Harrington and Perkins Medical School",8.0,7.0,14.285714285714285,1.0,12.5,3,7,3,4.2,Bronze,5.0,D (Monitor - Quarterly),47.0
PH-1959,4003818036,Kenneth,Crane,Hospitalist,T-014,Lake Benjaminton,DC,11,Mason LLC Medical School,11.0,15.0,-26.666666666666668,8.0,72.72727272727273,4,2,10,5.2,Bronze,6.0,B (Grow - Bi-weekly),25.0
PH-1960,1408170284,Teresa,Brown,Hospitalist,T-004,Patelborough,HI,33,Campbell PLC Medical School,2.0,0.0,0.0,1.0,50.0,2,6,9,5.299999999999999,Bronze,7.5,B (Grow - Bi-weekly),32.0
PH-1961,9703204347,Jonathan,Ramsey,Internal Medicine,T-008,Kevinville,AZ,37,Ward-Harrell Medical School,59.0,66.0,-10.606060606060606,24.0,40.67796610169492,8,4,8,6.800000000000001,Silver,6.0,A (Protect - Weekly),21.0
PH-1962,460104131,Jimmy,Richardson,Emergency Medicine,T-010,Duncanberg,AR,15,"Kennedy, Daugherty and Thomas Medical School",40.0,3.0,1233.3333333333337,12.0,30.0,7,10,6,7.6,Gold,8.0,A (Protect - Weekly),7.0
PH-1963,2395672176,Laura,Jones,Rheumatology,T-005,Espinozamouth,NM,29,Alvarez-Kim Medical School,45.0,54.0,-16.666666666666664,15.0,33.33333333333333,7,3,7,5.800000000000001,Silver,5.0,C (Retain - Monthly),29.0
PH-1964,5138771239,Amanda,Patel,Family Practice,T-010,New Stephen,SC,12,Williams PLC Medical School,7.0,7.0,0.0,3.0,42.85714285714285,3,6,8,5.4,Bronze,7.0,B (Grow - Bi-weekly),31.0
PH-1965,7304519455,Jocelyn,Ortiz,Hospitalist,T-031,Lake Jillmouth,MP,18,"Walker, Wilson and Peters Medical School",6.0,7.0,-14.285714285714285,1.0,16.666666666666664,3,3,3,3.0,Bronze,3.0,D (Monitor - Quarterly),44.0
PH-1966,796403157,Linda,Hicks,Cardiology,T-036,New Daniel,ND,25,"Nguyen, Stanley and Cortez Medical School",23.0,7.0,228.57142857142856,15.0,65.21739130434783,6,10,10,8.4,Platinum,10.0,B (Grow - Bi-weekly),2.0
PH-1967,544933927,Christopher,Elliott,Family Practice,T-034,Anthonychester,IN,36,"Edwards, Fisher and Bryant Medical School",0.0,0.0,0.0,0.0,0.0,1,6,2,2.8,Bronze,4.0,D (Monitor - Quarterly),58.0
PH-1968,2071537842,Brian,Woodard,Neurology,T-009,Faithstad,VA,18,Campos-Nunez Medical School,10.0,9.0,11.11111111111111,2.0,20.0,4,7,4,4.9,Bronze,5.5,D (Monitor - Quarterly),32.0
PH-1969,4407896778,Nancy,Medina,Rheumatology,T-034,Lake Jennifer,VA,14,Proctor Inc Medical School,77.0,75.0,2.666666666666667,18.0,23.37662337662337,8,6,4,6.2,Silver,5.0,C (Retain - Monthly),27.0
PH-1970,72040947,Kathleen,Jones,Family Practice,T-015,Port Glennfurt,CT,28,"Wallace, Barnett and Medina Medical School",177.0,190.0,-6.842105263157896,65.0,36.72316384180791,10,4,7,7.300000000000001,Gold,5.5,C (Retain - Monthly),11.0
PH-1971,410486671,Alejandra,Scott,Internal Medicine,T-012,Eduardochester,DC,5,Turner-Valentine Medical School,30.0,24.0,25.0,16.0,53.333333333333336,6,8,10,7.800000000000001,Platinum,9.0,B (Grow - Bi-weekly),5.0
PH-1972,7049867110,Tina,Shaw,Internal Medicine,T-001,Osbornebury,IA,39,Nguyen Inc Medical School,13.0,32.0,-59.375,3.0,23.07692307692308,4,1,4,3.1,Bronze,2.5,D (Monitor - Quarterly),50.0
PH-1973,4430732466,Kendra,Knight,Pulmonology,T-017,Sandovalview,PA,27,"Brown, Lewis and Parsons Medical School",0.0,0.0,0.0,0.0,0.0,1,6,2,2.8,Bronze,4.0,D (Monitor - Quarterly),58.0
PH-1974,4381779989,Ashley,Green,Geriatrics,T-039,West Tanner,LA,26,"Martinez, Hickman and Frazier Medical School",109.0,145.0,-24.82758620689655,31.0,28.440366972477065,9,3,6,6.3,Silver,4.5,C (Retain - Monthly),16.0
PH-1975,186432314,Sandra,Norris,Nephrology,T-038,Collinville,GA,23,Richardson-Miller Medical School,0.0,0.0,0.0,0.0,0.0,1,6,2,2.8,Bronze,4.0,D (Monitor - Quarterly),49.0
PH-1976,7003437432,Michael,James,Family Practice,T-009,Phillipsmouth,IL,4,Taylor-Davis Medical School,353.0,357.0,-1.1204481792717087,130.0,36.827195467422094,10,5,7,7.6,Gold,6.0,A (Protect - Weekly),6.0
PH-1977,2311541119,Mary,Santana,Endocrinology,T-002,North Nicholas,NM,24,Wright Group Medical School,22.0,15.0,46.66666666666666,2.0,9.090909090909092,6,9,3,6.0,Silver,6.0,B (Grow - Bi-weekly),28.0
PH-1978,9300522144,Frank,Hancock,Internal Medicine,T-031,Valdezbury,WA,31,Velasquez-Castro Medical School,13.0,15.0,-13.333333333333334,4.0,30.76923076923077,4,3,6,4.3,Bronze,4.5,D (Monitor - Quarterly),38.0
PH-1979,2561161599,Jennifer,Collins,Rheumatology,T-034,South Laura,CO,24,"Hill, Wilcox and Edwards Medical School",195.0,215.0,-9.30232558139535,39.0,20.0,10,4,4,6.4,Silver,4.0,C (Retain - Monthly),26.0
PH-1980,7582682950,Amanda,Nelson,Family Practice,T-026,Tammyburgh,AS,16,Anderson LLC Medical School,0.0,0.0,0.0,0.0,0.0,1,6,2,2.8,Bronze,4.0,D (Monitor - Quarterly),50.0
PH-1981,8593580352,William,Johnson,Endocrinology,T-013,Port Tylerton,VI,15,Moran-Romero Medical School,23.0,35.0,-34.285714285714285,2.0,8.695652173913043,6,2,3,3.9,Bronze,2.5,D (Monitor - Quarterly),53.0
PH-1982,9735442524,Jane,Kennedy,Family Practice,T-016,Olsonport,WI,30,Cunningham-Baker Medical School,35.0,22.0,59.09090909090909,13.0,37.142857142857146,7,9,7,7.6,Gold,8.0,A (Protect - Weekly),7.0
PH-1983,9304640060,Paul,Patel,Family Practice,T-036,South Kenneth,NE,3,Horne Ltd Medical School,5.0,8.0,-37.5,0.0,0.0,3,2,2,2.4000000000000004,Bronze,2.0,D (Monitor - Quarterly),55.0
PH-1984,7553779385,Rebecca,Grimes,Gastroenterology,T-022,Smithville,DC,12,Johnson LLC Medical School,21.0,12.0,75.0,0.0,0.0,6,9,2,5.699999999999999,Bronze,5.5,D (Monitor - Quarterly),30.0
PH-1985,725453960,Christopher,Hamilton,Endocrinology,T-004,East Megan,WA,31,Harrison-Alexander Medical School,24.0,50.0,-52.0,8.0,33.33333333333333,6,1,7,4.800000000000001,Bronze,4.0,D (Monitor - Quarterly),37.0
PH-1986,2625174316,Kim,Robinson,Geriatrics,T-023,Brianbury,WA,20,"Good, Waters and Phillips Medical School",51.0,44.0,15.909090909090908,6.0,11.76470588235294,8,8,3,6.5,Silver,5.5,C (Retain - Monthly),27.0
PH-1987,9884427895,Eric,Middleton,Cardiology,T-028,Davisfort,OR,16,Hudson-Swanson Medical School,0.0,0.0,0.0,0.0,0.0,1,6,2,2.8,Bronze,4.0,D (Monitor - Quarterly),49.0
PH-1988,5495957812,Shane,Lee,Endocrinology,T-015,South Jennaport,TX,17,"Roy, Owen and Gonzales Medical School",266.0,220.0,20.909090909090907,62.0,23.308270676691727,10,8,4,7.6,Gold,6.0,A (Protect - Weekly),8.0
PH-1989,1832240239,Tammie,Long,Family Practice,T-013,South Paul,NH,19,Hull-Nelson Medical School,5.0,5.0,0.0,0.0,0.0,3,6,2,3.6,Bronze,4.0,D (Monitor - Quarterly),54.0
PH-1990,404655112,Andrea,Hall,Internal Medicine,T-018,North Tammiestad,AL,14,Zimmerman and Sons Medical School,10.0,6.0,66.66666666666666,2.0,20.0,4,9,4,5.5,Bronze,6.5,B (Grow - Bi-weekly),28.0
PH-1991,8920745952,Laura,Frederick,Internal Medicine,T-036,South Kimberly,MH,20,Henry-Norton Medical School,7.0,8.0,-12.5,0.0,0.0,3,3,2,2.7,Bronze,2.5,D (Monitor - Quarterly),54.0
PH-1992,2393543373,Jessica,Anderson,Hematology,T-007,Meyerborough,PA,4,Carrillo-Lane Medical School,0.0,0.0,0.0,0.0,0.0,1,6,2,2.8,Bronze,4.0,D (Monitor - Quarterly),47.0
PH-1993,1510026077,Katherine,Jones,Family Practice,T-002,Lake Courtney,UT,5,"Cruz, Wiley and Estrada Medical School",0.0,0.0,0.0,0.0,0.0,1,6,2,2.8,Bronze,4.0,D (Monitor - Quarterly),63.0
PH-1994,6537155731,Tara,Kelly,Cardiology,T-032,New Ashleyborough,CA,13,"Chavez, Johnson and Patrick Medical School",1488.0,1495.0,-0.4682274247491638,694.0,46.63978494623656,10,5,9,8.2,Platinum,7.0,A (Protect - Weekly),4.0
PH-1995,5079337731,Toni,Salazar,Cardiology,T-010,West Shelly,WA,10,Holmes-Williams Medical School,12.0,10.0,20.0,2.0,16.666666666666664,4,8,3,4.9,Bronze,5.5,D (Monitor - Quarterly),36.0
PH-1996,2759082680,Aaron,Brown,Gastroenterology,T-021,East Anthony,SD,8,"Woods, Savage and Acevedo Medical School",2.0,3.0,-33.33333333333333,0.0,0.0,2,2,2,2.0,Bronze,2.0,D (Monitor - Quarterly),55.0
PH-1997,1894523959,Robert,Johnson,Internal Medicine,T-039,East Charles,MD,14,"Meadows, English and Black Medical School",1.0,4.0,-75.0,0.0,0.0,2,1,2,1.7000000000000002,Bronze,1.5,D (Monitor - Quarterly),49.0
PH-1998,7517579032,James,Fuentes,Internal Medicine,T-021,Port Ryantown,FM,9,"Campbell, Jones and Rogers Medical School",67.0,63.0,6.349206349206349,21.0,31.343283582089555,8,7,6,7.1000000000000005,Gold,6.5,A (Protect - Weekly),12.0
PH-1999,2413007886,Tristan,Bailey,Cardiology,T-031,Nguyenside,MA,40,Matthews PLC Medical School,150.0,169.0,-11.242603550295858,70.0,46.66666666666666,9,4,9,7.5,Gold,6.5,A (Protect - Weekly),7.0
PH-2000,1450497236,Robert,Carter,Family Practice,T-019,Andersonburgh,NY,36,Moses-Garcia Medical School,4.0,13.0,-69.23076923076923,2.0,50.0,2,1,9,3.8,Bronze,5.0,D (Monitor - Quarterly),51.0
PH-2001,1420438450,Evelyn,Barker,Nephrology,T-013,Thomasfort,FM,14,Green-Lee Medical School,0.0,0.0,0.0,0.0,0.0,1,6,2,2.8,Bronze,4.0,D (Monitor - Quarterly),61.0
PH-2002,4939416674,Tanya,Alexander,Neurology,T-029,Elliottstad,ND,36,Griffin-Oliver Medical School,6.0,4.0,50.0,0.0,0.0,3,9,2,4.5,Bronze,5.5,D (Monitor - Quarterly),43.0
PH-2003,1066726418,Seth,Young,Family Practice,T-010,Medinamouth,IL,31,Kennedy-Jones Medical School,0.0,0.0,0.0,0.0,0.0,1,6,2,2.8,Bronze,4.0,D (Monitor - Quarterly),50.0
PH-2004,2493164598,Yesenia,House,Emergency Medicine,T-001,Tinamouth,ND,7,Nelson Inc Medical School,5.0,0.0,0.0,2.0,40.0,3,6,8,5.4,Bronze,7.0,B (Grow - Bi-weekly),40.0
PH-2005,4079365187,Nathaniel,Hartman,Family Practice,T-021,South Rachel,MH,28,"Taylor, Williams and Arellano Medical School",19.0,22.0,-13.636363636363637,17.0,89.47368421052632,5,3,10,5.9,Silver,6.5,B (Grow - Bi-weekly),27.0
PH-2006,3273571256,Patricia,Branch,Emergency Medicine,T-023,East Melissatown,AK,20,"Deleon, Ellis and Hunter Medical School",5.0,4.0,25.0,4.0,80.0,3,8,10,6.6,Silver,9.0,B (Grow - Bi-weekly),23.0
PH-2007,9591532425,Kimberly,James,Endocrinology,T-025,New Ambertown,FM,28,Rangel-Shepherd Medical School,20.0,19.0,5.263157894736842,3.0,15.0,5,7,3,5.0,Bronze,5.0,D (Monitor - Quarterly),33.0
PH-2008,3690303413,Lydia,Sullivan,Internal Medicine,T-021,East Brianna,MD,18,Oconnor-Herrera Medical School,9.0,4.0,125.0,3.0,33.33333333333333,4,10,7,6.699999999999999,Silver,8.5,B (Grow - Bi-weekly),19.0
PH-2009,9977070600,Victor,Mcmillan,Family Practice,T-029,Port Joshuabury,IA,19,Johnson-Williams Medical School,341.0,305.0,11.80327868852459,120.0,35.19061583577713,10,7,7,8.2,Platinum,7.0,A (Protect - Weekly),4.0
PH-2010,4917443687,Christopher,Chandler,Family Practice,T-001,Allenmouth,NE,3,Golden LLC Medical School,194.0,233.0,-16.738197424892704,87.0,44.84536082474227,10,3,9,7.6,Gold,6.0,A (Protect - Weekly),11.0
PH-2011,7740545866,David,Hernandez,Oncology,T-035,Parkerview,GA,40,Hunter-Khan Medical School,27.0,23.0,17.391304347826086,0.0,0.0,6,8,2,5.4,Bronze,5.0,D (Monitor - Quarterly),36.0
PH-2012,1419887263,Jeanne,Parks,Internal Medicine,T-038,North Cynthia,DC,20,Reeves PLC Medical School,12.0,18.0,-33.33333333333333,4.0,33.33333333333333,4,2,7,4.300000000000001,Bronze,4.5,D (Monitor - Quarterly),37.0
PH-2013,9821590071,Jason,Booker,Internal Medicine,T-034,West Jenniferhaven,KS,21,Barnes-Mclean Medical School,7.0,27.0,-74.07407407407408,0.0,0.0,3,1,2,2.1,Bronze,1.5,D (Monitor - Quarterly),63.0
PH-2014,7154176604,Leslie,Kelley,Family Practice,T-023,New Christopher,CT,6,Jennings-Rodgers Medical School,13.0,24.0,-45.83333333333333,6.0,46.15384615384615,4,1,9,4.6,Bronze,5.0,D (Monitor - Quarterly),52.0
PH-2015,5767765766,Richard,King,Family Practice,T-013,Williamsstad,DC,23,Porter Ltd Medical School,69.0,71.0,-2.8169014084507045,33.0,47.82608695652174,8,4,9,7.1,Gold,6.5,A (Protect - Weekly),16.0
PH-2016,5296455217,Michael,Roberts,Oncology,T-002,Morenoshire,OH,19,"Freeman, Thomas and Ward Medical School",22.0,14.0,57.14285714285714,1.0,4.545454545454546,6,9,3,6.0,Silver,6.0,B (Grow - Bi-weekly),29.0
PH-2017,4220618506,Pamela,Jackson,Hospitalist,T-007,Bowersbury,SD,20,"Reynolds, Jennings and Johnson Medical School",116.0,106.0,9.433962264150944,23.0,19.82758620689655,9,7,4,6.9,Silver,5.5,C (Retain - Monthly),12.0
PH-2018,6724663903,Francis,Delacruz,Hematology,T-027,Johnborough,CO,2,"Horton, Cooke and Hoover Medical School",270.0,285.0,-5.263157894736842,67.0,24.814814814814813,10,4,5,6.7,Silver,4.5,C (Retain - Monthly),10.0
PH-2019,3301118406,Michael,Shaw,Family Practice,T-036,Matthewfort,MD,19,Anderson-Roberts Medical School,17.0,10.0,70.0,0.0,0.0,5,9,2,5.299999999999999,Bronze,5.5,D (Monitor - Quarterly),36.0
PH-2020,2961514369,Stephen,King,Rheumatology,T-039,Zimmermanhaven,IL,18,Jones-Chavez Medical School,24.0,21.0,14.285714285714285,3.0,12.5,6,7,3,5.4,Bronze,5.0,D (Monitor - Quarterly),26.0
PH-2021,9838713556,Stephanie,Sloan,Internal Medicine,T-007,Mcphersonbury,TN,17,Morton PLC Medical School,6.0,0.0,0.0,0.0,0.0,3,6,2,3.6,Bronze,4.0,D (Monitor - Quarterly),42.0
PH-2022,9586417825,Shirley,Hughes,Emergency Medicine,T-040,Lake Davidshire,DE,4,"Reynolds, Baker and Coleman Medical School",8.0,2.0,300.0,8.0,100.0,3,10,10,7.2,Gold,10.0,B (Grow - Bi-weekly),13.0
PH-2023,9476293684,Derrick,Fox,General Practice,T-005,Maryfort,OR,30,Lee-Olson Medical School,18.0,16.0,12.5,0.0,0.0,5,7,2,4.699999999999999,Bronze,4.5,D (Monitor - Quarterly),41.0
PH-2024,9010271909,Lawrence,Cortez,Family Practice,T-024,Port Albert,ND,29,"Gibson, Garcia and Anderson Medical School",8.0,3.0,166.66666666666669,2.0,25.0,3,10,5,5.7,Bronze,7.5,B (Grow - Bi-weekly),27.0
PH-2025,5190456244,Robert,White,Internal Medicine,T-024,North Peterchester,MT,14,Chen and Sons Medical School,171.0,149.0,14.76510067114094,59.0,34.50292397660819,9,8,7,8.1,Platinum,7.5,A (Protect - Weekly),4.0
PH-2026,9350824326,David,Allen,Internal Medicine,T-019,West Alexiston,SD,12,Edwards-Blackburn Medical School,2.0,7.0,-71.42857142857143,2.0,100.0,2,1,10,4.1,Bronze,5.5,D (Monitor - Quarterly),48.0
PH-2027,9841420248,Kenneth,Mullins,Internal Medicine,T-030,Brandonview,MN,24,Wolf Ltd Medical School,14.0,33.0,-57.57575757575758,10.0,71.42857142857143,5,1,10,5.3,Bronze,5.5,D (Monitor - Quarterly),32.0
PH-2028,9332809997,Andrew,Baker,Oncology,T-023,West Sarahborough,CO,17,Solomon Inc Medical School,41.0,22.0,86.36363636363636,12.0,29.268292682926827,7,10,6,7.6,Gold,8.0,A (Protect - Weekly),13.0
PH-2029,7718235327,Thomas,Day,Emergency Medicine,T-032,Grahammouth,KS,9,Sanders-Kim Medical School,37.0,43.0,-13.953488372093023,6.0,16.216216216216218,7,3,3,4.6,Bronze,3.0,C (Retain - Monthly),44.0
PH-2030,7573554814,Taylor,Davis,Hematology,T-024,Sullivanville,MA,35,"Wright, Robinson and Ingram Medical School",18.0,8.0,125.0,3.0,16.666666666666664,5,10,3,5.9,Silver,6.5,B (Grow - Bi-weekly),24.0
PH-2031,2942702150,Sarah,Garcia,Nephrology,T-019,Mariabury,SC,12,Hudson Group Medical School,123.0,109.0,12.844036697247708,33.0,26.82926829268293,9,7,5,7.2,Gold,6.0,A (Protect - Weekly),20.0
PH-2032,2798958247,Thomas,Lewis,Gastroenterology,T-021,Port Davidton,IN,1,Ellison-Barker Medical School,20.0,28.0,-28.57142857142857,1.0,5.0,5,2,3,3.5,Bronze,2.5,D (Monitor - Quarterly),46.0
PH-2033,1275939557,Elizabeth,Miller,Internal Medicine,T-032,Laurieland,WY,39,"Davis, Shepard and Lopez Medical School",25.0,20.0,25.0,13.0,52.0,6,8,9,7.5,Gold,8.5,B (Grow - Bi-weekly),12.0
PH-2034,2065910044,Jake,King,Endocrinology,T-018,South Joseph,KS,32,Colon Ltd Medical School,0.0,0.0,0.0,0.0,0.0,1,6,2,2.8,Bronze,4.0,D (Monitor - Quarterly),48.0
PH-2035,9691422007,Crystal,Martin,Nephrology,T-018,Sandershaven,IA,39,Moore-Romero Medical School,22.0,16.0,37.5,6.0,27.27272727272727,6,9,5,6.6,Silver,7.0,B (Grow - Bi-weekly),16.0
PH-2036,8785710933,Amber,Watson,Geriatrics,T-018,North Bradleyton,MH,8,Wade and Sons Medical School,83.0,88.0,-5.681818181818182,18.0,21.686746987951807,9,4,4,6.0,Silver,4.0,C (Retain - Monthly),22.0
PH-2037,2586775465,Andrea,Martinez,Nephrology,T-034,New Dominique,NH,7,"Johnson, Roberts and Lara Medical School",37.0,21.0,76.19047619047619,17.0,45.94594594594595,7,9,9,8.2,Platinum,9.0,A (Protect - Weekly),3.0
PH-2038,3324656841,Matthew,Goodman,Family Practice,T-038,West David,MD,9,Harris-Dudley Medical School,111.0,114.0,-2.631578947368421,49.0,44.14414414414414,9,4,9,7.5,Gold,6.5,A (Protect - Weekly),7.0
PH-2039,1851769659,Michael,Carpenter,Geriatrics,T-008,Kristinatown,AZ,35,"Dorsey, Hull and Perez Medical School",19.0,21.0,-9.523809523809524,5.0,26.31578947368421,5,4,5,4.7,Bronze,4.5,D (Monitor - Quarterly),38.0
PH-2040,3752296484,Dana,Davis,Nephrology,T-014,East Tara,DC,28,Davis-Baker Medical School,2.0,3.0,-33.33333333333333,0.0,0.0,2,2,2,2.0,Bronze,2.0,D (Monitor - Quarterly),40.0
PH-2041,5795372376,Robert,Nelson,Gastroenterology,T-039,Douglaschester,ME,20,Brown PLC Medical School,0.0,0.0,0.0,0.0,0.0,1,6,2,2.8,Bronze,4.0,D (Monitor - Quarterly),40.0
PH-2042,7081372298,Douglas,Smith,Family Practice,T-028,West Danielle,FL,12,Stafford-Lambert Medical School,13.0,8.0,62.5,2.0,15.384615384615383,4,9,3,5.199999999999999,Bronze,6.0,B (Grow - Bi-weekly),38.0
PH-2043,9229501496,Rachael,Hawkins,Internal Medicine,T-014,South Lindashire,AS,22,Gonzalez-Brown Medical School,54.0,50.0,8.0,23.0,42.5925925925926,8,7,8,7.700000000000001,Gold,7.5,A (Protect - Weekly),7.0
PH-2044,8783476790,Brent,Rowland,Internal Medicine,T-020,West Kevin,NE,38,Bennett-Parker Medical School,69.0,111.0,-37.83783783783784,21.0,30.434782608695656,8,2,6,5.6,Bronze,4.0,C (Retain - Monthly),31.0
PH-2045,8360943868,Erik,Fleming,Cardiology,T-015,Rebeccatown,NC,24,Rogers-White Medical School,9.0,11.0,-18.181818181818183,6.0,66.66666666666666,4,3,10,5.5,Bronze,6.5,B (Grow - Bi-weekly),33.0
PH-2046,6297266923,Lindsay,Strickland,Internal Medicine,T-007,Sethburgh,NM,31,Chen LLC Medical School,18.0,21.0,-14.285714285714285,8.0,44.44444444444444,5,3,9,5.6,Bronze,6.0,B (Grow - Bi-weekly),30.0
PH-2047,6892704723,Kimberly,Frazier,Family Practice,T-005,Danachester,MT,38,Garcia-Gomez Medical School,18.0,19.0,-5.263157894736842,4.0,22.22222222222222,5,4,4,4.4,Bronze,4.0,D (Monitor - Quarterly),43.0
PH-2048,4961806862,Wayne,Dunn,Hematology,T-039,Benderburgh,KY,18,Munoz-Mercer Medical School,13.0,17.0,-23.52941176470588,0.0,0.0,4,3,2,3.1,Bronze,2.5,D (Monitor - Quarterly),37.0
PH-2049,395186956,Lauren,Hall,Hematology,T-015,Joshuaside,ND,30,Dominguez and Sons Medical School,4.0,7.0,-42.85714285714285,1.0,25.0,2,1,5,2.6,Bronze,3.0,D (Monitor - Quarterly),50.0
PH-2050,1838016934,Taylor,Richards,Neurology,T-017,Lake Marissa,PW,4,Snyder Group Medical School,1.0,5.0,-80.0,0.0,0.0,2,1,2,1.7000000000000002,Bronze,1.5,D (Monitor - Quarterly),62.0
PH-2051,9398012201,Paul,Davis,Family Practice,T-031,Henrytown,SC,39,Allen Inc Medical School,8.0,4.0,100.0,0.0,0.0,3,10,2,4.8,Bronze,6.0,B (Grow - Bi-weekly),34.0
PH-2052,5231336314,Kayla,Wheeler,Pulmonology,T-006,North Gary,AZ,38,Sanchez PLC Medical School,0.0,0.0,0.0,0.0,0.0,1,6,2,2.8,Bronze,4.0,D (Monitor - Quarterly),48.0
PH-2053,9672012959,Andrew,Charles,General Practice,T-034,North Elizabeth,NH,15,Reid-Ross Medical School,4.0,2.0,100.0,0.0,0.0,2,10,2,4.4,Bronze,6.0,B (Grow - Bi-weekly),44.0
PH-2054,9000191765,Megan,Stephenson,Cardiology,T-037,West Melissa,NC,32,Scott and Sons Medical School,0.0,0.0,0.0,0.0,0.0,1,6,2,2.8,Bronze,4.0,D (Monitor - Quarterly),51.0
PH-2055,8715154746,Christine,Wilson,Internal Medicine,T-022,Lake Hannahmouth,AL,22,Webb PLC Medical School,51.0,40.0,27.500000000000004,9.0,17.647058823529413,8,8,3,6.5,Silver,5.5,C (Retain - Monthly),24.0
PH-2056,2040093808,Sarah,Harris,Hospitalist,T-003,East Maryburgh,DE,12,Wade-Smith Medical School,8.0,11.0,-27.27272727272727,2.0,25.0,3,2,5,3.3000000000000003,Bronze,3.5,D (Monitor - Quarterly),40.0
PH-2057,5932418325,Jacob,Hayes,Family Practice,T-017,West Dylan,VI,7,Henson Inc Medical School,672.0,688.0,-2.3255813953488373,260.0,38.69047619047619,10,4,8,7.6,Gold,6.0,A (Protect - Weekly),10.0
PH-2058,3116795428,Stephanie,Mcgee,Internal Medicine,T-002,South Troy,AK,4,Curry Inc Medical School,6.0,5.0,20.0,1.0,16.666666666666664,3,8,3,4.5,Bronze,5.5,D (Monitor - Quarterly),46.0
PH-2059,6781167862,Stephanie,Smith,Cardiology,T-024,Codyborough,NY,17,Baxter-Webster Medical School,18.0,16.0,12.5,9.0,50.0,5,7,9,6.799999999999999,Silver,8.0,B (Grow - Bi-weekly),14.0
PH-2060,6730220994,Christopher,Jennings,Internal Medicine,T-019,Jasontown,LA,5,"Smith, Conner and Jones Medical School",9.0,17.0,-47.05882352941176,7.0,77.77777777777779,4,1,10,4.9,Bronze,5.5,D (Monitor - Quarterly),44.0
PH-2061,8410507550,Allison,Shaw,Gastroenterology,T-009,New Kelly,NM,27,Brown-Harrington Medical School,0.0,0.0,0.0,0.0,0.0,1,6,2,2.8,Bronze,4.0,D (Monitor - Quarterly),48.0
PH-2062,8467970083,Wendy,Santos,Endocrinology,T-021,Nelsonport,MP,24,Morgan PLC Medical School,86.0,103.0,-16.50485436893204,22.0,25.58139534883721,9,3,5,6.0,Silver,4.0,C (Retain - Monthly),26.0
PH-2063,3550172727,Danielle,Holden,Geriatrics,T-024,Lake Devin,HI,35,"Johnson, Bradford and Payne Medical School",0.0,0.0,0.0,0.0,0.0,1,6,2,2.8,Bronze,4.0,D (Monitor - Quarterly),51.0
PH-2064,3205112134,Anthony,Woodard,Oncology,T-037,Fergusonland,FM,40,"Carlson, Cox and White Medical School",251.0,254.0,-1.1811023622047243,64.0,25.49800796812749,10,5,5,7.0,Gold,5.0,C (Retain - Monthly),15.0
PH-2065,651174711,Steven,Barnett,Gastroenterology,T-035,Ambermouth,OK,31,Gaines-Hawkins Medical School,146.0,138.0,5.797101449275362,34.0,23.28767123287671,9,7,4,6.9,Silver,5.5,C (Retain - Monthly),15.0
PH-2066,3124079044,Amy,Miller,Internal Medicine,T-025,New Toni,NC,40,Ray Inc Medical School,27.0,34.0,-20.588235294117645,4.0,14.814814814814811,6,3,3,4.2,Bronze,3.0,D (Monitor - Quarterly),39.0
PH-2067,1456767761,Breanna,Morgan,Cardiology,T-014,Annetown,CT,13,Williams-Hernandez Medical School,46.0,36.0,27.77777777777778,11.0,23.91304347826087,7,8,5,6.7,Silver,6.5,A (Protect - Weekly),22.0
PH-2068,1764517702,Nicole,Wade,Family Practice,T-017,West Janestad,IN,36,Hayes-Sawyer Medical School,54.0,34.0,58.82352941176471,15.0,27.77777777777778,8,9,5,7.4,Gold,7.0,A (Protect - Weekly),13.0
PH-2069,7725320959,Dawn,White,Internal Medicine,T-035,Alexandriaside,NJ,17,Ward PLC Medical School,16.0,16.0,0.0,5.0,31.25,5,6,6,5.6,Bronze,6.0,B (Grow - Bi-weekly),32.0
PH-2070,7272993357,Patricia,Sims,Gastroenterology,T-013,Lake Rachel,AK,2,"Sanchez, Shaw and Wade Medical School",41.0,23.0,78.26086956521739,7.0,17.073170731707318,7,9,3,6.4,Silver,6.0,A (Protect - Weekly),20.0
PH-2071,3984648442,Erica,Wright,Family Practice,T-026,West Jennifer,MO,22,"Reed, Mckinney and Morrison Medical School",0.0,0.0,0.0,0.0,0.0,1,6,2,2.8,Bronze,4.0,D (Monitor - Quarterly),51.0
PH-2072,8867622735,Teresa,Delacruz,Internal Medicine,T-003,Port Larry,AL,35,Mccoy-Brown Medical School,0.0,0.0,0.0,0.0,0.0,1,6,2,2.8,Bronze,4.0,D (Monitor - Quarterly),44.0
PH-2073,1663340142,Christopher,Ross,Oncology,T-012,West Nicole,MA,24,Compton Group Medical School,24.0,6.0,300.0,6.0,25.0,6,10,5,6.9,Silver,7.5,B (Grow - Bi-weekly),15.0
PH-2074,3628862335,Stephen,Campbell,Emergency Medicine,T-039,Michaelville,WA,39,"Harding, Harris and Pitts Medical School",25.0,19.0,31.57894736842105,1.0,4.0,6,8,3,5.700000000000001,Bronze,5.5,D (Monitor - Quarterly),20.0
PH-2075,2111754944,Victoria,Cook,Cardiology,T-012,Garrettland,SC,13,"Schmidt, Evans and Chase Medical School",211.0,203.0,3.940886699507389,73.0,34.59715639810427,10,7,7,8.2,Platinum,7.0,A (Protect - Weekly),3.0
PH-2076,4638151291,David,Browning,Emergency Medicine,T-033,Karenburgh,MH,40,Guerrero-Roberts Medical School,0.0,0.0,0.0,0.0,0.0,1,6,2,2.8,Bronze,4.0,D (Monitor - Quarterly),45.0
PH-2077,9987247353,Denise,Howell,Family Practice,T-035,Brooksshire,AS,3,Ward Inc Medical School,104.0,115.0,-9.565217391304348,28.0,26.923076923076923,9,4,5,6.3,Silver,4.5,C (Retain - Monthly),25.0
PH-2078,751451834,Timothy,Carroll,Internal Medicine,T-026,North Matthew,NH,11,"Jackson, Nguyen and Gonzalez Medical School",8.0,6.0,33.33333333333333,7.0,87.5,3,9,10,6.9,Silver,9.5,B (Grow - Bi-weekly),24.0
PH-2079,1081246437,Amanda,Becker,Gastroenterology,T-010,Caseport,IL,34,"Williams, Meyers and Jones Medical School",13.0,15.0,-13.333333333333334,6.0,46.15384615384615,4,3,9,5.199999999999999,Bronze,6.0,B (Grow - Bi-weekly),33.0
PH-2080,4606696106,Lisa,Larson,Family Practice,T-031,Allenmouth,PW,11,Lawson-Ibarra Medical School,8.0,16.0,-50.0,4.0,50.0,3,1,9,4.2,Bronze,5.0,D (Monitor - Quarterly),40.0
PH-2081,2187906506,Chris,Mejia,Family Practice,T-002,Millershire,AL,6,Rodriguez and Sons Medical School,9.0,22.0,-59.09090909090909,3.0,33.33333333333333,4,1,7,4.0,Bronze,4.0,D (Monitor - Quarterly),53.0
PH-2082,5023160040,Jacob,Mcgrath,Internal Medicine,T-032,New Sarah,RI,20,"Perry, Carney and Dalton Medical School",10.0,0.0,0.0,6.0,60.0,4,6,10,6.4,Silver,8.0,B (Grow - Bi-weekly),25.0
PH-2083,3212086149,Amy,Thomas,Family Practice,T-016,Port Stevenfurt,WV,25,Williamson-Olsen Medical School,26.0,25.0,4.0,6.0,23.07692307692308,6,7,4,5.7,Bronze,5.5,D (Monitor - Quarterly),17.0
PH-2084,7842001414,Mary,Taylor,Nephrology,T-039,Smithfort,IN,17,Jackson-Thornton Medical School,72.0,81.0,-11.11111111111111,22.0,30.55555555555556,8,4,6,6.2,Silver,5.0,C (Retain - Monthly),17.0
PH-2085,8615952859,Jeanne,Greene,Family Practice,T-006,Hesterfort,UT,23,Lewis-Molina Medical School,20.0,17.0,17.647058823529413,6.0,30.0,5,8,6,6.2,Silver,7.0,B (Grow - Bi-weekly),26.0
PH-2086,7982930557,Timothy,Harrison,Cardiology,T-006,South Scott,AK,38,Collins-Garrett Medical School,32.0,17.0,88.23529411764706,18.0,56.25,7,10,10,8.8,Platinum,10.0,A (Protect - Weekly),1.0
PH-2087,593948150,Kelsey,Roth,Oncology,T-022,New Brian,IA,20,Dudley-Hamilton Medical School,101.0,113.0,-10.619469026548671,36.0,35.64356435643564,9,4,7,6.9,Silver,5.5,C (Retain - Monthly),14.0
PH-2088,285869660,Melissa,Barnes,Cardiology,T-029,Kylemouth,PW,8,Smith-Tucker Medical School,84.0,60.0,40.0,40.0,47.61904761904761,9,9,9,9.0,Platinum,9.0,A (Protect - Weekly),1.0
PH-2089,1210184262,Elizabeth,James,Nephrology,T-033,Robinhaven,AK,22,Bond LLC Medical School,22.0,16.0,37.5,0.0,0.0,6,9,2,5.699999999999999,Bronze,5.5,D (Monitor - Quarterly),30.0
PH-2090,9408593565,John,Moore,Oncology,T-005,Daniellefort,WI,39,Gallagher-Landry Medical School,9.0,7.0,28.57142857142857,3.0,33.33333333333333,4,8,7,6.1,Silver,7.5,B (Grow - Bi-weekly),27.0
PH-2091,5076557374,Ann,Brady,Oncology,T-037,Jessicaberg,MA,30,Jackson LLC Medical School,123.0,145.0,-15.172413793103448,40.0,32.52032520325203,9,3,6,6.3,Silver,4.5,C (Retain - Monthly),28.0
PH-2092,8467901752,Melissa,Christian,Family Practice,T-010,New Joshua,TX,15,Murphy-Martin Medical School,33.0,34.0,-2.941176470588235,11.0,33.33333333333333,7,4,7,6.1,Silver,5.5,C (Retain - Monthly),24.0
PH-2093,9674999020,Lori,Ortega,Internal Medicine,T-018,Josephmouth,AL,23,Castro Inc Medical School,10.0,5.0,100.0,5.0,50.0,4,10,9,7.299999999999999,Gold,9.5,B (Grow - Bi-weekly),9.0
PH-2094,5912426957,Pamela,Walker,Internal Medicine,T-038,Chadborough,TX,35,"Harrell, Brooks and Wright Medical School",7.0,12.0,-41.66666666666667,6.0,85.71428571428571,3,1,10,4.5,Bronze,5.5,D (Monitor - Quarterly),35.0
PH-2095,2946142620,Joseph,Dixon,Family Practice,T-002,North Raymond,IA,30,Baker Group Medical School,95.0,99.0,-4.040404040404041,43.0,45.26315789473684,9,4,9,7.5,Gold,6.5,A (Protect - Weekly),13.0
PH-2096,1189787372,Adrienne,Curtis,Pulmonology,T-016,Wendyborough,TN,5,Holt Inc Medical School,0.0,0.0,0.0,0.0,0.0,1,6,2,2.8,Bronze,4.0,D (Monitor - Quarterly),28.0
PH-2097,4191716033,Tricia,Rojas,Neurology,T-039,North William,MN,20,Campbell-Rice Medical School,1583.0,1603.0,-1.2476606363069247,343.0,21.667719519898927,10,5,4,6.7,Silver,4.5,C (Retain - Monthly),13.0
PH-2098,4366020931,Jeffrey,Lozano,Neurology,T-027,Lake Ericland,AZ,30,"Allen, Perry and Hardy Medical School",5.0,0.0,0.0,0.0,0.0,3,6,2,3.6,Bronze,4.0,D (Monitor - Quarterly),37.0
PH-2099,6777736576,Larry,Bailey,Cardiology,T-027,Christinaton,IL,26,Lam-Gordon Medical School,96.0,130.0,-26.15384615384616,47.0,48.95833333333333,9,2,9,6.9,Silver,5.5,C (Retain - Monthly),8.0
PH-2100,9543511026,Claudia,Andrews,Internal Medicine,T-038,Jamieton,ND,5,"Dennis, Taylor and Vazquez Medical School",27.0,7.0,285.7142857142857,2.0,7.4074074074074066,6,10,3,6.300000000000001,Silver,6.5,B (Grow - Bi-weekly),15.0
PH-2101,3135148550,Steven,Thomas,Hospitalist,T-034,Andreberg,AS,15,Smith-Alexander Medical School,16.0,22.0,-27.27272727272727,1.0,6.25,5,2,3,3.5,Bronze,2.5,D (Monitor - Quarterly),52.0
PH-2102,1514487621,Sarah,Conway,Family Practice,T-031,Haleyside,IA,19,"Zhang, Guerrero and Chavez Medical School",182.0,148.0,22.972972972972972,48.0,26.373626373626376,10,8,5,7.9,Platinum,6.5,A (Protect - Weekly),4.0
PH-2103,9730294069,Mark,Woods,Rheumatology,T-029,West Gary,AZ,39,Perez LLC Medical School,2.0,21.0,-90.47619047619048,1.0,50.0,2,1,9,3.8,Bronze,5.0,D (Monitor - Quarterly),48.0
PH-2104,8937712582,Amanda,Schmidt,General Practice,T-003,New Elizabethshire,ME,29,"Howard, Miller and Shelton Medical School",23.0,17.0,35.294117647058826,5.0,21.73913043478261,6,9,4,6.3,Silver,6.5,B (Grow - Bi-weekly),25.0
PH-2105,5991945644,Ryan,Saunders,Hospitalist,T-033,East Makayla,AL,38,Scott LLC Medical School,0.0,0.0,0.0,0.0,0.0,1,6,2,2.8,Bronze,4.0,D (Monitor - Quarterly),46.0
PH-2106,2428678554,Tristan,Smith,Gastroenterology,T-027,New Briannafort,PA,33,"Reed, Williams and Barry Medical School",0.0,0.0,0.0,0.0,0.0,1,6,2,2.8,Bronze,4.0,D (Monitor - Quarterly),39.0
PH-2107,4670936725,Rebecca,Paul,Oncology,T-031,North Laurenport,TN,38,Murray Ltd Medical School,5.0,9.0,-44.44444444444444,1.0,20.0,3,1,4,2.7,Bronze,2.5,D (Monitor - Quarterly),46.0
PH-2108,734603161,Jeffrey,Evans,General Practice,T-027,Matthewsberg,AS,36,"Reese, Cruz and Adams Medical School",47.0,40.0,17.5,13.0,27.659574468085108,7,8,5,6.7,Silver,6.5,A (Protect - Weekly),11.0
PH-2109,7527542832,Kathleen,Webster,Oncology,T-018,Mcdanielhaven,MA,1,Chung Ltd Medical School,2.0,1.0,100.0,0.0,0.0,2,10,2,4.4,Bronze,6.0,B (Grow - Bi-weekly),37.0
PH-2110,668815571,Heather,Diaz,Endocrinology,T-035,Byrdland,VI,31,Perry-Odom Medical School,0.0,0.0,0.0,0.0,0.0,1,6,2,2.8,Bronze,4.0,D (Monitor - Quarterly),50.0
PH-2111,4093636460,Matthew,Andrade,Internal Medicine,T-001,Davidchester,DE,25,Robinson PLC Medical School,18.0,19.0,-5.263157894736842,7.0,38.88888888888889,5,4,8,5.6,Bronze,6.0,B (Grow - Bi-weekly),38.0
PH-2112,5632245182,Nathaniel,Lawson,Rheumatology,T-020,New Davidberg,SD,3,"Jordan, Bradley and Singleton Medical School",47.0,25.0,88.0,8.0,17.02127659574468,7,10,3,6.700000000000001,Silver,6.5,A (Protect - Weekly),19.0
PH-2113,4869784879,Karen,Romero,Internal Medicine,T-002,Stevensonland,OK,18,Spears-Brown Medical School,69.0,54.0,27.77777777777778,25.0,36.231884057971016,8,8,7,7.699999999999999,Gold,7.5,A (Protect - Weekly),12.0
PH-2114,2704369225,Lisa,Dennis,Cardiology,T-010,Kingbury,AL,5,Anderson LLC Medical School,11.0,3.0,266.66666666666663,1.0,9.090909090909092,4,10,3,5.5,Bronze,6.5,B (Grow - Bi-weekly),29.0
PH-2115,6901763191,Ashley,Shaw,Geriatrics,T-034,Sancheztown,MP,38,"Cox, Reed and Burnett Medical School",0.0,0.0,0.0,0.0,0.0,1,6,2,2.8,Bronze,4.0,D (Monitor - Quarterly),59.0
PH-2116,622306356,Thomas,Davidson,Emergency Medicine,T-010,Tracystad,MO,12,"Simon, Martin and Franklin Medical School",259.0,263.0,-1.520912547528517,54.0,20.84942084942085,10,5,4,6.7,Silver,4.5,C (Retain - Monthly),14.0
PH-2117,4104003273,Andrew,Goodwin,Family Practice,T-021,Katieburgh,VT,6,Torres-Neal Medical School,10.0,12.0,-16.666666666666664,5.0,50.0,4,3,9,5.199999999999999,Bronze,6.0,B (Grow - Bi-weekly),33.0
PH-2118,6352356118,Zachary,Mullins,Emergency Medicine,T-003,East Maryside,AL,10,"Cameron, Vincent and Chambers Medical School",79.0,132.0,-40.15151515151515,17.0,21.518987341772156,8,2,4,5.0,Bronze,3.0,C (Retain - Monthly),32.0
PH-2119,9586218531,Jennifer,Davis,Pulmonology,T-026,New Kathleen,NH,21,Pope-Johnson Medical School,112.0,114.0,-1.7543859649122806,31.0,27.67857142857143,9,5,5,6.6,Silver,5.0,C (Retain - Monthly),29.0
PH-2120,3666636947,Gregory,Jones,Pulmonology,T-038,East Robert,PR,26,Perkins-Ramirez Medical School,64.0,64.0,0.0,9.0,14.0625,8,6,3,5.9,Silver,4.5,C (Retain - Monthly),19.0
PH-2121,337902940,Marissa,Henry,Internal Medicine,T-015,West Cynthia,ID,16,"Newton, Keller and Moore Medical School",3.0,10.0,-70.0,0.0,0.0,2,1,2,1.7000000000000002,Bronze,1.5,D (Monitor - Quarterly),53.0
PH-2122,4527567195,Brandon,Drake,Cardiology,T-037,North Mike,NY,3,Peters-Bryant Medical School,120.0,142.0,-15.492957746478872,66.0,55.00000000000001,9,3,10,7.5,Gold,6.5,A (Protect - Weekly),12.0
PH-2123,1265249489,Charles,Kelly,Geriatrics,T-031,New Wesley,GA,13,Meadows Inc Medical School,80.0,48.0,66.66666666666666,18.0,22.5,8,9,4,7.1000000000000005,Gold,6.5,A (Protect - Weekly),10.0
PH-2124,5149777649,Christopher,Ross,Family Practice,T-021,South Mercedesmouth,MT,2,Taylor-Barrera Medical School,36.0,35.0,2.857142857142857,13.0,36.11111111111111,7,7,7,7.0,Gold,7.0,A (Protect - Weekly),16.0
PH-2125,2261954902,Anna,Hoffman,Pulmonology,T-038,Bettyport,ID,26,"Phelps, Olsen and Yang Medical School",11.0,8.0,37.5,3.0,27.27272727272727,4,9,5,5.8,Bronze,7.0,B (Grow - Bi-weekly),20.0
PH-2126,5776613886,Matthew,Morgan,Internal Medicine,T-038,Lake Patricialand,UT,25,Wheeler-Cortez Medical School,6.0,12.0,-50.0,2.0,33.33333333333333,3,1,7,3.6000000000000005,Bronze,4.0,D (Monitor - Quarterly),42.0
PH-2127,7832395936,Lindsay,Bradshaw,Geriatrics,T-008,Christophermouth,AK,33,Reyes-Hoffman Medical School,0.0,0.0,0.0,0.0,0.0,1,6,2,2.8,Bronze,4.0,D (Monitor - Quarterly),51.0
PH-2128,5360878072,Aaron,Taylor,Nephrology,T-038,Lake Jennifer,OH,21,"Garcia, Jones and Smith Medical School",18.0,22.0,-18.181818181818183,7.0,38.88888888888889,5,3,8,5.3,Bronze,5.5,D (Monitor - Quarterly),28.0
PH-2129,9966763720,James,Wallace,Internal Medicine,T-021,Kimhaven,IN,20,Ward-Webb Medical School,28.0,38.0,-26.31578947368421,9.0,32.142857142857146,6,2,6,4.800000000000001,Bronze,4.0,D (Monitor - Quarterly),38.0
PH-2130,7190565743,Brianna,Burns,Endocrinology,T-031,West Jorgemouth,ID,29,"Sanchez, Long and Swanson Medical School",11.0,12.0,-8.333333333333332,3.0,27.27272727272727,4,4,5,4.3,Bronze,4.5,D (Monitor - Quarterly),39.0
PH-2131,954688730,Kari,Holmes,Endocrinology,T-015,Fergusonton,PR,30,Rivera Inc Medical School,14.0,16.0,-12.5,3.0,21.428571428571427,5,3,4,4.1,Bronze,3.5,D (Monitor - Quarterly),44.0
PH-2132,2926625478,Patricia,Parks,Rheumatology,T-029,Zacharyport,AL,16,Chan Group Medical School,10.0,9.0,11.11111111111111,4.0,40.0,4,7,8,6.1,Silver,7.5,B (Grow - Bi-weekly),33.0
PH-2133,1597000190,Tammy,Schaefer,Geriatrics,T-037,Clarkhaven,MD,22,Long-Hardin Medical School,42.0,26.0,61.53846153846154,6.0,14.285714285714285,7,9,3,6.4,Silver,6.0,A (Protect - Weekly),24.0
PH-2134,3474369390,Angela,Hill,Hospitalist,T-040,North Autumn,MD,29,"Gray, Jones and Robinson Medical School",148.0,176.0,-15.909090909090908,21.0,14.18918918918919,9,3,3,5.4,Bronze,3.0,C (Retain - Monthly),30.0
PH-2135,1305428425,Crystal,Garcia,Cardiology,T-028,East Katelynport,VI,38,"Smith, Carter and Stanley Medical School",9.0,4.0,125.0,3.0,33.33333333333333,4,10,7,6.699999999999999,Silver,8.5,B (Grow - Bi-weekly),18.0
PH-2136,4125979990,Jessica,Perez,Internal Medicine,T-033,East Angela,VT,9,Shelton-Archer Medical School,14.0,20.0,-30.0,6.0,42.85714285714285,5,2,8,5.0,Bronze,5.0,D (Monitor - Quarterly),34.0
PH-2137,6606289513,Kimberly,Decker,Internal Medicine,T-027,Lake Jasonfort,OH,24,Ferguson LLC Medical School,8.0,1.0,700.0,2.0,25.0,3,10,5,5.7,Bronze,7.5,B (Grow - Bi-weekly),22.0
PH-2138,4308183632,Hannah,Carroll,Hospitalist,T-029,Lake Cindy,TX,28,Thornton-White Medical School,34.0,24.0,41.66666666666667,6.0,17.647058823529413,7,9,3,6.4,Silver,6.0,A (Protect - Weekly),30.0
PH-2139,6382071548,Christopher,Nguyen,Nephrology,T-023,East Mallory,CT,29,Hess PLC Medical School,44.0,55.0,-20.0,8.0,18.181818181818183,7,3,4,4.9,Bronze,3.5,C (Retain - Monthly),48.0
PH-2140,6057767719,Derrick,Bush,Pulmonology,T-007,Port Arthur,IN,36,Weeks PLC Medical School,183.0,270.0,-32.22222222222222,59.0,32.240437158469945,10,2,6,6.4,Silver,4.0,C (Retain - Monthly),17.0
PH-2141,7574058923,Erin,Smith,Internal Medicine,T-002,Smithmouth,NM,25,"Olson, Wheeler and Schneider Medical School",11.0,7.0,57.14285714285714,2.0,18.181818181818183,4,9,4,5.5,Bronze,6.5,B (Grow - Bi-weekly),35.0
PH-2142,4972655713,Sandra,Campbell,Rheumatology,T-027,Woodsview,UT,1,Davis-Mcgee Medical School,302.0,311.0,-2.893890675241157,89.0,29.47019867549669,10,4,6,7.0,Gold,5.0,C (Retain - Monthly),6.0
PH-2143,5375257448,Amanda,Bird,Cardiology,T-025,Donaldchester,SD,3,"Berry, Williams and Rodriguez Medical School",1.0,0.0,0.0,1.0,100.0,2,6,10,5.6,Bronze,8.0,B (Grow - Bi-weekly),25.0
PH-2144,8511156733,Amy,Cooper,Neurology,T-006,Steveport,WA,2,Snyder-Johnson Medical School,31.0,30.0,3.333333333333333,10.0,32.25806451612903,6,7,6,6.3,Silver,6.5,B (Grow - Bi-weekly),25.0
PH-2145,5068098383,Victoria,Villarreal,Cardiology,T-018,West Ryan,UT,23,Thompson Group Medical School,0.0,0.0,0.0,0.0,0.0,1,6,2,2.8,Bronze,4.0,D (Monitor - Quarterly),49.0
PH-2146,5860345633,Melissa,Waters,Oncology,T-022,East Kevin,FM,37,Taylor-Hammond Medical School,152.0,154.0,-1.2987012987012987,39.0,25.657894736842103,9,5,5,6.6,Silver,5.0,C (Retain - Monthly),22.0
PH-2147,7051557826,James,Stephens,Family Practice,T-024,Port Gabriel,KY,20,"Stevenson, Odonnell and Marshall Medical School",22.0,33.0,-33.33333333333333,7.0,31.818181818181817,6,2,6,4.800000000000001,Bronze,4.0,D (Monitor - Quarterly),35.0
PH-2148,6186286974,Timothy,Cummings,Neurology,T-017,East Cynthia,AK,1,Cohen LLC Medical School,40.0,34.0,17.647058823529413,12.0,30.0,7,8,6,7.0,Gold,7.0,A (Protect - Weekly),19.0
PH-2149,4787268193,Samantha,Hogan,Cardiology,T-030,East Jennifer,KY,3,Ingram Ltd Medical School,156.0,125.0,24.8,85.0,54.48717948717948,9,8,10,9.0,Platinum,9.0,A (Protect - Weekly),1.0
PH-2150,2328062539,John,Oconnor,Gastroenterology,T-011,Joshuastad,KY,24,Bridges PLC Medical School,5.0,1.0,400.0,0.0,0.0,3,10,2,4.8,Bronze,6.0,B (Grow - Bi-weekly),34.0
PH-2151,2588314003,Michael,Walker,Internal Medicine,T-026,East William,NE,13,Lee-Contreras Medical School,0.0,0.0,0.0,0.0,0.0,1,6,2,2.8,Bronze,4.0,D (Monitor - Quarterly),52.0
PH-2152,9047986571,Ronald,Mcguire,Internal Medicine,T-010,Penaland,ID,35,Chan LLC Medical School,164.0,164.0,0.0,73.0,44.51219512195122,9,6,9,8.1,Platinum,7.5,A (Protect - Weekly),5.0
PH-2153,862868564,Susan,Clark,General Practice,T-036,Hugheshaven,GU,16,"Thompson, Smith and Jackson Medical School",3.0,14.0,-78.57142857142857,1.0,33.33333333333333,2,1,7,3.2,Bronze,4.0,D (Monitor - Quarterly),49.0
PH-2154,5872894673,Phillip,Miller,Internal Medicine,T-017,East Allen,OH,15,Hughes-Garcia Medical School,2.0,2.0,0.0,2.0,100.0,2,6,10,5.6,Bronze,8.0,B (Grow - Bi-weekly),42.0
PH-2155,2628033649,Brandon,Bryan,Internal Medicine,T-034,Kristafort,LA,11,"Miller, Davis and Roman Medical School",19.0,19.0,0.0,4.0,21.052631578947366,5,6,4,5.0,Bronze,5.0,D (Monitor - Quarterly),41.0
PH-2156,3430310166,Jimmy,Bennett,Oncology,T-026,Port Tasha,NC,4,Cox-Flores Medical School,45.0,17.0,164.70588235294116,20.0,44.44444444444444,7,10,9,8.5,Platinum,9.5,A (Protect - Weekly),5.0
PH-2157,1408579622,Patty,Bell,Family Practice,T-035,Lake Aaronport,NC,13,Miller-Reyes Medical School,0.0,0.0,0.0,0.0,0.0,1,6,2,2.8,Bronze,4.0,D (Monitor - Quarterly),51.0
PH-2158,6002604690,Dana,Ramos,General Practice,T-018,Jamesville,PW,34,"James, Hoover and Valenzuela Medical School",12.0,5.0,140.0,2.0,16.666666666666664,4,10,3,5.5,Bronze,6.5,B (Grow - Bi-weekly),29.0
PH-2159,4106678845,Valerie,Russo,Internal Medicine,T-023,Port Maria,PW,7,Jordan Inc Medical School,0.0,0.0,0.0,0.0,0.0,1,6,2,2.8,Bronze,4.0,D (Monitor - Quarterly),66.0
PH-2160,2423893544,Melanie,Smith,Internal Medicine,T-003,Port Carlostown,TX,12,Avila-Jensen Medical School,15.0,13.0,15.384615384615383,5.0,33.33333333333333,5,8,7,6.5,Silver,7.5,B (Grow - Bi-weekly),21.0
PH-2161,5023050667,Clinton,Fernandez,Internal Medicine,T-026,East Diane,WI,33,Porter Inc Medical School,206.0,187.0,10.16042780748663,89.0,43.203883495145625,10,7,8,8.5,Platinum,7.5,A (Protect - Weekly),6.0
PH-2162,4795541298,Heather,Carter,Cardiology,T-015,East Adam,WY,2,Romero Ltd Medical School,1169.0,1198.0,-2.4207011686143574,531.0,45.42343883661249,10,4,9,7.9,Platinum,6.5,A (Protect - Weekly),3.0
PH-2163,8152089521,Megan,Salas,Emergency Medicine,T-007,North Teresaburgh,MT,32,"Jordan, Cook and Williams Medical School",36.0,30.0,20.0,6.0,16.666666666666664,7,8,3,6.1,Silver,5.5,C (Retain - Monthly),23.0
PH-2164,5073249139,Kenneth,Brown,Hospitalist,T-036,West Brandon,WV,32,Tucker PLC Medical School,2.0,5.0,-60.0,0.0,0.0,2,1,2,1.7000000000000002,Bronze,1.5,D (Monitor - Quarterly),60.0
PH-2165,6238384403,Timothy,Long,Pulmonology,T-001,Jasonshire,OR,35,Moore-Simon Medical School,152.0,178.0,-14.606741573033707,54.0,35.526315789473685,9,3,7,6.6,Silver,5.0,C (Retain - Monthly),27.0
PH-2166,5803308641,Karl,Jenkins,Internal Medicine,T-036,Port David,SD,25,Robertson Inc Medical School,27.0,23.0,17.391304347826086,1.0,3.7037037037037033,6,8,3,5.700000000000001,Bronze,5.5,D (Monitor - Quarterly),30.0
PH-2167,5048715905,David,Martinez,Endocrinology,T-019,South Tracy,CT,1,Mendez Group Medical School,9.0,0.0,0.0,3.0,33.33333333333333,4,6,7,5.5,Bronze,6.5,B (Grow - Bi-weekly),37.0
PH-2168,4447939117,David,Ayers,Cardiology,T-022,North Jamesview,MI,24,Rice-Preston Medical School,299.0,317.0,-5.678233438485805,126.0,42.14046822742475,10,4,8,7.6,Gold,6.0,A (Protect - Weekly),5.0
PH-2169,4865737449,Nicholas,Bennett,Neurology,T-037,South Derekfurt,MS,36,"Brown, Carter and Keith Medical School",69.0,52.0,32.69230769230769,15.0,21.73913043478261,8,8,4,6.8,Silver,6.0,A (Protect - Weekly),20.0
PH-2170,7412081803,Samuel,Wheeler,Internal Medicine,T-036,West Mary,DC,18,"Gregory, Richards and Campbell Medical School",63.0,67.0,-5.970149253731343,24.0,38.095238095238095,8,4,8,6.800000000000001,Silver,6.0,A (Protect - Weekly),16.0
PH-2171,4393516026,Cathy,Erickson,Family Practice,T-018,Mccannstad,DC,22,"Hull, Barnes and Roberts Medical School",66.0,50.0,32.0,16.0,24.24242424242424,8,8,5,7.1,Gold,6.5,A (Protect - Weekly),14.0
PH-2172,8031636781,Steve,Hernandez,Internal Medicine,T-036,East Matthewfort,MS,39,Moore-Greer Medical School,1.0,8.0,-87.5,0.0,0.0,2,1,2,1.7000000000000002,Bronze,1.5,D (Monitor - Quarterly),61.0
PH-2173,8393039539,Michael,Yang,Cardiology,T-029,Williamsside,MI,26,White PLC Medical School,5.0,12.0,-58.333333333333336,1.0,20.0,3,1,4,2.7,Bronze,2.5,D (Monitor - Quarterly),52.0
PH-2174,7340114997,Mary,Torres,Family Practice,T-016,Josephfort,ID,31,"Booth, Cole and Ford Medical School",69.0,46.0,50.0,28.0,40.57971014492754,8,9,8,8.3,Platinum,8.5,A (Protect - Weekly),3.0
PH-2175,4990967819,Kyle,Carson,Internal Medicine,T-031,Davilamouth,OK,14,Bautista-Hall Medical School,8.0,10.0,-20.0,0.0,0.0,3,3,2,2.7,Bronze,2.5,D (Monitor - Quarterly),47.0
PH-2176,6103405736,Amber,Sweeney,Family Practice,T-002,North Apriltown,LA,14,Thornton Group Medical School,17.0,18.0,-5.555555555555555,8.0,47.05882352941176,5,4,9,5.9,Silver,6.5,B (Grow - Bi-weekly),31.0
PH-2177,5694307218,Donna,Hunter,General Practice,T-035,Phamchester,OK,39,"Garcia, Flores and Ford Medical School",70.0,76.0,-7.894736842105263,13.0,18.571428571428573,8,4,4,5.6000000000000005,Bronze,4.0,C (Retain - Monthly),31.0
PH-2178,3634110485,Scott,Peters,Internal Medicine,T-020,Coleville,FL,2,Murphy-Woods Medical School,77.0,94.0,-18.08510638297873,25.0,32.467532467532465,8,3,6,5.9,Silver,4.5,C (Retain - Monthly),26.0
PH-2179,2818291278,Cindy,Abbott,Cardiology,T-019,Rhondaburgh,KS,37,"Moses, Aguilar and Weber Medical School",17.0,29.0,-41.37931034482759,0.0,0.0,5,1,2,2.9,Bronze,1.5,D (Monitor - Quarterly),53.0
PH-2180,6084158553,Steven,Perez,Oncology,T-004,Jasonchester,IL,12,Moreno LLC Medical School,71.0,65.0,9.230769230769232,14.0,19.718309859154928,8,7,4,6.500000000000001,Silver,5.5,C (Retain - Monthly),20.0
PH-2181,9670716944,Amy,Weeks,Family Practice,T-014,West Karatown,AL,12,Francis LLC Medical School,113.0,126.0,-10.317460317460316,42.0,37.16814159292036,9,4,7,6.9,Silver,5.5,C (Retain - Monthly),18.0
PH-2182,756023106,Larry,Rowe,Internal Medicine,T-017,Mackfort,GA,32,"Jenkins, Yang and Thompson Medical School",50.0,42.0,19.047619047619047,19.0,38.0,8,8,8,8.0,Platinum,8.0,A (Protect - Weekly),6.0
PH-2183,8854273449,Jennifer,Johnston,Hospitalist,T-017,Port Nicholas,AS,5,"Gillespie, Castillo and Lee Medical School",7.0,5.0,40.0,3.0,42.85714285714285,3,9,8,6.3,Silver,8.5,B (Grow - Bi-weekly),32.0
PH-2184,6654758783,Stephanie,Washington,Geriatrics,T-009,North Marymouth,ID,33,"Garner, Thomas and Holland Medical School",3.0,10.0,-70.0,0.0,0.0,2,1,2,1.7000000000000002,Bronze,1.5,D (Monitor - Quarterly),52.0
PH-2185,9067718536,Aaron,Reid,Family Practice,T-018,Robertsbury,UT,9,Scott and Sons Medical School,12.0,12.0,0.0,8.0,66.66666666666666,4,6,10,6.4,Silver,8.0,B (Grow - Bi-weekly),19.0
PH-2186,5600413166,Melanie,Marshall,Internal Medicine,T-029,South Kimberly,AL,14,Rodriguez-Moore Medical School,5.0,1.0,400.0,0.0,0.0,3,10,3,5.1,Bronze,6.5,B (Grow - Bi-weekly),37.0
PH-2187,7971763506,Morgan,Juarez,Family Practice,T-006,Lake Stephen,OK,29,"Lawson, Johnson and Phillips Medical School",6.0,12.0,-50.0,2.0,33.33333333333333,3,1,7,3.6000000000000005,Bronze,4.0,D (Monitor - Quarterly),45.0
PH-2188,8817676227,Austin,Rojas,Pulmonology,T-004,Johnland,MO,18,"Riggs, Hall and Jones Medical School",10.0,1.0,900.0,0.0,0.0,4,10,3,5.5,Bronze,6.5,B (Grow - Bi-weekly),31.0
PH-2189,8464725604,Patrick,Mcdonald,Family Practice,T-039,Lake Bradley,IL,16,Oliver-Myers Medical School,16.0,25.0,-36.0,9.0,56.25,5,2,10,5.6,Bronze,6.0,B (Grow - Bi-weekly),23.0
PH-2190,1550261340,Jacqueline,Pitts,Hospitalist,T-003,Perezberg,FL,38,"Brown, Cervantes and Reynolds Medical School",154.0,180.0,-14.444444444444445,26.0,16.883116883116884,9,3,3,5.4,Bronze,3.0,C (Retain - Monthly),31.0
PH-2191,7665405324,Eric,Bonilla,Cardiology,T-018,Lake Michelleshire,KY,20,Rogers Ltd Medical School,0.0,0.0,0.0,0.0,0.0,1,6,3,3.1,Bronze,4.5,D (Monitor - Quarterly),44.0
PH-2192,2861780581,John,Rasmussen,Oncology,T-025,West Shawnburgh,DE,38,Gray Group Medical School,57.0,48.0,18.75,21.0,36.84210526315789,8,8,7,7.699999999999999,Gold,7.5,A (Protect - Weekly),10.0
PH-2193,8864555261,Leslie,Johnson,Cardiology,T-014,Lake Michaelstad,NM,33,Diaz and Sons Medical School,57.0,73.0,-21.91780821917808,30.0,52.63157894736842,8,3,9,6.799999999999999,Silver,6.0,A (Protect - Weekly),21.0
PH-2194,9508687441,David,Lee,Hospitalist,T-037,Riosmouth,OH,8,Carlson-Sawyer Medical School,0.0,0.0,0.0,0.0,0.0,1,6,3,3.1,Bronze,4.5,D (Monitor - Quarterly),46.0
PH-2195,3560062551,Michael,Olson,Endocrinology,T-005,Nealstad,CA,5,"Gonzalez, Rich and King Medical School",218.0,191.0,14.136125654450264,55.0,25.229357798165136,10,7,5,7.6,Gold,6.0,A (Protect - Weekly),8.0
PH-2196,5312734458,Deborah,Caldwell,General Practice,T-009,Hendersonburgh,DE,32,Hurley Group Medical School,30.0,23.0,30.434782608695656,7.0,23.33333333333333,6,8,4,6.000000000000001,Silver,6.0,B (Grow - Bi-weekly),22.0
PH-2197,1646152653,Edward,Thomas,Rheumatology,T-003,Rebeccamouth,AZ,30,"Rhodes, Davis and Mayo Medical School",15.0,10.0,50.0,0.0,0.0,5,9,3,5.6,Bronze,6.0,B (Grow - Bi-weekly),30.0
PH-2198,1481297198,Amanda,Williams,Internal Medicine,T-029,Johnport,OH,3,"Duran, Lin and Luna Medical School",70.0,78.0,-10.256410256410255,28.0,40.0,8,4,8,6.800000000000001,Silver,6.0,A (Protect - Weekly),24.0
PH-2199,1268179300,Adriana,Smith,Internal Medicine,T-030,West Melissahaven,AZ,9,"Martinez, Smith and Robinson Medical School",2.0,18.0,-88.88888888888889,0.0,0.0,2,1,3,2.0,Bronze,2.0,D (Monitor - Quarterly),50.0
PH-2200,508105635,Susan,Holmes,Family Practice,T-003,Patrickshire,OR,4,Walters Inc Medical School,59.0,49.0,20.40816326530612,15.0,25.42372881355932,8,8,5,7.1,Gold,6.5,A (Protect - Weekly),17.0
